datetime,ghi,estimator,location
2023-09-01,7064.093,camsrad,egypt_location1
2023-09-02,7397.833,camsrad,egypt_location1
2023-09-03,7129.047,camsrad,egypt_location1
2023-09-04,7328.903,camsrad,egypt_location1
2023-09-05,7287.53,camsrad,egypt_location1
2023-09-06,7202.944,camsrad,egypt_location1
2023-09-07,7034.856,camsrad,egypt_location1
2023-09-08,6817.514,camsrad,egypt_location1
2023-09-09,6931.477,camsrad,egypt_location1
2023-09-10,6967.114,camsrad,egypt_location1
2023-09-11,6599.976,camsrad,egypt_location1
2023-09-12,4685.399,camsrad,egypt_location1
2023-09-13,4086.921,camsrad,egypt_location1
2023-09-14,7070.368,camsrad,egypt_location1
2023-09-15,7171.966,camsrad,egypt_location1
2023-09-16,7028.925,camsrad,egypt_location1
2023-09-17,7082.129,camsrad,egypt_location1
2023-09-18,6917.363,camsrad,egypt_location1
2023-09-19,6756.552,camsrad,egypt_location1
2023-09-20,6614.383,camsrad,egypt_location1
2023-09-21,6746.178,camsrad,egypt_location1
2023-09-22,6775.261,camsrad,egypt_location1
2023-09-23,6707.728,camsrad,egypt_location1
2023-09-24,6752.858,camsrad,egypt_location1
2023-09-25,6770.996,camsrad,egypt_location1
2023-09-26,6714.275,camsrad,egypt_location1
2023-09-27,6672.106,camsrad,egypt_location1
2023-09-28,6294.708,camsrad,egypt_location1
2023-09-29,6386.609,camsrad,egypt_location1
2023-09-30,5445.874,camsrad,egypt_location1
2023-10-01,3081.807,camsrad,egypt_location1
2023-10-02,2378.789,camsrad,egypt_location1
2023-10-03,2202.656,camsrad,egypt_location1
2023-10-04,4386.468,camsrad,egypt_location1
2023-10-05,4108.414,camsrad,egypt_location1
2023-10-06,5664.364,camsrad,egypt_location1
2023-10-07,4917.867,camsrad,egypt_location1
2023-10-08,5656.323,camsrad,egypt_location1
2023-10-09,3679.691,camsrad,egypt_location1
2023-10-10,5853.668,camsrad,egypt_location1
2023-10-11,5348.738,camsrad,egypt_location1
2023-10-12,5750.724,camsrad,egypt_location1
2023-10-13,5683.544,camsrad,egypt_location1
2023-10-14,4398.007,camsrad,egypt_location1
2023-10-15,4462.08,camsrad,egypt_location1
2023-10-16,5415.6,camsrad,egypt_location1
2023-10-17,4734.595,camsrad,egypt_location1
2023-10-18,4967.038,camsrad,egypt_location1
2023-10-19,5401.437,camsrad,egypt_location1
2023-10-20,5574.542,camsrad,egypt_location1
2023-10-21,5199.556,camsrad,egypt_location1
2023-10-22,5312.611,camsrad,egypt_location1
2023-10-23,5067.373,camsrad,egypt_location1
2023-10-24,4929.585,camsrad,egypt_location1
2023-10-25,5168.28,camsrad,egypt_location1
2023-10-26,5159.783,camsrad,egypt_location1
2023-10-27,1956.743,camsrad,egypt_location1
2023-10-28,4515.794,camsrad,egypt_location1
2023-10-29,4597.681,camsrad,egypt_location1
2023-10-30,4446.344,camsrad,egypt_location1
2023-10-31,4040.927,camsrad,egypt_location1
2023-11-01,4646.951,camsrad,egypt_location1
2023-11-02,4518.628,camsrad,egypt_location1
2023-11-03,4708.803,camsrad,egypt_location1
2023-11-04,4777.936,camsrad,egypt_location1
2023-11-05,4708.841,camsrad,egypt_location1
2023-11-06,4943.991,camsrad,egypt_location1
2023-11-07,4890.088,camsrad,egypt_location1
2023-11-08,4770.124,camsrad,egypt_location1
2023-11-09,4700.25,camsrad,egypt_location1
2023-11-10,4551.929,camsrad,egypt_location1
2023-11-11,2224.115,camsrad,egypt_location1
2023-11-12,2734.614,camsrad,egypt_location1
2023-11-13,4256.268,camsrad,egypt_location1
2023-11-14,3951.404,camsrad,egypt_location1
2023-11-15,4162.605,camsrad,egypt_location1
2023-11-16,4500.819,camsrad,egypt_location1
2023-11-17,4397.643,camsrad,egypt_location1
2023-11-18,4019.708,camsrad,egypt_location1
2023-11-19,2290.559,camsrad,egypt_location1
2023-11-20,3570.746,camsrad,egypt_location1
2023-11-21,4437.755,camsrad,egypt_location1
2023-11-22,2430.197,camsrad,egypt_location1
2023-11-23,4310.196,camsrad,egypt_location1
2023-11-24,4215.166,camsrad,egypt_location1
2023-11-25,2299.518,camsrad,egypt_location1
2023-11-26,4185.29,camsrad,egypt_location1
2023-11-27,3499.907,camsrad,egypt_location1
2023-11-28,3086.903,camsrad,egypt_location1
2023-11-29,4185.577,camsrad,egypt_location1
2023-11-30,4199.789,camsrad,egypt_location1
2023-12-01,3864.218,camsrad,egypt_location1
2023-12-02,3835.153,camsrad,egypt_location1
2023-12-03,3979.852,camsrad,egypt_location1
2023-12-04,3866.926,camsrad,egypt_location1
2023-12-05,3063.282,camsrad,egypt_location1
2023-12-06,3404.919,camsrad,egypt_location1
2023-12-07,3334.417,camsrad,egypt_location1
2023-12-08,2820.277,camsrad,egypt_location1
2023-12-09,3048.41,camsrad,egypt_location1
2023-12-10,2900.893,camsrad,egypt_location1
2023-12-11,3569.572,camsrad,egypt_location1
2023-12-12,3522.261,camsrad,egypt_location1
2023-12-13,2449.368,camsrad,egypt_location1
2023-12-14,3876.628,camsrad,egypt_location1
2023-12-15,4035.76,camsrad,egypt_location1
2023-12-16,4001.991,camsrad,egypt_location1
2023-12-17,3487.754,camsrad,egypt_location1
2023-12-18,3832.525,camsrad,egypt_location1
2023-12-19,3867.235,camsrad,egypt_location1
2023-12-20,1998.534,camsrad,egypt_location1
2023-12-21,1503.188,camsrad,egypt_location1
2023-12-22,3439.768,camsrad,egypt_location1
2023-12-23,3233.33,camsrad,egypt_location1
2023-12-24,1959.662,camsrad,egypt_location1
2023-12-25,3776.743,camsrad,egypt_location1
2023-12-26,3863.321,camsrad,egypt_location1
2023-12-27,3333.463,camsrad,egypt_location1
2023-12-28,2752.964,camsrad,egypt_location1
2023-12-29,3685.084,camsrad,egypt_location1
2023-12-30,3903.141,camsrad,egypt_location1
2023-12-31,3649.609,camsrad,egypt_location1
2024-01-01,3712.784,camsrad,egypt_location1
2024-01-02,2905.486,camsrad,egypt_location1
2024-01-03,3961.633,camsrad,egypt_location1
2024-01-04,3918.624,camsrad,egypt_location1
2024-01-05,4114.154,camsrad,egypt_location1
2024-01-06,4096.594,camsrad,egypt_location1
2024-01-07,4143.684,camsrad,egypt_location1
2024-01-08,3930.234,camsrad,egypt_location1
2024-01-09,3967.917,camsrad,egypt_location1
2024-01-10,4005.528,camsrad,egypt_location1
2024-01-11,2333.54,camsrad,egypt_location1
2024-01-12,4235.593,camsrad,egypt_location1
2024-01-13,4100.318,camsrad,egypt_location1
2024-01-14,1588.847,camsrad,egypt_location1
2024-01-15,4244.218,camsrad,egypt_location1
2024-01-16,4281.553,camsrad,egypt_location1
2024-01-17,3925.714,camsrad,egypt_location1
2024-01-18,4091.951,camsrad,egypt_location1
2024-01-19,4267.684,camsrad,egypt_location1
2024-01-20,4163.017,camsrad,egypt_location1
2024-01-21,3661.18,camsrad,egypt_location1
2024-01-22,4004.108,camsrad,egypt_location1
2024-01-23,2981.626,camsrad,egypt_location1
2024-01-24,2379.978,camsrad,egypt_location1
2024-01-25,3023.638,camsrad,egypt_location1
2024-01-26,3257.258,camsrad,egypt_location1
2024-01-27,3290.166,camsrad,egypt_location1
2024-01-28,3248.606,camsrad,egypt_location1
2024-01-29,3538.61,camsrad,egypt_location1
2024-01-30,3867.358,camsrad,egypt_location1
2024-01-31,3535.817,camsrad,egypt_location1
2024-02-01,3776.08,camsrad,egypt_location1
2024-02-02,2582.922,camsrad,egypt_location1
2024-02-03,4901.239,camsrad,egypt_location1
2024-02-04,4724.919,camsrad,egypt_location1
2024-02-05,3874.909,camsrad,egypt_location1
2024-02-06,4986.286,camsrad,egypt_location1
2024-02-07,5122.28,camsrad,egypt_location1
2024-02-08,5176.305,camsrad,egypt_location1
2024-02-09,5130.106,camsrad,egypt_location1
2024-02-10,5230.518,camsrad,egypt_location1
2024-02-11,5337.166,camsrad,egypt_location1
2024-02-12,2342.858,camsrad,egypt_location1
2024-02-13,2861.214,camsrad,egypt_location1
2024-02-14,3441.58,camsrad,egypt_location1
2024-02-15,3294.166,camsrad,egypt_location1
2024-02-16,4152.584,camsrad,egypt_location1
2024-02-17,4362.414,camsrad,egypt_location1
2024-02-18,4206.523,camsrad,egypt_location1
2024-02-19,3000.453,camsrad,egypt_location1
2024-02-20,5679.441,camsrad,egypt_location1
2024-02-21,5603.642,camsrad,egypt_location1
2024-02-22,5202.825,camsrad,egypt_location1
2024-02-23,2077.247,camsrad,egypt_location1
2024-02-24,5019.095,camsrad,egypt_location1
2024-02-25,5898.84,camsrad,egypt_location1
2024-02-26,5652.324,camsrad,egypt_location1
2024-02-27,4806.492,camsrad,egypt_location1
2024-02-28,5714.267,camsrad,egypt_location1
2024-02-29,6049.699,camsrad,egypt_location1
2024-03-01,5392.945,camsrad,egypt_location1
2024-03-02,5937.234,camsrad,egypt_location1
2024-03-03,6013.237,camsrad,egypt_location1
2024-03-04,6209.854,camsrad,egypt_location1
2024-03-05,6277.136,camsrad,egypt_location1
2024-03-06,6201.44,camsrad,egypt_location1
2024-03-07,4558.328,camsrad,egypt_location1
2024-03-08,6342.279,camsrad,egypt_location1
2024-03-09,5244.034,camsrad,egypt_location1
2024-03-10,6444.739,camsrad,egypt_location1
2024-03-11,6755.232,camsrad,egypt_location1
2024-03-12,6852.428,camsrad,egypt_location1
2024-03-13,6591.348,camsrad,egypt_location1
2024-03-14,6056.222,camsrad,egypt_location1
2024-03-15,6561.104,camsrad,egypt_location1
2024-03-16,3209.804,camsrad,egypt_location1
2024-03-17,4574.934,camsrad,egypt_location1
2024-03-18,1469.858,camsrad,egypt_location1
2024-03-19,4405.085,camsrad,egypt_location1
2024-03-20,6792.601,camsrad,egypt_location1
2024-03-21,6414.636,camsrad,egypt_location1
2024-03-22,7118.324,camsrad,egypt_location1
2024-03-23,6844.491,camsrad,egypt_location1
2024-03-24,3272.803,camsrad,egypt_location1
2024-03-25,6892.079,camsrad,egypt_location1
2024-03-26,6525.421,camsrad,egypt_location1
2024-03-27,6016.081,camsrad,egypt_location1
2024-03-28,3533.177,camsrad,egypt_location1
2024-03-29,5038.584,camsrad,egypt_location1
2024-03-30,6509.535,camsrad,egypt_location1
2024-03-31,6691.496,camsrad,egypt_location1
2024-04-01,6191.562,camsrad,egypt_location1
2024-04-02,6914.621,camsrad,egypt_location1
2024-04-03,7221.009,camsrad,egypt_location1
2024-04-04,7471.933,camsrad,egypt_location1
2024-04-05,7212.408,camsrad,egypt_location1
2024-04-06,7646.313,camsrad,egypt_location1
2024-04-07,7168.084,camsrad,egypt_location1
2024-04-08,6622.942,camsrad,egypt_location1
2024-04-09,5276.922,camsrad,egypt_location1
2024-04-10,7626.847,camsrad,egypt_location1
2024-04-11,7685.611,camsrad,egypt_location1
2024-04-12,7760.357,camsrad,egypt_location1
2024-04-13,7636.088,camsrad,egypt_location1
2024-04-14,7511.894,camsrad,egypt_location1
2024-04-15,7656.513,camsrad,egypt_location1
2024-04-16,7741.61,camsrad,egypt_location1
2024-04-17,7834.56,camsrad,egypt_location1
2024-04-18,6812.837,camsrad,egypt_location1
2024-04-19,7742.953,camsrad,egypt_location1
2024-04-20,7576.832,camsrad,egypt_location1
2024-04-21,7848.695,camsrad,egypt_location1
2024-04-22,7645.198,camsrad,egypt_location1
2024-04-23,6916.367,camsrad,egypt_location1
2024-04-24,7775.753,camsrad,egypt_location1
2024-04-25,4086.543,camsrad,egypt_location1
2024-04-26,6213.631,camsrad,egypt_location1
2024-04-27,7102.708,camsrad,egypt_location1
2024-04-28,6932.726,camsrad,egypt_location1
2024-04-29,7647.52,camsrad,egypt_location1
2024-04-30,8061.007,camsrad,egypt_location1
2024-05-01,7657.839,camsrad,egypt_location1
2024-05-02,7986.962,camsrad,egypt_location1
2024-05-03,7928.087,camsrad,egypt_location1
2024-05-04,8135.819,camsrad,egypt_location1
2024-05-05,8163.456,camsrad,egypt_location1
2024-05-06,6009.221,camsrad,egypt_location1
2024-05-07,8590.48,camsrad,egypt_location1
2024-05-08,8723.999,camsrad,egypt_location1
2024-05-09,8213.586,camsrad,egypt_location1
2024-05-10,5228.273,camsrad,egypt_location1
2024-05-11,7066.238,camsrad,egypt_location1
2024-05-12,7484.417,camsrad,egypt_location1
2024-05-13,8017.196,camsrad,egypt_location1
2024-05-14,8541.976,camsrad,egypt_location1
2024-05-15,8277.009,camsrad,egypt_location1
2024-05-16,8402.243,camsrad,egypt_location1
2024-05-17,7758.209,camsrad,egypt_location1
2024-05-18,7455.421,camsrad,egypt_location1
2024-05-19,6354.174,camsrad,egypt_location1
2024-05-20,6999.621,camsrad,egypt_location1
2024-05-21,7358.379,camsrad,egypt_location1
2024-05-22,7845.694,camsrad,egypt_location1
2024-05-23,7439.117,camsrad,egypt_location1
2024-05-24,8699.566,camsrad,egypt_location1
2024-05-25,8536.097,camsrad,egypt_location1
2024-05-26,7329.035,camsrad,egypt_location1
2024-05-27,7261.357,camsrad,egypt_location1
2024-05-28,5548.752,camsrad,egypt_location1
2024-05-29,8621.676,camsrad,egypt_location1
2024-05-30,8495.144,camsrad,egypt_location1
2024-05-31,7638.96,camsrad,egypt_location1
2024-06-01,8206.748,camsrad,egypt_location1
2024-06-02,8641.38,camsrad,egypt_location1
2024-06-03,8411.181,camsrad,egypt_location1
2024-06-04,8467.534,camsrad,egypt_location1
2024-06-05,8517.794,camsrad,egypt_location1
2024-06-06,8605.171,camsrad,egypt_location1
2024-06-07,8543.894,camsrad,egypt_location1
2024-06-08,8436.233,camsrad,egypt_location1
2024-06-09,8624.094,camsrad,egypt_location1
2024-06-10,8500.714,camsrad,egypt_location1
2024-06-11,8667.57,camsrad,egypt_location1
2024-06-12,8823.02,camsrad,egypt_location1
2024-06-13,8725.862,camsrad,egypt_location1
2024-06-14,8596.849,camsrad,egypt_location1
2024-06-15,8316.292,camsrad,egypt_location1
2024-06-16,8374.266,camsrad,egypt_location1
2024-06-17,8854.657,camsrad,egypt_location1
2024-06-18,8545.548,camsrad,egypt_location1
2024-06-19,8705.512,camsrad,egypt_location1
2024-06-20,8657.316,camsrad,egypt_location1
2024-06-21,8544.144,camsrad,egypt_location1
2024-06-22,8455.604,camsrad,egypt_location1
2024-06-23,8529.622,camsrad,egypt_location1
2024-06-24,8384.866,camsrad,egypt_location1
2024-06-25,8396.138,camsrad,egypt_location1
2024-06-26,8757.393,camsrad,egypt_location1
2024-06-27,8684.308,camsrad,egypt_location1
2024-06-28,8646.522,camsrad,egypt_location1
2024-06-29,8490.487,camsrad,egypt_location1
2024-06-30,8416.884,camsrad,egypt_location1
2024-07-01,8346.852,camsrad,egypt_location1
2024-07-02,8675.677,camsrad,egypt_location1
2024-07-03,8551.86,camsrad,egypt_location1
2024-07-04,8064.865,camsrad,egypt_location1
2024-07-05,8126.64,camsrad,egypt_location1
2024-07-06,8076.403,camsrad,egypt_location1
2024-07-07,8458.188,camsrad,egypt_location1
2024-07-08,8503.142,camsrad,egypt_location1
2024-07-09,8265.28,camsrad,egypt_location1
2024-07-10,8107.118,camsrad,egypt_location1
2024-07-11,7050.873,camsrad,egypt_location1
2024-07-12,7781.61,camsrad,egypt_location1
2024-07-13,8305.656,camsrad,egypt_location1
2024-07-14,8271.305,camsrad,egypt_location1
2024-07-15,8058.68,camsrad,egypt_location1
2024-07-16,8458.318,camsrad,egypt_location1
2024-07-17,8048.301,camsrad,egypt_location1
2024-07-18,8100.331,camsrad,egypt_location1
2024-07-19,8493.571,camsrad,egypt_location1
2024-07-20,8465.699,camsrad,egypt_location1
2024-07-21,7693.862,camsrad,egypt_location1
2024-07-22,8250.109,camsrad,egypt_location1
2024-07-23,8307.663,camsrad,egypt_location1
2024-07-24,8180.604,camsrad,egypt_location1
2024-07-25,7822.451,camsrad,egypt_location1
2024-07-26,7932.169,camsrad,egypt_location1
2024-07-27,8024.009,camsrad,egypt_location1
2024-07-28,8015.363,camsrad,egypt_location1
2024-07-29,8263.273,camsrad,egypt_location1
2024-07-30,8277.242,camsrad,egypt_location1
2024-07-31,8063.931,camsrad,egypt_location1
2024-08-01,7865.233,camsrad,egypt_location1
2024-08-02,7794.471,camsrad,egypt_location1
2024-08-03,7849.717,camsrad,egypt_location1
2024-08-04,8042.721,camsrad,egypt_location1
2024-08-05,8280.903,camsrad,egypt_location1
2024-08-06,8141.664,camsrad,egypt_location1
2024-08-07,8070.972,camsrad,egypt_location1
2024-08-08,8054.343,camsrad,egypt_location1
2024-08-09,7971.544,camsrad,egypt_location1
2024-08-10,7552.509,camsrad,egypt_location1
2024-08-11,7947.54,camsrad,egypt_location1
2024-08-12,7794.225,camsrad,egypt_location1
2024-08-13,7333.758,camsrad,egypt_location1
2024-08-14,7499.825,camsrad,egypt_location1
2024-08-15,7658.835,camsrad,egypt_location1
2024-08-16,7877.68,camsrad,egypt_location1
2024-08-17,7792.865,camsrad,egypt_location1
2024-08-18,7585.315,camsrad,egypt_location1
2024-08-19,7612.126,camsrad,egypt_location1
2024-08-20,7905.112,camsrad,egypt_location1
2024-08-21,7845.667,camsrad,egypt_location1
2024-08-22,7713.084,camsrad,egypt_location1
2024-08-23,7359.14,camsrad,egypt_location1
2024-08-24,7282.156,camsrad,egypt_location1
2024-08-25,7332.331,camsrad,egypt_location1
2024-08-26,7330.434,camsrad,egypt_location1
2024-08-27,7263.954,camsrad,egypt_location1
2024-08-28,5414.112,camsrad,egypt_location1
2024-08-29,6407.064,camsrad,egypt_location1
2024-08-30,7299.662,camsrad,egypt_location1
2024-08-31,7229.902,camsrad,egypt_location1
2024-09-01,7008.94,camsrad,egypt_location1
2024-09-02,7075.039,camsrad,egypt_location1
2024-09-03,6542.78,camsrad,egypt_location1
2024-09-04,6526.212,camsrad,egypt_location1
2024-09-05,6297.485,camsrad,egypt_location1
2024-09-06,6849.752,camsrad,egypt_location1
2024-09-07,7025.886,camsrad,egypt_location1
2024-09-08,6975.344,camsrad,egypt_location1
2024-09-09,6596.477,camsrad,egypt_location1
2024-09-10,6836.954,camsrad,egypt_location1
2024-09-11,6892.529,camsrad,egypt_location1
2024-09-12,6575.555,camsrad,egypt_location1
2024-09-13,6698.476,camsrad,egypt_location1
2024-09-14,7050.027,camsrad,egypt_location1
2024-09-15,6652.988,camsrad,egypt_location1
2024-09-16,6429.162,camsrad,egypt_location1
2024-09-17,6806.976,camsrad,egypt_location1
2024-09-18,6938.589,camsrad,egypt_location1
2024-09-19,6111.053,camsrad,egypt_location1
2024-09-20,6231.964,camsrad,egypt_location1
2024-09-21,5952.062,camsrad,egypt_location1
2024-09-22,5950.396,camsrad,egypt_location1
2024-09-23,6051.277,camsrad,egypt_location1
2024-09-24,6585.697,camsrad,egypt_location1
2024-09-25,6538.969,camsrad,egypt_location1
2024-09-26,6537.18,camsrad,egypt_location1
2024-09-27,6443.909,camsrad,egypt_location1
2024-09-28,6416.797,camsrad,egypt_location1
2024-09-29,6460.08,camsrad,egypt_location1
2024-09-30,6468.613,camsrad,egypt_location1
2024-10-01,5343.974,camsrad,egypt_location1
2024-10-02,6093.995,camsrad,egypt_location1
2024-10-03,6211.732,camsrad,egypt_location1
2024-10-04,6189.246,camsrad,egypt_location1
2024-10-05,6080.124,camsrad,egypt_location1
2024-10-06,5777.428,camsrad,egypt_location1
2024-10-07,6163.44,camsrad,egypt_location1
2024-10-08,5925.259,camsrad,egypt_location1
2024-10-09,6011.161,camsrad,egypt_location1
2024-10-10,5965.269,camsrad,egypt_location1
2024-10-11,5975.177,camsrad,egypt_location1
2024-10-12,5788.46,camsrad,egypt_location1
2024-10-13,5721.993,camsrad,egypt_location1
2024-10-14,5310.492,camsrad,egypt_location1
2024-10-15,4918.213,camsrad,egypt_location1
2024-10-16,5605.874,camsrad,egypt_location1
2024-10-17,5303.559,camsrad,egypt_location1
2024-10-18,5144.23,camsrad,egypt_location1
2024-10-19,5651.862,camsrad,egypt_location1
2024-10-20,5607.454,camsrad,egypt_location1
2024-10-21,5477.022,camsrad,egypt_location1
2024-10-22,5481.983,camsrad,egypt_location1
2024-10-23,5485.404,camsrad,egypt_location1
2024-10-24,5462.549,camsrad,egypt_location1
2024-10-25,5243.955,camsrad,egypt_location1
2024-10-26,5079.066,camsrad,egypt_location1
2024-10-27,5101.226,camsrad,egypt_location1
2024-10-28,4803.659,camsrad,egypt_location1
2024-10-29,5032.744,camsrad,egypt_location1
2024-10-30,4762.687,camsrad,egypt_location1
2024-10-31,5048.175,camsrad,egypt_location1
2024-11-01,4755.696,camsrad,egypt_location1
2024-11-02,3501.631,camsrad,egypt_location1
2024-11-03,3458.928,camsrad,egypt_location1
2024-11-04,3936.249,camsrad,egypt_location1
2024-11-05,4710.157,camsrad,egypt_location1
2024-11-06,4609.896,camsrad,egypt_location1
2024-11-07,4378.114,camsrad,egypt_location1
2024-11-08,3834.334,camsrad,egypt_location1
2024-11-09,3869.081,camsrad,egypt_location1
2024-11-10,2970.273,camsrad,egypt_location1
2024-11-11,4109.549,camsrad,egypt_location1
2024-11-12,4548.116,camsrad,egypt_location1
2024-11-13,4132.274,camsrad,egypt_location1
2024-11-14,4168.299,camsrad,egypt_location1
2024-11-15,4369.243,camsrad,egypt_location1
2024-11-16,4396.761,camsrad,egypt_location1
2024-11-17,4413.978,camsrad,egypt_location1
2024-11-18,4257.015,camsrad,egypt_location1
2024-11-19,3456.285,camsrad,egypt_location1
2024-11-20,3942.545,camsrad,egypt_location1
2024-11-21,3697.63,camsrad,egypt_location1
2024-11-22,4308.974,camsrad,egypt_location1
2024-11-23,3613.332,camsrad,egypt_location1
2024-11-24,2335.848,camsrad,egypt_location1
2024-11-25,1563.924,camsrad,egypt_location1
