MEASURE_DATE,MEASURE_VALUE,SITE_COUNTRY,SITE_LATITUDE,SITE_LONGITUDE,location
2021-02-25,4283.50016667,Ghana,-0.235111,5.632167,Location3
2021-02-26,5279.22583333,Ghana,-0.235111,5.632167,Location3
2021-02-27,5180.78016667,Ghana,-0.235111,5.632167,Location3
2021-02-28,5064.693,Ghana,-0.235111,5.632167,Location3
2021-03-01,5079.29166667,Ghana,-0.235111,5.632167,Location3
2021-03-02,4688.2645,Ghana,-0.235111,5.632167,Location3
2021-03-03,4893.61216667,Ghana,-0.235111,5.632167,Location3
2021-03-04,4521.80733333,Ghana,-0.235111,5.632167,Location3
2021-03-05,5270.6965,Ghana,-0.235111,5.632167,Location3
2021-03-06,4627.0515,Ghana,-0.235111,5.632167,Location3
2021-03-07,4499.49966667,Ghana,-0.235111,5.632167,Location3
2021-03-08,5461.3835,Ghana,-0.235111,5.632167,Location3
2021-03-09,5357.13883333,Ghana,-0.235111,5.632167,Location3
2021-03-10,5671.6035,Ghana,-0.235111,5.632167,Location3
2021-03-11,5837.1945,Ghana,-0.235111,5.632167,Location3
2021-03-12,5414.76610833,Ghana,-0.235111,5.632167,Location3
2021-03-13,4406.95116667,Ghana,-0.235111,5.632167,Location3
2021-03-14,2072.231875,Ghana,-0.235111,5.632167,Location3
2021-03-15,5533.78416667,Ghana,-0.235111,5.632167,Location3
2021-03-16,1416.93216667,Ghana,-0.235111,5.632167,Location3
2021-03-17,3810.002375,Ghana,-0.235111,5.632167,Location3
2021-03-18,5344.17083333,Ghana,-0.235111,5.632167,Location3
2021-03-19,5443.85633333,Ghana,-0.235111,5.632167,Location3
2021-03-20,5858.9025,Ghana,-0.235111,5.632167,Location3
2021-03-21,5831.421,Ghana,-0.235111,5.632167,Location3
2021-03-22,4672.85033333,Ghana,-0.235111,5.632167,Location3
2021-03-23,4726.63233333,Ghana,-0.235111,5.632167,Location3
2021-03-24,5509.59666667,Ghana,-0.235111,5.632167,Location3
2021-03-25,4715.099,Ghana,-0.235111,5.632167,Location3
2021-03-26,6155.42366667,Ghana,-0.235111,5.632167,Location3
2021-03-27,4654.55383333,Ghana,-0.235111,5.632167,Location3
2021-03-28,3738.31966667,Ghana,-0.235111,5.632167,Location3
2021-03-29,4868.23833333,Ghana,-0.235111,5.632167,Location3
2021-03-30,4255.28466667,Ghana,-0.235111,5.632167,Location3
2021-03-31,4586.20666667,Ghana,-0.235111,5.632167,Location3
2021-04-01,4369.89016667,Ghana,-0.235111,5.632167,Location3
2021-04-02,4270.26533333,Ghana,-0.235111,5.632167,Location3
2021-04-03,4985.51116667,Ghana,-0.235111,5.632167,Location3
2021-04-04,5126.26233333,Ghana,-0.235111,5.632167,Location3
2021-04-05,5162.12866667,Ghana,-0.235111,5.632167,Location3
2021-04-06,5638.15754167,Ghana,-0.235111,5.632167,Location3
2021-04-07,5077.77233333,Ghana,-0.235111,5.632167,Location3
2021-04-08,4558.72766667,Ghana,-0.235111,5.632167,Location3
2021-04-09,3327.80033333,Ghana,-0.235111,5.632167,Location3
2021-04-10,5907.82516667,Ghana,-0.235111,5.632167,Location3
2021-04-11,5964.76566667,Ghana,-0.235111,5.632167,Location3
2021-04-12,5059.11933333,Ghana,-0.235111,5.632167,Location3
2021-04-13,5577.17316667,Ghana,-0.235111,5.632167,Location3
2021-04-14,5829.05283333,Ghana,-0.235111,5.632167,Location3
2021-04-15,5747.35916667,Ghana,-0.235111,5.632167,Location3
2021-04-16,5647.26116667,Ghana,-0.235111,5.632167,Location3
2021-04-17,4049.162,Ghana,-0.235111,5.632167,Location3
2021-04-18,5526.664,Ghana,-0.235111,5.632167,Location3
2021-04-19,5734.7355,Ghana,-0.235111,5.632167,Location3
2021-04-20,470.56683333,Ghana,-0.235111,5.632167,Location3
2021-04-21,0.0,Ghana,-0.235111,5.632167,Location3
2021-04-22,0.0,Ghana,-0.235111,5.632167,Location3
2021-04-23,0.0,Ghana,-0.235111,5.632167,Location3
2021-04-27,507.70645833,Ghana,-0.235111,5.632167,Location3
2021-04-28,4080.99983333,Ghana,-0.235111,5.632167,Location3
2021-04-29,3576.53216667,Ghana,-0.235111,5.632167,Location3
2021-04-30,6166.65,Ghana,-0.235111,5.632167,Location3
2021-05-01,6145.6295,Ghana,-0.235111,5.632167,Location3
2021-05-02,5806.11166667,Ghana,-0.235111,5.632167,Location3
2021-05-03,3419.35966667,Ghana,-0.235111,5.632167,Location3
2021-05-04,5608.08066667,Ghana,-0.235111,5.632167,Location3
2021-05-05,4580.03883333,Ghana,-0.235111,5.632167,Location3
2021-05-06,5183.08716667,Ghana,-0.235111,5.632167,Location3
2021-05-07,4689.50083333,Ghana,-0.235111,5.632167,Location3
2021-05-08,1685.66133333,Ghana,-0.235111,5.632167,Location3
2021-05-09,4669.357,Ghana,-0.235111,5.632167,Location3
2021-05-10,6126.404,Ghana,-0.235111,5.632167,Location3
2021-05-11,5966.85783333,Ghana,-0.235111,5.632167,Location3
2021-05-12,5613.54666667,Ghana,-0.235111,5.632167,Location3
2021-05-13,4834.9625,Ghana,-0.235111,5.632167,Location3
2021-05-14,6192.70175833,Ghana,-0.235111,5.632167,Location3
2021-05-15,5283.95,Ghana,-0.235111,5.632167,Location3
2021-05-16,4827.58016667,Ghana,-0.235111,5.632167,Location3
2021-05-17,5934.4675,Ghana,-0.235111,5.632167,Location3
2021-05-18,3592.88383333,Ghana,-0.235111,5.632167,Location3
2021-05-19,5231.92133333,Ghana,-0.235111,5.632167,Location3
2021-05-20,5511.92,Ghana,-0.235111,5.632167,Location3
2021-05-21,5288.60916667,Ghana,-0.235111,5.632167,Location3
2021-05-22,3922.6075,Ghana,-0.235111,5.632167,Location3
2021-05-23,5548.42083333,Ghana,-0.235111,5.632167,Location3
2021-05-24,5746.22816667,Ghana,-0.235111,5.632167,Location3
2021-05-25,5270.66966667,Ghana,-0.235111,5.632167,Location3
2021-05-26,5713.6585,Ghana,-0.235111,5.632167,Location3
2021-05-27,5669.70266667,Ghana,-0.235111,5.632167,Location3
2021-05-28,5125.78283333,Ghana,-0.235111,5.632167,Location3
2021-05-29,4821.66233333,Ghana,-0.235111,5.632167,Location3
2021-05-30,4720.13816667,Ghana,-0.235111,5.632167,Location3
2021-05-31,3801.83483333,Ghana,-0.235111,5.632167,Location3
2021-06-01,3819.93733333,Ghana,-0.235111,5.632167,Location3
2021-06-02,4174.05216667,Ghana,-0.235111,5.632167,Location3
2021-06-03,5084.5135,Ghana,-0.235111,5.632167,Location3
2021-06-04,2490.79233333,Ghana,-0.235111,5.632167,Location3
2021-06-05,4358.21266667,Ghana,-0.235111,5.632167,Location3
2021-06-06,5343.63766667,Ghana,-0.235111,5.632167,Location3
2021-06-07,5531.99229167,Ghana,-0.235111,5.632167,Location3
2021-06-08,5172.472,Ghana,-0.235111,5.632167,Location3
2021-06-09,4985.64008333,Ghana,-0.235111,5.632167,Location3
2021-06-10,4128.006,Ghana,-0.235111,5.632167,Location3
2021-06-11,4545.1595,Ghana,-0.235111,5.632167,Location3
2021-06-12,4826.51,Ghana,-0.235111,5.632167,Location3
2021-06-13,5684.53266667,Ghana,-0.235111,5.632167,Location3
2021-06-14,3834.34080833,Ghana,-0.235111,5.632167,Location3
2021-06-15,4878.20316667,Ghana,-0.235111,5.632167,Location3
2021-06-16,2354.28016667,Ghana,-0.235111,5.632167,Location3
2021-06-17,5140.50766667,Ghana,-0.235111,5.632167,Location3
2021-06-18,4118.31,Ghana,-0.235111,5.632167,Location3
2021-06-19,3621.33133333,Ghana,-0.235111,5.632167,Location3
2021-06-20,1082.12716667,Ghana,-0.235111,5.632167,Location3
2021-06-21,4756.5455,Ghana,-0.235111,5.632167,Location3
2021-06-22,4551.68333333,Ghana,-0.235111,5.632167,Location3
2021-06-23,3787.05183333,Ghana,-0.235111,5.632167,Location3
2021-06-24,4146.6155,Ghana,-0.235111,5.632167,Location3
2021-06-25,4561.03545833,Ghana,-0.235111,5.632167,Location3
2021-06-26,2336.58583333,Ghana,-0.235111,5.632167,Location3
2021-06-27,2724.21433333,Ghana,-0.235111,5.632167,Location3
2021-06-28,5285.875,Ghana,-0.235111,5.632167,Location3
2021-06-29,5091.3995,Ghana,-0.235111,5.632167,Location3
2021-06-30,4182.1795,Ghana,-0.235111,5.632167,Location3
2021-07-01,4799.055,Ghana,-0.235111,5.632167,Location3
2021-07-02,4828.91616667,Ghana,-0.235111,5.632167,Location3
2021-07-03,3094.153,Ghana,-0.235111,5.632167,Location3
2021-07-04,4179.0395,Ghana,-0.235111,5.632167,Location3
2021-07-05,4961.619,Ghana,-0.235111,5.632167,Location3
2021-07-06,4487.8015,Ghana,-0.235111,5.632167,Location3
2021-07-07,4630.66983333,Ghana,-0.235111,5.632167,Location3
2021-07-08,5282.33766667,Ghana,-0.235111,5.632167,Location3
2021-07-09,3913.04583333,Ghana,-0.235111,5.632167,Location3
2021-07-10,4685.84683333,Ghana,-0.235111,5.632167,Location3
2021-07-11,5158.99116667,Ghana,-0.235111,5.632167,Location3
2021-07-12,4318.055,Ghana,-0.235111,5.632167,Location3
2021-07-13,4523.38266667,Ghana,-0.235111,5.632167,Location3
2021-07-14,4231.56083333,Ghana,-0.235111,5.632167,Location3
2021-07-15,2371.86583333,Ghana,-0.235111,5.632167,Location3
2021-07-16,3146.873,Ghana,-0.235111,5.632167,Location3
2021-07-17,3379.74966667,Ghana,-0.235111,5.632167,Location3
2021-07-18,4363.50385833,Ghana,-0.235111,5.632167,Location3
2021-07-19,3081.439,Ghana,-0.235111,5.632167,Location3
2021-07-20,3568.266,Ghana,-0.235111,5.632167,Location3
2021-07-21,4325.80216667,Ghana,-0.235111,5.632167,Location3
2021-07-22,4762.429,Ghana,-0.235111,5.632167,Location3
2021-07-23,4995.26566667,Ghana,-0.235111,5.632167,Location3
2021-07-24,5707.03983333,Ghana,-0.235111,5.632167,Location3
2021-07-25,5638.11533333,Ghana,-0.235111,5.632167,Location3
2021-07-26,4238.81233333,Ghana,-0.235111,5.632167,Location3
2021-07-27,1524.598,Ghana,-0.235111,5.632167,Location3
2021-07-28,3825.2965,Ghana,-0.235111,5.632167,Location3
2021-07-29,4877.79516667,Ghana,-0.235111,5.632167,Location3
2021-07-30,4309.41319167,Ghana,-0.235111,5.632167,Location3
2021-07-31,5033.24633333,Ghana,-0.235111,5.632167,Location3
2021-08-01,4832.639,Ghana,-0.235111,5.632167,Location3
2021-08-02,4108.337,Ghana,-0.235111,5.632167,Location3
2021-08-03,2734.9615,Ghana,-0.235111,5.632167,Location3
2021-08-04,2800.159,Ghana,-0.235111,5.632167,Location3
2021-08-05,3557.75216667,Ghana,-0.235111,5.632167,Location3
2021-08-06,3190.04366667,Ghana,-0.235111,5.632167,Location3
2021-08-07,3559.34933333,Ghana,-0.235111,5.632167,Location3
2021-08-08,2804.90166667,Ghana,-0.235111,5.632167,Location3
2021-08-09,4183.62083333,Ghana,-0.235111,5.632167,Location3
2021-08-10,4838.13183333,Ghana,-0.235111,5.632167,Location3
2021-08-11,5205.61133333,Ghana,-0.235111,5.632167,Location3
2021-08-12,1404.98783333,Ghana,-0.235111,5.632167,Location3
2021-08-13,2907.34633333,Ghana,-0.235111,5.632167,Location3
2021-08-14,4006.1425,Ghana,-0.235111,5.632167,Location3
2021-08-15,6004.36266667,Ghana,-0.235111,5.632167,Location3
2021-08-16,5798.28283333,Ghana,-0.235111,5.632167,Location3
2021-08-17,4973.84066667,Ghana,-0.235111,5.632167,Location3
2021-08-18,4175.531,Ghana,-0.235111,5.632167,Location3
2021-08-19,4825.81216667,Ghana,-0.235111,5.632167,Location3
2021-08-20,4016.511,Ghana,-0.235111,5.632167,Location3
2021-08-21,3985.0775,Ghana,-0.235111,5.632167,Location3
2021-08-22,2995.469,Ghana,-0.235111,5.632167,Location3
2021-08-23,3668.3295,Ghana,-0.235111,5.632167,Location3
2021-08-24,4182.770125,Ghana,-0.235111,5.632167,Location3
2021-08-25,4357.9515,Ghana,-0.235111,5.632167,Location3
2021-08-26,5352.42683333,Ghana,-0.235111,5.632167,Location3
2021-08-27,4539.79866667,Ghana,-0.235111,5.632167,Location3
2021-08-28,3187.67466667,Ghana,-0.235111,5.632167,Location3
2021-08-29,4436.96483333,Ghana,-0.235111,5.632167,Location3
2021-08-30,2483.157,Ghana,-0.235111,5.632167,Location3
2021-08-31,3525.0355,Ghana,-0.235111,5.632167,Location3
2021-09-01,4862.68716667,Ghana,-0.235111,5.632167,Location3
2021-09-02,2024.00033333,Ghana,-0.235111,5.632167,Location3
2021-09-03,2945.24533333,Ghana,-0.235111,5.632167,Location3
2021-09-04,3343.48516667,Ghana,-0.235111,5.632167,Location3
2021-09-05,4110.288875,Ghana,-0.235111,5.632167,Location3
2021-09-06,4553.23933333,Ghana,-0.235111,5.632167,Location3
2021-09-07,4800.085,Ghana,-0.235111,5.632167,Location3
2021-09-08,5697.50833333,Ghana,-0.235111,5.632167,Location3
2021-09-09,5626.55216667,Ghana,-0.235111,5.632167,Location3
2021-09-10,4472.5385,Ghana,-0.235111,5.632167,Location3
2021-09-11,4990.763,Ghana,-0.235111,5.632167,Location3
2021-09-12,4068.01566667,Ghana,-0.235111,5.632167,Location3
2021-09-13,4491.932475,Ghana,-0.235111,5.632167,Location3
2021-09-14,2124.24266667,Ghana,-0.235111,5.632167,Location3
2021-09-15,3795.78555,Ghana,-0.235111,5.632167,Location3
2021-09-16,3377.05133333,Ghana,-0.235111,5.632167,Location3
2021-09-17,3081.104,Ghana,-0.235111,5.632167,Location3
2021-09-18,5196.26583333,Ghana,-0.235111,5.632167,Location3
2021-09-19,5953.7145,Ghana,-0.235111,5.632167,Location3
2021-09-20,5320.97583333,Ghana,-0.235111,5.632167,Location3
2021-09-21,5156.01883333,Ghana,-0.235111,5.632167,Location3
2021-09-22,3340.41066667,Ghana,-0.235111,5.632167,Location3
2021-09-23,5703.4325,Ghana,-0.235111,5.632167,Location3
2021-09-24,3768.85416667,Ghana,-0.235111,5.632167,Location3
2021-09-25,2182.07716667,Ghana,-0.235111,5.632167,Location3
2021-09-26,4690.69916667,Ghana,-0.235111,5.632167,Location3
2021-09-27,3230.39716667,Ghana,-0.235111,5.632167,Location3
2021-09-28,5201.23366667,Ghana,-0.235111,5.632167,Location3
2021-09-29,5067.25665,Ghana,-0.235111,5.632167,Location3
2021-09-30,5353.8165,Ghana,-0.235111,5.632167,Location3
2021-10-01,4636.476275,Ghana,-0.235111,5.632167,Location3
2021-10-02,4981.26166667,Ghana,-0.235111,5.632167,Location3
2021-10-03,5993.454875,Ghana,-0.235111,5.632167,Location3
2021-10-04,5379.22283333,Ghana,-0.235111,5.632167,Location3
2021-10-05,5573.98033333,Ghana,-0.235111,5.632167,Location3
2021-10-06,4015.74233333,Ghana,-0.235111,5.632167,Location3
2021-10-07,4835.14133333,Ghana,-0.235111,5.632167,Location3
2021-10-08,4340.67083333,Ghana,-0.235111,5.632167,Location3
2021-10-09,4066.82116667,Ghana,-0.235111,5.632167,Location3
2021-10-10,1818.38266667,Ghana,-0.235111,5.632167,Location3
2021-10-11,6203.61,Ghana,-0.235111,5.632167,Location3
2021-10-12,3808.81066667,Ghana,-0.235111,5.632167,Location3
2021-10-13,5435.60533333,Ghana,-0.235111,5.632167,Location3
2021-10-14,5840.74183333,Ghana,-0.235111,5.632167,Location3
2021-10-15,5777.30033333,Ghana,-0.235111,5.632167,Location3
2021-10-16,5324.242,Ghana,-0.235111,5.632167,Location3
2021-10-17,5964.33366667,Ghana,-0.235111,5.632167,Location3
2021-10-18,3732.26366667,Ghana,-0.235111,5.632167,Location3
2021-10-19,3814.20283333,Ghana,-0.235111,5.632167,Location3
2021-10-20,4361.29566667,Ghana,-0.235111,5.632167,Location3
2021-10-21,4295.55466667,Ghana,-0.235111,5.632167,Location3
2021-10-22,5564.2005,Ghana,-0.235111,5.632167,Location3
2021-10-23,3845.07216667,Ghana,-0.235111,5.632167,Location3
2021-10-24,4340.344,Ghana,-0.235111,5.632167,Location3
2021-10-25,5140.48933333,Ghana,-0.235111,5.632167,Location3
2021-10-26,3018.64233333,Ghana,-0.235111,5.632167,Location3
2021-10-27,5399.75816667,Ghana,-0.235111,5.632167,Location3
2021-10-28,5563.9735,Ghana,-0.235111,5.632167,Location3
2021-10-29,6018.44416667,Ghana,-0.235111,5.632167,Location3
2021-10-30,4235.18333333,Ghana,-0.235111,5.632167,Location3
2021-10-31,4959.83606667,Ghana,-0.235111,5.632167,Location3
2021-11-01,3882.66360833,Ghana,-0.235111,5.632167,Location3
2021-11-02,2619.95233333,Ghana,-0.235111,5.632167,Location3
2021-11-03,4882.002,Ghana,-0.235111,5.632167,Location3
2021-11-04,5090.01766667,Ghana,-0.235111,5.632167,Location3
2021-11-05,3708.649,Ghana,-0.235111,5.632167,Location3
2021-11-06,5291.24183333,Ghana,-0.235111,5.632167,Location3
2021-11-07,4519.60283333,Ghana,-0.235111,5.632167,Location3
2021-11-08,4372.11583333,Ghana,-0.235111,5.632167,Location3
2021-11-09,5271.21233333,Ghana,-0.235111,5.632167,Location3
2021-11-10,3569.08866667,Ghana,-0.235111,5.632167,Location3
2021-11-11,4724.41166667,Ghana,-0.235111,5.632167,Location3
2021-11-12,5906.72766667,Ghana,-0.235111,5.632167,Location3
2021-11-13,5570.65516667,Ghana,-0.235111,5.632167,Location3
2021-11-14,5807.05283333,Ghana,-0.235111,5.632167,Location3
2021-11-15,5461.13983333,Ghana,-0.235111,5.632167,Location3
2021-11-16,4697.89204167,Ghana,-0.235111,5.632167,Location3
2021-11-17,5614.75766667,Ghana,-0.235111,5.632167,Location3
2021-11-18,5267.03216667,Ghana,-0.235111,5.632167,Location3
2021-11-19,4220.41079167,Ghana,-0.235111,5.632167,Location3
2021-11-20,5013.67983333,Ghana,-0.235111,5.632167,Location3
2021-11-21,3825.28466667,Ghana,-0.235111,5.632167,Location3
2021-11-22,3434.89166667,Ghana,-0.235111,5.632167,Location3
2021-11-23,4009.26933333,Ghana,-0.235111,5.632167,Location3
2021-11-24,4817.00966667,Ghana,-0.235111,5.632167,Location3
2021-11-25,5010.2335,Ghana,-0.235111,5.632167,Location3
2021-11-26,5138.539,Ghana,-0.235111,5.632167,Location3
2021-11-27,4325.32045833,Ghana,-0.235111,5.632167,Location3
2021-11-28,4032.319,Ghana,-0.235111,5.632167,Location3
2021-11-29,4466.57816667,Ghana,-0.235111,5.632167,Location3
2021-11-30,4824.50075,Ghana,-0.235111,5.632167,Location3
2021-12-01,4677.339625,Ghana,-0.235111,5.632167,Location3
2021-12-02,3615.27083333,Ghana,-0.235111,5.632167,Location3
2021-12-03,5144.277,Ghana,-0.235111,5.632167,Location3
2021-12-04,4405.10533333,Ghana,-0.235111,5.632167,Location3
2021-12-05,4590.87866667,Ghana,-0.235111,5.632167,Location3
2021-12-06,4508.13716667,Ghana,-0.235111,5.632167,Location3
2021-12-07,4752.24533333,Ghana,-0.235111,5.632167,Location3
2021-12-08,4160.21233333,Ghana,-0.235111,5.632167,Location3
2021-12-09,4249.57666667,Ghana,-0.235111,5.632167,Location3
2021-12-10,3860.5535,Ghana,-0.235111,5.632167,Location3
2021-12-11,3797.48766667,Ghana,-0.235111,5.632167,Location3
2021-12-12,3969.724,Ghana,-0.235111,5.632167,Location3
2021-12-13,3910.3935,Ghana,-0.235111,5.632167,Location3
2021-12-14,4279.84783333,Ghana,-0.235111,5.632167,Location3
2021-12-15,3805.35766667,Ghana,-0.235111,5.632167,Location3
2021-12-16,4479.52466667,Ghana,-0.235111,5.632167,Location3
2021-12-17,3548.79683333,Ghana,-0.235111,5.632167,Location3
2021-12-18,4517.40116667,Ghana,-0.235111,5.632167,Location3
2021-12-19,4480.57333333,Ghana,-0.235111,5.632167,Location3
2021-12-20,4445.68633333,Ghana,-0.235111,5.632167,Location3
2021-12-21,4428.97966667,Ghana,-0.235111,5.632167,Location3
2021-12-22,4442.38783333,Ghana,-0.235111,5.632167,Location3
2021-12-23,4021.79166667,Ghana,-0.235111,5.632167,Location3
2021-12-24,4068.12983333,Ghana,-0.235111,5.632167,Location3
2021-12-25,3998.04125833,Ghana,-0.235111,5.632167,Location3
2021-12-26,4530.61733333,Ghana,-0.235111,5.632167,Location3
2021-12-27,2004.65116667,Ghana,-0.235111,5.632167,Location3
2021-12-28,4534.64733333,Ghana,-0.235111,5.632167,Location3
2021-12-29,3775.15883333,Ghana,-0.235111,5.632167,Location3
2021-12-30,3802.79283333,Ghana,-0.235111,5.632167,Location3
2021-12-31,3259.5925,Ghana,-0.235111,5.632167,Location3
2022-01-01,4117.75016667,Ghana,-0.235111,5.632167,Location3
2022-01-02,2019.67225,Ghana,-0.235111,5.632167,Location3
2022-01-03,4694.476,Ghana,-0.235111,5.632167,Location3
2022-01-04,3807.71533333,Ghana,-0.235111,5.632167,Location3
2022-01-05,3893.44816667,Ghana,-0.235111,5.632167,Location3
2022-01-06,4029.85,Ghana,-0.235111,5.632167,Location3
2022-01-07,4395.58266667,Ghana,-0.235111,5.632167,Location3
2022-01-08,4207.077,Ghana,-0.235111,5.632167,Location3
2022-01-09,4464.07633333,Ghana,-0.235111,5.632167,Location3
2022-01-10,4573.62983333,Ghana,-0.235111,5.632167,Location3
2022-01-11,3629.9705,Ghana,-0.235111,5.632167,Location3
2022-01-12,4172.3115,Ghana,-0.235111,5.632167,Location3
2022-01-13,3764.76116667,Ghana,-0.235111,5.632167,Location3
2022-01-14,3858.61666667,Ghana,-0.235111,5.632167,Location3
2022-01-15,4501.462,Ghana,-0.235111,5.632167,Location3
2022-01-16,4863.35966667,Ghana,-0.235111,5.632167,Location3
2022-01-17,4921.21616667,Ghana,-0.235111,5.632167,Location3
2022-01-18,3998.694,Ghana,-0.235111,5.632167,Location3
2022-01-19,4669.66166667,Ghana,-0.235111,5.632167,Location3
2022-01-20,4127.37383333,Ghana,-0.235111,5.632167,Location3
2022-01-21,4194.15795,Ghana,-0.235111,5.632167,Location3
2022-01-22,3604.4035,Ghana,-0.235111,5.632167,Location3
2022-01-23,3092.8115,Ghana,-0.235111,5.632167,Location3
2022-01-24,3552.78083333,Ghana,-0.235111,5.632167,Location3
2022-01-25,4345.3225,Ghana,-0.235111,5.632167,Location3
2022-01-26,3944.86283333,Ghana,-0.235111,5.632167,Location3
2022-01-27,3651.0465,Ghana,-0.235111,5.632167,Location3
2022-01-28,3239.12716667,Ghana,-0.235111,5.632167,Location3
2022-01-29,3610.40166667,Ghana,-0.235111,5.632167,Location3
2022-01-30,3667.56216667,Ghana,-0.235111,5.632167,Location3
2022-01-31,3806.5965,Ghana,-0.235111,5.632167,Location3
2022-02-01,3315.2445,Ghana,-0.235111,5.632167,Location3
2022-02-02,3494.06183333,Ghana,-0.235111,5.632167,Location3
2022-02-03,3147.2085,Ghana,-0.235111,5.632167,Location3
2022-02-04,3574.71504167,Ghana,-0.235111,5.632167,Location3
2022-02-05,3259.20416667,Ghana,-0.235111,5.632167,Location3
2022-02-06,3077.17616667,Ghana,-0.235111,5.632167,Location3
2022-02-07,3034.79133333,Ghana,-0.235111,5.632167,Location3
2022-02-08,3588.07866667,Ghana,-0.235111,5.632167,Location3
2022-02-09,3487.369,Ghana,-0.235111,5.632167,Location3
2022-02-10,3926.8435,Ghana,-0.235111,5.632167,Location3
2022-02-11,3757.90466667,Ghana,-0.235111,5.632167,Location3
2022-02-12,3805.29066667,Ghana,-0.235111,5.632167,Location3
2022-02-13,3972.66116667,Ghana,-0.235111,5.632167,Location3
2022-02-14,3396.5935,Ghana,-0.235111,5.632167,Location3
2022-02-15,3575.16683333,Ghana,-0.235111,5.632167,Location3
2022-02-16,3900.4465,Ghana,-0.235111,5.632167,Location3
2022-02-17,3019.77483333,Ghana,-0.235111,5.632167,Location3
2022-02-18,3496.38833333,Ghana,-0.235111,5.632167,Location3
2022-02-19,3579.90066667,Ghana,-0.235111,5.632167,Location3
2022-02-20,3395.23666667,Ghana,-0.235111,5.632167,Location3
2022-02-21,3382.66816667,Ghana,-0.235111,5.632167,Location3
2022-02-22,4183.2585,Ghana,-0.235111,5.632167,Location3
2022-02-23,3638.10016667,Ghana,-0.235111,5.632167,Location3
2022-02-24,3860.21333333,Ghana,-0.235111,5.632167,Location3
2022-02-25,3950.37716667,Ghana,-0.235111,5.632167,Location3
2022-02-26,3729.18833333,Ghana,-0.235111,5.632167,Location3
2022-02-27,3483.74858333,Ghana,-0.235111,5.632167,Location3
2022-02-28,3692.204,Ghana,-0.235111,5.632167,Location3
2022-03-01,3763.075,Ghana,-0.235111,5.632167,Location3
2022-03-02,3515.54583333,Ghana,-0.235111,5.632167,Location3
2022-03-03,4066.12233333,Ghana,-0.235111,5.632167,Location3
2022-03-04,2950.17783333,Ghana,-0.235111,5.632167,Location3
2022-03-05,3084.3985,Ghana,-0.235111,5.632167,Location3
2022-03-06,3540.83366667,Ghana,-0.235111,5.632167,Location3
2022-03-07,3757.7625,Ghana,-0.235111,5.632167,Location3
2022-03-08,4016.41216667,Ghana,-0.235111,5.632167,Location3
2022-03-09,3442.31683333,Ghana,-0.235111,5.632167,Location3
2022-03-10,4856.86766667,Ghana,-0.235111,5.632167,Location3
2022-03-11,5787.89835833,Ghana,-0.235111,5.632167,Location3
2022-03-12,2616.43433333,Ghana,-0.235111,5.632167,Location3
2022-03-13,4973.36616667,Ghana,-0.235111,5.632167,Location3
2022-03-14,5870.56366667,Ghana,-0.235111,5.632167,Location3
2022-03-15,5140.489,Ghana,-0.235111,5.632167,Location3
2022-03-16,4613.33833333,Ghana,-0.235111,5.632167,Location3
2022-03-17,5190.679,Ghana,-0.235111,5.632167,Location3
2022-03-18,4842.32983333,Ghana,-0.235111,5.632167,Location3
2022-03-19,4908.434,Ghana,-0.235111,5.632167,Location3
2022-03-20,5208.3215,Ghana,-0.235111,5.632167,Location3
2022-03-21,0.0085,Ghana,-0.235111,5.632167,Location3
2022-03-27,5305.0735,Ghana,-0.235111,5.632167,Location3
2022-03-28,5902.92166667,Ghana,-0.235111,5.632167,Location3
2022-03-29,4016.6265,Ghana,-0.235111,5.632167,Location3
2022-03-30,5950.17916667,Ghana,-0.235111,5.632167,Location3
2022-03-31,5466.4195,Ghana,-0.235111,5.632167,Location3
2022-04-01,3840.57683333,Ghana,-0.235111,5.632167,Location3
2022-04-02,4521.91966667,Ghana,-0.235111,5.632167,Location3
2022-04-03,5449.22783333,Ghana,-0.235111,5.632167,Location3
2022-04-04,5777.3945,Ghana,-0.235111,5.632167,Location3
2022-04-05,5814.15933333,Ghana,-0.235111,5.632167,Location3
2022-04-06,1584.48366667,Ghana,-0.235111,5.632167,Location3
2022-04-07,5610.0185,Ghana,-0.235111,5.632167,Location3
2022-04-08,1488.8025,Ghana,-0.235111,5.632167,Location3
2022-04-09,4802.81966667,Ghana,-0.235111,5.632167,Location3
2022-04-10,6740.991525,Ghana,-0.235111,5.632167,Location3
2022-04-11,6228.15216667,Ghana,-0.235111,5.632167,Location3
2022-04-12,5674.0685,Ghana,-0.235111,5.632167,Location3
2022-04-13,4223.57716667,Ghana,-0.235111,5.632167,Location3
2022-04-14,5542.98583333,Ghana,-0.235111,5.632167,Location3
2022-04-15,5321.15866667,Ghana,-0.235111,5.632167,Location3
2022-04-16,2245.16983333,Ghana,-0.235111,5.632167,Location3
2022-04-17,6620.02783333,Ghana,-0.235111,5.632167,Location3
2022-04-18,2114.148,Ghana,-0.235111,5.632167,Location3
2022-04-19,5625.85669167,Ghana,-0.235111,5.632167,Location3
2022-04-20,6418.869125,Ghana,-0.235111,5.632167,Location3
2022-04-21,1626.695,Ghana,-0.235111,5.632167,Location3
2022-04-22,5987.28266667,Ghana,-0.235111,5.632167,Location3
2022-04-23,5532.33233333,Ghana,-0.235111,5.632167,Location3
2022-04-24,2057.21966667,Ghana,-0.235111,5.632167,Location3
2022-04-25,5032.33083333,Ghana,-0.235111,5.632167,Location3
2022-04-26,3911.16533333,Ghana,-0.235111,5.632167,Location3
2022-04-27,4178.45666667,Ghana,-0.235111,5.632167,Location3
2022-04-28,4106.164,Ghana,-0.235111,5.632167,Location3
2022-04-29,6602.30133333,Ghana,-0.235111,5.632167,Location3
2022-04-30,5164.870525,Ghana,-0.235111,5.632167,Location3
2022-05-01,6085.72766667,Ghana,-0.235111,5.632167,Location3
2022-05-02,5630.915,Ghana,-0.235111,5.632167,Location3
2022-05-03,5765.615,Ghana,-0.235111,5.632167,Location3
2022-05-04,5782.003,Ghana,-0.235111,5.632167,Location3
2022-05-05,4110.56247222,Ghana,-0.235111,5.632167,Location3
2022-05-06,1676.71566667,Ghana,-0.235111,5.632167,Location3
2022-05-07,5632.96425,Ghana,-0.235111,5.632167,Location3
2022-05-08,5789.127375,Ghana,-0.235111,5.632167,Location3
2022-05-09,3638.43533333,Ghana,-0.235111,5.632167,Location3
2022-05-10,4991.06633333,Ghana,-0.235111,5.632167,Location3
2022-05-11,5758.44033333,Ghana,-0.235111,5.632167,Location3
2022-05-12,5175.19083333,Ghana,-0.235111,5.632167,Location3
2022-05-13,5459.27716667,Ghana,-0.235111,5.632167,Location3
2022-05-14,3731.38116667,Ghana,-0.235111,5.632167,Location3
2022-05-15,4975.62497222,Ghana,-0.235111,5.632167,Location3
2022-05-16,5192.278,Ghana,-0.235111,5.632167,Location3
2022-05-17,4899.88916667,Ghana,-0.235111,5.632167,Location3
2022-05-18,5741.0625,Ghana,-0.235111,5.632167,Location3
2022-05-19,3429.102,Ghana,-0.235111,5.632167,Location3
2022-05-20,5218.79283333,Ghana,-0.235111,5.632167,Location3
2022-05-21,4430.366,Ghana,-0.235111,5.632167,Location3
2022-05-22,3443.92883333,Ghana,-0.235111,5.632167,Location3
2022-05-23,5415.8875,Ghana,-0.235111,5.632167,Location3
2022-05-24,2802.56144444,Ghana,-0.235111,5.632167,Location3
2022-05-25,4388.86233333,Ghana,-0.235111,5.632167,Location3
2022-05-26,3636.62733333,Ghana,-0.235111,5.632167,Location3
2022-05-27,5864.18405556,Ghana,-0.235111,5.632167,Location3
2022-05-28,4695.73916667,Ghana,-0.235111,5.632167,Location3
2022-05-29,5289.50616667,Ghana,-0.235111,5.632167,Location3
2022-05-30,5788.30566667,Ghana,-0.235111,5.632167,Location3
2022-05-31,5062.89833333,Ghana,-0.235111,5.632167,Location3
2022-06-01,4464.21216667,Ghana,-0.235111,5.632167,Location3
2022-06-02,6136.89066667,Ghana,-0.235111,5.632167,Location3
2022-06-03,3451.42066667,Ghana,-0.235111,5.632167,Location3
2022-06-04,4607.2295,Ghana,-0.235111,5.632167,Location3
2022-06-05,2498.36155556,Ghana,-0.235111,5.632167,Location3
2022-06-06,2380.56113889,Ghana,-0.235111,5.632167,Location3
2022-06-07,5274.17333333,Ghana,-0.235111,5.632167,Location3
2022-06-08,4688.989,Ghana,-0.235111,5.632167,Location3
2022-06-09,5448.168,Ghana,-0.235111,5.632167,Location3
2022-06-10,920.08516667,Ghana,-0.235111,5.632167,Location3
2022-06-11,5291.657,Ghana,-0.235111,5.632167,Location3
2022-06-12,4312.182,Ghana,-0.235111,5.632167,Location3
2022-06-13,5015.66783333,Ghana,-0.235111,5.632167,Location3
2022-06-14,4445.127,Ghana,-0.235111,5.632167,Location3
2022-06-15,410.57733333,Ghana,-0.235111,5.632167,Location3
2022-06-16,2461.53216667,Ghana,-0.235111,5.632167,Location3
2022-06-17,4864.696,Ghana,-0.235111,5.632167,Location3
2022-06-18,3394.02916667,Ghana,-0.235111,5.632167,Location3
2022-06-19,4042.556,Ghana,-0.235111,5.632167,Location3
2022-06-20,4221.05216667,Ghana,-0.235111,5.632167,Location3
2022-06-21,4433.799,Ghana,-0.235111,5.632167,Location3
2022-06-22,4773.65233333,Ghana,-0.235111,5.632167,Location3
2022-06-23,2894.24566667,Ghana,-0.235111,5.632167,Location3
2022-06-24,4470.6725,Ghana,-0.235111,5.632167,Location3
2022-06-25,3873.68433333,Ghana,-0.235111,5.632167,Location3
2022-06-26,4106.43316667,Ghana,-0.235111,5.632167,Location3
2022-06-27,4889.4,Ghana,-0.235111,5.632167,Location3
2022-06-28,5052.3805,Ghana,-0.235111,5.632167,Location3
2022-06-29,4249.657,Ghana,-0.235111,5.632167,Location3
2022-06-30,1992.6625,Ghana,-0.235111,5.632167,Location3
2022-07-01,4633.14816667,Ghana,-0.235111,5.632167,Location3
2022-07-02,3773.60766667,Ghana,-0.235111,5.632167,Location3
2022-07-03,4113.51783333,Ghana,-0.235111,5.632167,Location3
2022-07-04,2965.257,Ghana,-0.235111,5.632167,Location3
2022-07-05,3337.66416667,Ghana,-0.235111,5.632167,Location3
2022-07-06,5131.9355,Ghana,-0.235111,5.632167,Location3
2022-07-07,4287.77283333,Ghana,-0.235111,5.632167,Location3
2022-07-08,3346.32933333,Ghana,-0.235111,5.632167,Location3
2022-07-09,3348.15566667,Ghana,-0.235111,5.632167,Location3
2022-07-10,4463.26083333,Ghana,-0.235111,5.632167,Location3
2022-07-11,3244.13866667,Ghana,-0.235111,5.632167,Location3
2022-07-12,2428.654,Ghana,-0.235111,5.632167,Location3
2022-07-13,1488.22433333,Ghana,-0.235111,5.632167,Location3
2022-07-14,4808.46383333,Ghana,-0.235111,5.632167,Location3
2022-07-15,3586.30283333,Ghana,-0.235111,5.632167,Location3
2022-07-16,3590.85816667,Ghana,-0.235111,5.632167,Location3
2022-07-17,3188.9725,Ghana,-0.235111,5.632167,Location3
2022-07-18,5056.377,Ghana,-0.235111,5.632167,Location3
2022-07-19,5228.4975,Ghana,-0.235111,5.632167,Location3
2022-07-20,4937.21083333,Ghana,-0.235111,5.632167,Location3
2022-07-21,5718.72516667,Ghana,-0.235111,5.632167,Location3
2022-07-22,4788.59583333,Ghana,-0.235111,5.632167,Location3
2022-07-23,4564.24016667,Ghana,-0.235111,5.632167,Location3
2022-07-24,5279.35933333,Ghana,-0.235111,5.632167,Location3
2022-07-25,3569.98075,Ghana,-0.235111,5.632167,Location3
2022-07-26,2048.91166667,Ghana,-0.235111,5.632167,Location3
2022-07-27,2840.99133333,Ghana,-0.235111,5.632167,Location3
2022-07-28,3105.37483333,Ghana,-0.235111,5.632167,Location3
2022-07-29,4542.09433333,Ghana,-0.235111,5.632167,Location3
2022-07-30,4619.9145,Ghana,-0.235111,5.632167,Location3
2022-07-31,1632.27179167,Ghana,-0.235111,5.632167,Location3
2022-08-01,1725.32094444,Ghana,-0.235111,5.632167,Location3
2022-08-02,2218.88166667,Ghana,-0.235111,5.632167,Location3
2022-08-03,4592.21,Ghana,-0.235111,5.632167,Location3
2022-08-04,4776.35991667,Ghana,-0.235111,5.632167,Location3
2022-08-05,4928.49033333,Ghana,-0.235111,5.632167,Location3
2022-08-06,5641.954,Ghana,-0.235111,5.632167,Location3
2022-08-07,5715.26383333,Ghana,-0.235111,5.632167,Location3
2022-08-08,3369.63716667,Ghana,-0.235111,5.632167,Location3
2022-08-09,2908.11633333,Ghana,-0.235111,5.632167,Location3
2022-08-10,3892.08183333,Ghana,-0.235111,5.632167,Location3
2022-08-11,3773.30933333,Ghana,-0.235111,5.632167,Location3
2022-08-12,3669.89183333,Ghana,-0.235111,5.632167,Location3
2022-08-13,1991.37433333,Ghana,-0.235111,5.632167,Location3
2022-08-14,1225.65566667,Ghana,-0.235111,5.632167,Location3
2022-08-15,1550.38333333,Ghana,-0.235111,5.632167,Location3
2022-08-16,4568.5505,Ghana,-0.235111,5.632167,Location3
2022-08-17,4670.918,Ghana,-0.235111,5.632167,Location3
2022-08-18,5556.115,Ghana,-0.235111,5.632167,Location3
2022-08-19,3184.045,Ghana,-0.235111,5.632167,Location3
2022-08-20,4264.65616667,Ghana,-0.235111,5.632167,Location3
2022-08-21,3825.37733333,Ghana,-0.235111,5.632167,Location3
2022-08-22,2889.11283333,Ghana,-0.235111,5.632167,Location3
2022-08-23,1953.512,Ghana,-0.235111,5.632167,Location3
2022-08-24,2403.81133333,Ghana,-0.235111,5.632167,Location3
2022-08-25,5148.89633333,Ghana,-0.235111,5.632167,Location3
2022-08-26,4990.709,Ghana,-0.235111,5.632167,Location3
2022-08-27,1328.36616667,Ghana,-0.235111,5.632167,Location3
2022-08-28,2580.39733333,Ghana,-0.235111,5.632167,Location3
2022-08-29,3538.271,Ghana,-0.235111,5.632167,Location3
2022-08-30,3180.51583333,Ghana,-0.235111,5.632167,Location3
2022-08-31,3668.22116667,Ghana,-0.235111,5.632167,Location3
2022-09-01,3092.10166667,Ghana,-0.235111,5.632167,Location3
2022-09-02,3560.16316667,Ghana,-0.235111,5.632167,Location3
2022-09-03,4303.05333333,Ghana,-0.235111,5.632167,Location3
2022-09-04,3215.35866667,Ghana,-0.235111,5.632167,Location3
2022-09-05,2933.77816667,Ghana,-0.235111,5.632167,Location3
2022-09-06,2906.77716667,Ghana,-0.235111,5.632167,Location3
2022-09-07,4318.80483333,Ghana,-0.235111,5.632167,Location3
2022-09-08,2856.01183333,Ghana,-0.235111,5.632167,Location3
2022-09-09,3338.398,Ghana,-0.235111,5.632167,Location3
2022-09-10,4945.05916667,Ghana,-0.235111,5.632167,Location3
2022-09-11,4486.22916667,Ghana,-0.235111,5.632167,Location3
2022-09-12,1271.49116667,Ghana,-0.235111,5.632167,Location3
2022-09-13,3416.002,Ghana,-0.235111,5.632167,Location3
2022-09-14,5617.22233333,Ghana,-0.235111,5.632167,Location3
2022-09-15,2095.5095,Ghana,-0.235111,5.632167,Location3
2022-09-16,4763.75516667,Ghana,-0.235111,5.632167,Location3
2022-09-17,5309.65966667,Ghana,-0.235111,5.632167,Location3
2022-09-18,2903.109,Ghana,-0.235111,5.632167,Location3
2022-09-19,1652.9505,Ghana,-0.235111,5.632167,Location3
2022-09-20,3206.09083333,Ghana,-0.235111,5.632167,Location3
2022-09-21,4281.6195,Ghana,-0.235111,5.632167,Location3
2022-09-22,4423.19733333,Ghana,-0.235111,5.632167,Location3
2022-09-23,5347.57583333,Ghana,-0.235111,5.632167,Location3
2022-09-24,6240.09466667,Ghana,-0.235111,5.632167,Location3
2022-09-25,5263.43066667,Ghana,-0.235111,5.632167,Location3
2022-09-26,2231.4865,Ghana,-0.235111,5.632167,Location3
2022-09-27,4342.47766667,Ghana,-0.235111,5.632167,Location3
2022-09-28,1865.686,Ghana,-0.235111,5.632167,Location3
2022-09-29,2902.56966667,Ghana,-0.235111,5.632167,Location3
2022-09-30,4697.17866667,Ghana,-0.235111,5.632167,Location3
2022-10-01,1520.82233333,Ghana,-0.235111,5.632167,Location3
2022-10-02,4114.02183333,Ghana,-0.235111,5.632167,Location3
2022-10-03,4706.24016667,Ghana,-0.235111,5.632167,Location3
2022-10-04,5270.32633333,Ghana,-0.235111,5.632167,Location3
2022-10-05,5696.81866667,Ghana,-0.235111,5.632167,Location3
2022-10-06,5858.943,Ghana,-0.235111,5.632167,Location3
2022-10-07,5554.64716667,Ghana,-0.235111,5.632167,Location3
2022-10-08,3627.3695,Ghana,-0.235111,5.632167,Location3
2022-10-09,3028.7175,Ghana,-0.235111,5.632167,Location3
2022-10-10,5469.1535,Ghana,-0.235111,5.632167,Location3
2022-10-11,4394.6345,Ghana,-0.235111,5.632167,Location3
2022-10-12,3230.1775,Ghana,-0.235111,5.632167,Location3
2022-10-13,5785.4,Ghana,-0.235111,5.632167,Location3
2022-10-14,4718.17783333,Ghana,-0.235111,5.632167,Location3
2022-10-15,5263.5755,Ghana,-0.235111,5.632167,Location3
2022-10-16,3276.29433333,Ghana,-0.235111,5.632167,Location3
2022-10-17,5057.6745,Ghana,-0.235111,5.632167,Location3
2022-10-18,5048.88833333,Ghana,-0.235111,5.632167,Location3
2022-10-19,5753.81616667,Ghana,-0.235111,5.632167,Location3
2022-10-20,5085.5,Ghana,-0.235111,5.632167,Location3
2022-10-21,4942.24833333,Ghana,-0.235111,5.632167,Location3
2022-10-22,5731.26983333,Ghana,-0.235111,5.632167,Location3
2022-10-23,4965.46133333,Ghana,-0.235111,5.632167,Location3
2022-10-24,4838.94233333,Ghana,-0.235111,5.632167,Location3
2022-10-25,3419.83466667,Ghana,-0.235111,5.632167,Location3
2022-10-26,6251.23933333,Ghana,-0.235111,5.632167,Location3
2022-10-27,4447.06916667,Ghana,-0.235111,5.632167,Location3
2022-10-28,4708.23533333,Ghana,-0.235111,5.632167,Location3
2022-10-29,5748.41116667,Ghana,-0.235111,5.632167,Location3
2022-10-30,4396.06683333,Ghana,-0.235111,5.632167,Location3
2022-10-31,4962.75533333,Ghana,-0.235111,5.632167,Location3
2022-11-01,4879.7735,Ghana,-0.235111,5.632167,Location3
2022-11-02,5152.57433333,Ghana,-0.235111,5.632167,Location3
2022-11-03,5065.02566667,Ghana,-0.235111,5.632167,Location3
2022-11-04,3382.86,Ghana,-0.235111,5.632167,Location3
2022-11-05,4857.96166667,Ghana,-0.235111,5.632167,Location3
2022-11-06,5493.532,Ghana,-0.235111,5.632167,Location3
2022-11-07,5550.36733333,Ghana,-0.235111,5.632167,Location3
2022-11-08,4829.45316667,Ghana,-0.235111,5.632167,Location3
2022-11-09,3461.32083333,Ghana,-0.235111,5.632167,Location3
2022-11-10,5516.038,Ghana,-0.235111,5.632167,Location3
2022-11-11,5911.941,Ghana,-0.235111,5.632167,Location3
2022-11-12,5344.90283333,Ghana,-0.235111,5.632167,Location3
2022-11-13,5643.99116667,Ghana,-0.235111,5.632167,Location3
2022-11-14,5721.14566667,Ghana,-0.235111,5.632167,Location3
2022-11-15,4963.71433333,Ghana,-0.235111,5.632167,Location3
2022-11-16,4985.03266667,Ghana,-0.235111,5.632167,Location3
2022-11-17,5221.3295,Ghana,-0.235111,5.632167,Location3
2022-11-18,5659.74283333,Ghana,-0.235111,5.632167,Location3
2022-11-19,4067.49466667,Ghana,-0.235111,5.632167,Location3
2022-11-20,3804.842,Ghana,-0.235111,5.632167,Location3
2022-11-21,5524.02683333,Ghana,-0.235111,5.632167,Location3
2022-11-22,4797.62133333,Ghana,-0.235111,5.632167,Location3
2022-11-23,3598.2195,Ghana,-0.235111,5.632167,Location3
2022-11-24,4172.97333333,Ghana,-0.235111,5.632167,Location3
2022-11-25,4780.79916667,Ghana,-0.235111,5.632167,Location3
2022-11-26,4693.21466667,Ghana,-0.235111,5.632167,Location3
2022-11-27,4306.2765,Ghana,-0.235111,5.632167,Location3
2022-11-28,4609.5055,Ghana,-0.235111,5.632167,Location3
2022-11-29,5236.52366667,Ghana,-0.235111,5.632167,Location3
2022-11-30,4973.75533333,Ghana,-0.235111,5.632167,Location3
2022-12-01,5319.65316667,Ghana,-0.235111,5.632167,Location3
2022-12-02,4441.46966667,Ghana,-0.235111,5.632167,Location3
2022-12-03,4071.3375,Ghana,-0.235111,5.632167,Location3
2022-12-04,5326.41533333,Ghana,-0.235111,5.632167,Location3
2022-12-05,4026.335,Ghana,-0.235111,5.632167,Location3
2022-12-06,4629.36483333,Ghana,-0.235111,5.632167,Location3
2022-12-07,5024.12416667,Ghana,-0.235111,5.632167,Location3
2022-12-08,4481.02233333,Ghana,-0.235111,5.632167,Location3
2022-12-09,4775.72616667,Ghana,-0.235111,5.632167,Location3
2022-12-10,4820.19,Ghana,-0.235111,5.632167,Location3
2022-12-11,4640.97083333,Ghana,-0.235111,5.632167,Location3
2022-12-12,4127.40183333,Ghana,-0.235111,5.632167,Location3
2022-12-13,4591.23233333,Ghana,-0.235111,5.632167,Location3
2022-12-14,4877.27016667,Ghana,-0.235111,5.632167,Location3
2022-12-15,4989.83933333,Ghana,-0.235111,5.632167,Location3
2022-12-16,3812.44483333,Ghana,-0.235111,5.632167,Location3
2022-12-17,3818.44016667,Ghana,-0.235111,5.632167,Location3
2022-12-18,4116.54466667,Ghana,-0.235111,5.632167,Location3
2022-12-19,3859.03566667,Ghana,-0.235111,5.632167,Location3
2022-12-20,4068.68383333,Ghana,-0.235111,5.632167,Location3
2022-12-21,4645.25066667,Ghana,-0.235111,5.632167,Location3
2023-01-02,3642.93,Ghana,-0.235111,5.632167,Location3
2023-01-03,3331.032,Ghana,-0.235111,5.632167,Location3
2023-01-04,3229.973,Ghana,-0.235111,5.632167,Location3
2023-01-05,3187.857,Ghana,-0.235111,5.632167,Location3
2023-01-06,2787.989,Ghana,-0.235111,5.632167,Location3
2023-01-07,3303.658,Ghana,-0.235111,5.632167,Location3
2023-01-08,3441.586,Ghana,-0.235111,5.632167,Location3
2023-01-09,3535.655,Ghana,-0.235111,5.632167,Location3
2023-01-10,3551.077,Ghana,-0.235111,5.632167,Location3
2023-01-11,3351.991,Ghana,-0.235111,5.632167,Location3
2023-01-12,3835.263,Ghana,-0.235111,5.632167,Location3
2023-01-13,3383.408,Ghana,-0.235111,5.632167,Location3
2023-01-14,3636.141,Ghana,-0.235111,5.632167,Location3
2023-01-15,3554.957,Ghana,-0.235111,5.632167,Location3
2023-01-16,3437.363,Ghana,-0.235111,5.632167,Location3
2023-01-17,2999.284,Ghana,-0.235111,5.632167,Location3
2023-01-18,3037.597,Ghana,-0.235111,5.632167,Location3
2023-01-19,3348.774,Ghana,-0.235111,5.632167,Location3
2023-01-20,3089.82,Ghana,-0.235111,5.632167,Location3
2023-01-21,3742.566,Ghana,-0.235111,5.632167,Location3
2023-01-22,3846.201,Ghana,-0.235111,5.632167,Location3
2023-01-23,3229.102,Ghana,-0.235111,5.632167,Location3
2023-01-24,3478.294,Ghana,-0.235111,5.632167,Location3
2023-01-25,3424.961,Ghana,-0.235111,5.632167,Location3
2023-01-26,3457.075,Ghana,-0.235111,5.632167,Location3
2023-01-27,3797.04,Ghana,-0.235111,5.632167,Location3
2023-01-28,3787.756,Ghana,-0.235111,5.632167,Location3
2023-01-29,2838.495,Ghana,-0.235111,5.632167,Location3
2023-01-30,4047.746,Ghana,-0.235111,5.632167,Location3
2023-01-31,3136.175,Ghana,-0.235111,5.632167,Location3
2023-02-01,3875.324,Ghana,-0.235111,5.632167,Location3
2023-02-02,3700.584,Ghana,-0.235111,5.632167,Location3
2023-02-03,3478.364,Ghana,-0.235111,5.632167,Location3
2023-02-04,3200.173,Ghana,-0.235111,5.632167,Location3
2023-02-05,4366.609,Ghana,-0.235111,5.632167,Location3
2023-02-06,5357.65,Ghana,-0.235111,5.632167,Location3
2023-02-07,5473.471,Ghana,-0.235111,5.632167,Location3
2023-02-08,5257.233,Ghana,-0.235111,5.632167,Location3
2023-02-09,5005.113,Ghana,-0.235111,5.632167,Location3
2023-02-10,5301.158,Ghana,-0.235111,5.632167,Location3
2023-02-11,5064.859,Ghana,-0.235111,5.632167,Location3
2023-02-12,4568.075,Ghana,-0.235111,5.632167,Location3
2023-02-13,4458.348,Ghana,-0.235111,5.632167,Location3
2023-02-14,4335.421,Ghana,-0.235111,5.632167,Location3
2023-02-15,4523.719,Ghana,-0.235111,5.632167,Location3
2023-02-16,4870.655,Ghana,-0.235111,5.632167,Location3
2023-02-17,4401.015,Ghana,-0.235111,5.632167,Location3
2023-02-18,4200.13,Ghana,-0.235111,5.632167,Location3
2023-02-19,3643.34,Ghana,-0.235111,5.632167,Location3
2023-02-20,3929.406,Ghana,-0.235111,5.632167,Location3
2023-02-21,4009.52,Ghana,-0.235111,5.632167,Location3
2023-02-22,3689.388,Ghana,-0.235111,5.632167,Location3
2023-02-23,4382.449,Ghana,-0.235111,5.632167,Location3
2023-02-24,4710.732,Ghana,-0.235111,5.632167,Location3
2023-02-25,4941.7,Ghana,-0.235111,5.632167,Location3
2023-02-26,4943.522,Ghana,-0.235111,5.632167,Location3
2023-02-27,5140.705,Ghana,-0.235111,5.632167,Location3
2023-02-28,5045.831,Ghana,-0.235111,5.632167,Location3
2023-03-01,5887.69,Ghana,-0.235111,5.632167,Location3
2023-03-02,5215.0,Ghana,-0.235111,5.632167,Location3
2023-03-03,3853.187,Ghana,-0.235111,5.632167,Location3
2023-03-04,5510.048,Ghana,-0.235111,5.632167,Location3
2023-03-05,5725.574,Ghana,-0.235111,5.632167,Location3
2023-03-06,5901.356,Ghana,-0.235111,5.632167,Location3
2023-03-07,2000.95,Ghana,-0.235111,5.632167,Location3
2023-03-08,6332.217,Ghana,-0.235111,5.632167,Location3
2023-03-09,5481.432,Ghana,-0.235111,5.632167,Location3
2023-03-10,2830.086,Ghana,-0.235111,5.632167,Location3
2023-03-11,5684.596,Ghana,-0.235111,5.632167,Location3
2023-03-12,2294.12,Ghana,-0.235111,5.632167,Location3
2023-03-13,6118.083,Ghana,-0.235111,5.632167,Location3
2023-03-14,5276.722,Ghana,-0.235111,5.632167,Location3
2023-03-15,5698.285,Ghana,-0.235111,5.632167,Location3
2023-03-16,5517.431,Ghana,-0.235111,5.632167,Location3
2023-03-17,5433.306,Ghana,-0.235111,5.632167,Location3
2023-03-18,3547.231,Ghana,-0.235111,5.632167,Location3
2023-03-19,6061.621,Ghana,-0.235111,5.632167,Location3
2023-03-20,6072.541,Ghana,-0.235111,5.632167,Location3
2023-03-21,5991.088,Ghana,-0.235111,5.632167,Location3
2023-03-22,3050.71,Ghana,-0.235111,5.632167,Location3
2023-03-23,5201.455,Ghana,-0.235111,5.632167,Location3
2023-03-24,2434.625,Ghana,-0.235111,5.632167,Location3
2023-03-25,5296.45,Ghana,-0.235111,5.632167,Location3
2023-03-26,5309.989,Ghana,-0.235111,5.632167,Location3
2023-03-27,4702.531,Ghana,-0.235111,5.632167,Location3
2023-03-28,6088.643,Ghana,-0.235111,5.632167,Location3
2023-03-29,5699.15,Ghana,-0.235111,5.632167,Location3
2023-03-30,5945.788,Ghana,-0.235111,5.632167,Location3
2023-03-31,3258.985,Ghana,-0.235111,5.632167,Location3
2023-04-01,5117.396,Ghana,-0.235111,5.632167,Location3
2023-04-02,5829.869,Ghana,-0.235111,5.632167,Location3
2023-04-03,4824.746,Ghana,-0.235111,5.632167,Location3
2023-04-04,3644.937,Ghana,-0.235111,5.632167,Location3
2023-04-05,6275.01,Ghana,-0.235111,5.632167,Location3
2023-04-06,5646.957,Ghana,-0.235111,5.632167,Location3
2023-04-07,4776.651,Ghana,-0.235111,5.632167,Location3
2023-04-08,5531.772,Ghana,-0.235111,5.632167,Location3
2023-04-09,3236.691,Ghana,-0.235111,5.632167,Location3
2023-04-10,4972.362,Ghana,-0.235111,5.632167,Location3
2023-04-11,5329.599,Ghana,-0.235111,5.632167,Location3
2023-04-12,6191.403,Ghana,-0.235111,5.632167,Location3
2023-04-13,5411.783,Ghana,-0.235111,5.632167,Location3
2023-04-14,3698.862,Ghana,-0.235111,5.632167,Location3
2023-04-15,4448.565,Ghana,-0.235111,5.632167,Location3
2023-04-16,6114.5,Ghana,-0.235111,5.632167,Location3
2023-04-17,4448.184,Ghana,-0.235111,5.632167,Location3
2023-04-18,5322.187,Ghana,-0.235111,5.632167,Location3
2023-04-19,3120.156,Ghana,-0.235111,5.632167,Location3
2023-04-20,4942.233,Ghana,-0.235111,5.632167,Location3
2023-04-21,5678.056,Ghana,-0.235111,5.632167,Location3
2023-04-22,4674.857,Ghana,-0.235111,5.632167,Location3
2023-04-23,4767.678,Ghana,-0.235111,5.632167,Location3
2023-04-24,4177.01,Ghana,-0.235111,5.632167,Location3
2023-04-25,5903.836,Ghana,-0.235111,5.632167,Location3
2023-04-26,3561.605,Ghana,-0.235111,5.632167,Location3
2023-04-27,6016.983,Ghana,-0.235111,5.632167,Location3
2023-04-28,5103.801,Ghana,-0.235111,5.632167,Location3
2023-04-29,5547.667,Ghana,-0.235111,5.632167,Location3
2023-04-30,5014.031,Ghana,-0.235111,5.632167,Location3
2023-05-01,5845.422,Ghana,-0.235111,5.632167,Location3
2023-05-02,5063.175,Ghana,-0.235111,5.632167,Location3
2023-05-03,5698.117,Ghana,-0.235111,5.632167,Location3
2023-05-04,5962.95,Ghana,-0.235111,5.632167,Location3
2023-05-05,6178.336,Ghana,-0.235111,5.632167,Location3
2023-05-06,3563.372,Ghana,-0.235111,5.632167,Location3
2023-05-07,5420.05,Ghana,-0.235111,5.632167,Location3
2023-05-08,5925.796,Ghana,-0.235111,5.632167,Location3
2023-05-09,5362.68,Ghana,-0.235111,5.632167,Location3
2023-05-10,5799.994,Ghana,-0.235111,5.632167,Location3
2023-05-11,5482.927,Ghana,-0.235111,5.632167,Location3
2023-05-12,2441.121,Ghana,-0.235111,5.632167,Location3
2023-05-13,5021.22,Ghana,-0.235111,5.632167,Location3
2023-05-14,4140.533,Ghana,-0.235111,5.632167,Location3
2023-05-15,1404.983,Ghana,-0.235111,5.632167,Location3
2023-05-16,6195.571,Ghana,-0.235111,5.632167,Location3
2023-05-17,5935.589,Ghana,-0.235111,5.632167,Location3
2023-05-18,1066.669,Ghana,-0.235111,5.632167,Location3
2023-05-19,4574.014,Ghana,-0.235111,5.632167,Location3
2023-05-20,4793.852,Ghana,-0.235111,5.632167,Location3
2023-05-21,5679.976,Ghana,-0.235111,5.632167,Location3
2023-05-22,4574.255,Ghana,-0.235111,5.632167,Location3
2023-05-23,4958.559,Ghana,-0.235111,5.632167,Location3
2023-05-24,3348.943,Ghana,-0.235111,5.632167,Location3
2023-05-25,5080.709,Ghana,-0.235111,5.632167,Location3
2023-05-26,5507.167,Ghana,-0.235111,5.632167,Location3
2023-05-27,1360.744,Ghana,-0.235111,5.632167,Location3
2023-05-28,3607.843,Ghana,-0.235111,5.632167,Location3
2023-05-29,3650.035,Ghana,-0.235111,5.632167,Location3
2023-05-30,4021.562,Ghana,-0.235111,5.632167,Location3
2023-05-31,5094.539,Ghana,-0.235111,5.632167,Location3
2023-06-01,2422.821,Ghana,-0.235111,5.632167,Location3
2023-06-02,4609.183,Ghana,-0.235111,5.632167,Location3
2023-06-03,4701.384,Ghana,-0.235111,5.632167,Location3
2023-06-04,3652.681,Ghana,-0.235111,5.632167,Location3
2023-06-05,5840.334,Ghana,-0.235111,5.632167,Location3
2023-06-06,3562.252,Ghana,-0.235111,5.632167,Location3
2023-06-07,1717.042,Ghana,-0.235111,5.632167,Location3
2023-06-08,2853.656,Ghana,-0.235111,5.632167,Location3
2023-06-09,5588.708,Ghana,-0.235111,5.632167,Location3
2023-06-10,1078.909,Ghana,-0.235111,5.632167,Location3
2023-06-11,4536.12,Ghana,-0.235111,5.632167,Location3
2023-06-12,6095.91,Ghana,-0.235111,5.632167,Location3
2023-06-13,5945.839,Ghana,-0.235111,5.632167,Location3
2023-06-14,4542.842,Ghana,-0.235111,5.632167,Location3
2023-06-15,3362.406,Ghana,-0.235111,5.632167,Location3
2023-06-16,4876.288,Ghana,-0.235111,5.632167,Location3
2023-06-17,4564.893,Ghana,-0.235111,5.632167,Location3
2023-06-18,4474.72,Ghana,-0.235111,5.632167,Location3
2023-06-19,1461.098,Ghana,-0.235111,5.632167,Location3
2023-06-20,3439.866,Ghana,-0.235111,5.632167,Location3
2023-06-21,1331.045,Ghana,-0.235111,5.632167,Location3
2023-06-22,3173.977,Ghana,-0.235111,5.632167,Location3
2023-06-23,4101.615,Ghana,-0.235111,5.632167,Location3
2023-06-24,2063.144,Ghana,-0.235111,5.632167,Location3
2023-06-25,3998.557,Ghana,-0.235111,5.632167,Location3
2023-06-26,2739.988,Ghana,-0.235111,5.632167,Location3
2023-06-27,4119.196,Ghana,-0.235111,5.632167,Location3
2023-06-28,4085.592,Ghana,-0.235111,5.632167,Location3
2023-06-29,4482.108,Ghana,-0.235111,5.632167,Location3
2023-06-30,5429.302,Ghana,-0.235111,5.632167,Location3
2023-07-01,3824.398,Ghana,-0.235111,5.632167,Location3
2023-07-02,4221.527,Ghana,-0.235111,5.632167,Location3
2023-07-03,4776.466,Ghana,-0.235111,5.632167,Location3
2023-07-04,3685.811,Ghana,-0.235111,5.632167,Location3
2023-07-05,4629.124,Ghana,-0.235111,5.632167,Location3
2023-07-06,4732.621,Ghana,-0.235111,5.632167,Location3
2023-07-07,4256.677,Ghana,-0.235111,5.632167,Location3
2023-07-08,2423.425,Ghana,-0.235111,5.632167,Location3
2023-07-09,2543.958,Ghana,-0.235111,5.632167,Location3
2023-07-10,4867.75,Ghana,-0.235111,5.632167,Location3
2023-07-11,3250.188,Ghana,-0.235111,5.632167,Location3
2023-07-12,917.777,Ghana,-0.235111,5.632167,Location3
2023-07-13,5677.545,Ghana,-0.235111,5.632167,Location3
2023-07-14,4380.013,Ghana,-0.235111,5.632167,Location3
2023-07-15,4852.927,Ghana,-0.235111,5.632167,Location3
2023-07-16,4370.148,Ghana,-0.235111,5.632167,Location3
2023-07-17,3047.095,Ghana,-0.235111,5.632167,Location3
2023-07-18,4846.212,Ghana,-0.235111,5.632167,Location3
2023-07-19,4269.218,Ghana,-0.235111,5.632167,Location3
2023-07-20,3109.186,Ghana,-0.235111,5.632167,Location3
2023-07-21,3005.976,Ghana,-0.235111,5.632167,Location3
2023-07-22,1408.844,Ghana,-0.235111,5.632167,Location3
2023-07-23,1972.635,Ghana,-0.235111,5.632167,Location3
2023-07-24,2813.55,Ghana,-0.235111,5.632167,Location3
2023-07-25,2748.828,Ghana,-0.235111,5.632167,Location3
2023-07-26,3954.537,Ghana,-0.235111,5.632167,Location3
2023-07-27,2184.586,Ghana,-0.235111,5.632167,Location3
2023-07-28,2451.868,Ghana,-0.235111,5.632167,Location3
2023-07-29,3443.496,Ghana,-0.235111,5.632167,Location3
2023-07-30,3880.516,Ghana,-0.235111,5.632167,Location3
2023-07-31,2235.49,Ghana,-0.235111,5.632167,Location3
2023-08-01,2842.252,Ghana,-0.235111,5.632167,Location3
2023-08-02,2282.351,Ghana,-0.235111,5.632167,Location3
2023-08-03,2298.171,Ghana,-0.235111,5.632167,Location3
2023-08-04,2768.72,Ghana,-0.235111,5.632167,Location3
2023-08-05,2181.607,Ghana,-0.235111,5.632167,Location3
2023-08-06,2485.957,Ghana,-0.235111,5.632167,Location3
2023-08-07,2565.423,Ghana,-0.235111,5.632167,Location3
2023-08-08,2344.278,Ghana,-0.235111,5.632167,Location3
2023-08-09,1962.974,Ghana,-0.235111,5.632167,Location3
2023-08-10,2982.107,Ghana,-0.235111,5.632167,Location3
2023-08-11,3011.295,Ghana,-0.235111,5.632167,Location3
2023-08-12,2072.788,Ghana,-0.235111,5.632167,Location3
2023-08-13,2701.68,Ghana,-0.235111,5.632167,Location3
2023-08-14,2330.074,Ghana,-0.235111,5.632167,Location3
2023-08-15,3119.12,Ghana,-0.235111,5.632167,Location3
2023-08-16,3040.752,Ghana,-0.235111,5.632167,Location3
2023-08-17,3030.134,Ghana,-0.235111,5.632167,Location3
2023-08-18,1017.297,Ghana,-0.235111,5.632167,Location3
2023-08-19,2290.748,Ghana,-0.235111,5.632167,Location3
2023-08-20,3446.99,Ghana,-0.235111,5.632167,Location3
2023-08-21,3375.035,Ghana,-0.235111,5.632167,Location3
2023-08-22,4902.805,Ghana,-0.235111,5.632167,Location3
2023-08-23,3827.288,Ghana,-0.235111,5.632167,Location3
2023-08-24,1011.357,Ghana,-0.235111,5.632167,Location3
2023-08-25,3050.401,Ghana,-0.235111,5.632167,Location3
2023-08-26,3066.222,Ghana,-0.235111,5.632167,Location3
2023-08-27,4552.604,Ghana,-0.235111,5.632167,Location3
2023-08-28,3699.837,Ghana,-0.235111,5.632167,Location3
2023-08-29,3103.375,Ghana,-0.235111,5.632167,Location3
2023-08-30,3990.39,Ghana,-0.235111,5.632167,Location3
2023-08-31,4091.789,Ghana,-0.235111,5.632167,Location3
2023-09-01,3623.219,Ghana,-0.235111,5.632167,Location3
2023-09-02,1866.214,Ghana,-0.235111,5.632167,Location3
2023-09-03,2405.676,Ghana,-0.235111,5.632167,Location3
2023-09-04,3668.085,Ghana,-0.235111,5.632167,Location3
2023-09-05,3243.28,Ghana,-0.235111,5.632167,Location3
2023-09-06,4027.064,Ghana,-0.235111,5.632167,Location3
2023-09-07,4251.711,Ghana,-0.235111,5.632167,Location3
2023-09-08,4993.152,Ghana,-0.235111,5.632167,Location3
2023-09-09,2289.437,Ghana,-0.235111,5.632167,Location3
2023-09-10,4128.497,Ghana,-0.235111,5.632167,Location3
2023-09-11,4867.591,Ghana,-0.235111,5.632167,Location3
2023-09-12,1396.588,Ghana,-0.235111,5.632167,Location3
2023-09-13,2864.399,Ghana,-0.235111,5.632167,Location3
2023-09-14,4844.002,Ghana,-0.235111,5.632167,Location3
2023-09-15,3445.007,Ghana,-0.235111,5.632167,Location3
2023-09-16,4734.819,Ghana,-0.235111,5.632167,Location3
2023-09-17,4133.153,Ghana,-0.235111,5.632167,Location3
2023-09-18,3846.983,Ghana,-0.235111,5.632167,Location3
2023-09-19,2553.867,Ghana,-0.235111,5.632167,Location3
2023-09-20,4350.523,Ghana,-0.235111,5.632167,Location3
2023-09-21,4768.809,Ghana,-0.235111,5.632167,Location3
2023-09-22,2616.47,Ghana,-0.235111,5.632167,Location3
2023-09-23,2118.479,Ghana,-0.235111,5.632167,Location3
2023-09-24,5178.663,Ghana,-0.235111,5.632167,Location3
2023-09-25,3709.145,Ghana,-0.235111,5.632167,Location3
2023-09-26,5318.901,Ghana,-0.235111,5.632167,Location3
2023-09-27,4716.625,Ghana,-0.235111,5.632167,Location3
2023-09-28,5997.624,Ghana,-0.235111,5.632167,Location3
2023-09-29,5409.864,Ghana,-0.235111,5.632167,Location3
2023-09-30,5446.416,Ghana,-0.235111,5.632167,Location3
2023-10-01,1928.091,Ghana,-0.235111,5.632167,Location3
2023-10-02,4920.22,Ghana,-0.235111,5.632167,Location3
2023-10-03,2055.113,Ghana,-0.235111,5.632167,Location3
2023-10-04,5942.856,Ghana,-0.235111,5.632167,Location3
2023-10-05,2899.211,Ghana,-0.235111,5.632167,Location3
2023-10-06,5891.689,Ghana,-0.235111,5.632167,Location3
2023-10-07,4681.409,Ghana,-0.235111,5.632167,Location3
2023-10-08,4369.999,Ghana,-0.235111,5.632167,Location3
2023-10-09,3959.386,Ghana,-0.235111,5.632167,Location3
2023-10-10,3719.515,Ghana,-0.235111,5.632167,Location3
2023-10-11,4906.764,Ghana,-0.235111,5.632167,Location3
2023-10-12,4144.145,Ghana,-0.235111,5.632167,Location3
2023-10-13,3087.656,Ghana,-0.235111,5.632167,Location3
2023-10-14,4183.974,Ghana,-0.235111,5.632167,Location3
2023-10-15,5813.585,Ghana,-0.235111,5.632167,Location3
2023-10-16,5167.443,Ghana,-0.235111,5.632167,Location3
2023-10-17,2652.71,Ghana,-0.235111,5.632167,Location3
2023-10-18,5865.654,Ghana,-0.235111,5.632167,Location3
2023-10-19,5121.944,Ghana,-0.235111,5.632167,Location3
2023-10-20,5401.159,Ghana,-0.235111,5.632167,Location3
2023-10-21,5898.941,Ghana,-0.235111,5.632167,Location3
2023-10-22,5461.648,Ghana,-0.235111,5.632167,Location3
2023-10-23,3599.155,Ghana,-0.235111,5.632167,Location3
2023-10-24,3414.839,Ghana,-0.235111,5.632167,Location3
2023-10-25,5233.569,Ghana,-0.235111,5.632167,Location3
2023-10-26,4621.206,Ghana,-0.235111,5.632167,Location3
2023-10-27,5198.537,Ghana,-0.235111,5.632167,Location3
2023-10-28,5680.538,Ghana,-0.235111,5.632167,Location3
2023-10-29,5756.365,Ghana,-0.235111,5.632167,Location3
2023-10-30,5036.377,Ghana,-0.235111,5.632167,Location3
2023-10-31,2651.861,Ghana,-0.235111,5.632167,Location3
2023-11-01,4155.349,Ghana,-0.235111,5.632167,Location3
2023-11-02,5562.839,Ghana,-0.235111,5.632167,Location3
2023-11-03,4873.822,Ghana,-0.235111,5.632167,Location3
2023-11-04,5491.222,Ghana,-0.235111,5.632167,Location3
2023-11-05,4120.437,Ghana,-0.235111,5.632167,Location3
2023-11-06,4352.706,Ghana,-0.235111,5.632167,Location3
2023-11-07,5230.484,Ghana,-0.235111,5.632167,Location3
2023-11-08,5052.374,Ghana,-0.235111,5.632167,Location3
2023-11-09,5542.856,Ghana,-0.235111,5.632167,Location3
2023-11-10,5793.283,Ghana,-0.235111,5.632167,Location3
2023-11-11,5218.279,Ghana,-0.235111,5.632167,Location3
2023-11-12,5324.102,Ghana,-0.235111,5.632167,Location3
2023-11-13,4601.647,Ghana,-0.235111,5.632167,Location3
2023-11-14,4856.696,Ghana,-0.235111,5.632167,Location3
2023-11-15,2808.031,Ghana,-0.235111,5.632167,Location3
2023-11-16,5839.018,Ghana,-0.235111,5.632167,Location3
2023-11-17,4960.437,Ghana,-0.235111,5.632167,Location3
2023-11-18,3854.874,Ghana,-0.235111,5.632167,Location3
2023-11-19,4276.469,Ghana,-0.235111,5.632167,Location3
2023-11-20,4664.529,Ghana,-0.235111,5.632167,Location3
2023-11-21,5328.241,Ghana,-0.235111,5.632167,Location3
2023-11-22,5401.792,Ghana,-0.235111,5.632167,Location3
2023-11-23,3757.909,Ghana,-0.235111,5.632167,Location3
2023-11-24,5390.064,Ghana,-0.235111,5.632167,Location3
2023-11-25,3614.589,Ghana,-0.235111,5.632167,Location3
2023-11-26,2946.843,Ghana,-0.235111,5.632167,Location3
2023-11-27,3953.781,Ghana,-0.235111,5.632167,Location3
2023-11-28,4000.96,Ghana,-0.235111,5.632167,Location3
2023-11-29,5044.666,Ghana,-0.235111,5.632167,Location3
2023-11-30,4291.141,Ghana,-0.235111,5.632167,Location3
2023-12-01,4877.51,Ghana,-0.235111,5.632167,Location3
2023-12-02,4888.852,Ghana,-0.235111,5.632167,Location3
2023-12-03,4091.562,Ghana,-0.235111,5.632167,Location3
2023-12-04,4770.446,Ghana,-0.235111,5.632167,Location3
2023-12-05,5139.087,Ghana,-0.235111,5.632167,Location3
2023-12-06,4542.891,Ghana,-0.235111,5.632167,Location3
2023-12-07,3989.424,Ghana,-0.235111,5.632167,Location3
2023-12-08,3561.449,Ghana,-0.235111,5.632167,Location3
2023-12-09,4835.222,Ghana,-0.235111,5.632167,Location3
2023-12-10,4822.607,Ghana,-0.235111,5.632167,Location3
2023-12-11,5051.089,Ghana,-0.235111,5.632167,Location3
2023-12-12,4391.849,Ghana,-0.235111,5.632167,Location3
2023-12-13,5272.122,Ghana,-0.235111,5.632167,Location3
2023-12-14,4975.937,Ghana,-0.235111,5.632167,Location3
2023-12-15,4728.744,Ghana,-0.235111,5.632167,Location3
2023-12-16,4143.192,Ghana,-0.235111,5.632167,Location3
2023-12-17,4225.557,Ghana,-0.235111,5.632167,Location3
2023-12-18,4628.029,Ghana,-0.235111,5.632167,Location3
2023-12-19,4429.713,Ghana,-0.235111,5.632167,Location3
2023-12-20,4460.044,Ghana,-0.235111,5.632167,Location3
2023-12-21,4514.622,Ghana,-0.235111,5.632167,Location3
2023-12-22,4308.099,Ghana,-0.235111,5.632167,Location3
2023-12-23,4146.425,Ghana,-0.235111,5.632167,Location3
2023-12-24,4001.806,Ghana,-0.235111,5.632167,Location3
2023-12-25,4245.235,Ghana,-0.235111,5.632167,Location3
2023-12-26,4046.758,Ghana,-0.235111,5.632167,Location3
2023-12-27,4073.602,Ghana,-0.235111,5.632167,Location3
2023-12-28,3539.508,Ghana,-0.235111,5.632167,Location3
2023-12-29,3893.513,Ghana,-0.235111,5.632167,Location3
2023-12-30,3905.802,Ghana,-0.235111,5.632167,Location3
2023-12-31,3854.257,Ghana,-0.235111,5.632167,Location3
2024-01-01,3642.492,Ghana,-0.235111,5.632167,Location3
2024-01-02,3387.84,Ghana,-0.235111,5.632167,Location3
2024-01-03,4121.034,Ghana,-0.235111,5.632167,Location3
2024-01-04,3553.488,Ghana,-0.235111,5.632167,Location3
2024-01-05,3899.75,Ghana,-0.235111,5.632167,Location3
2024-01-06,3996.858,Ghana,-0.235111,5.632167,Location3
2024-01-07,4007.368,Ghana,-0.235111,5.632167,Location3
2024-01-08,3184.905,Ghana,-0.235111,5.632167,Location3
2024-01-09,3234.696,Ghana,-0.235111,5.632167,Location3
2024-01-10,5106.58,Ghana,-0.235111,5.632167,Location3
2024-01-11,4641.907,Ghana,-0.235111,5.632167,Location3
2024-01-12,4428.151,Ghana,-0.235111,5.632167,Location3
2024-01-13,4463.816,Ghana,-0.235111,5.632167,Location3
2024-01-14,4314.089,Ghana,-0.235111,5.632167,Location3
2024-01-15,4317.885,Ghana,-0.235111,5.632167,Location3
2024-01-16,4503.684,Ghana,-0.235111,5.632167,Location3
2024-01-17,4521.833,Ghana,-0.235111,5.632167,Location3
2024-01-18,4468.714,Ghana,-0.235111,5.632167,Location3
2024-01-19,4483.308,Ghana,-0.235111,5.632167,Location3
2024-01-20,4092.017,Ghana,-0.235111,5.632167,Location3
2024-01-21,4372.339,Ghana,-0.235111,5.632167,Location3
2024-01-22,4389.953,Ghana,-0.235111,5.632167,Location3
2024-01-23,3457.278,Ghana,-0.235111,5.632167,Location3
2024-01-24,4451.182,Ghana,-0.235111,5.632167,Location3
2024-01-25,3421.861,Ghana,-0.235111,5.632167,Location3
2024-01-26,3933.212,Ghana,-0.235111,5.632167,Location3
2024-01-27,4021.048,Ghana,-0.235111,5.632167,Location3
2024-01-28,3497.484,Ghana,-0.235111,5.632167,Location3
2024-01-29,3221.806,Ghana,-0.235111,5.632167,Location3
2024-01-30,2982.938,Ghana,-0.235111,5.632167,Location3
2024-01-31,3195.274,Ghana,-0.235111,5.632167,Location3
2024-02-01,3147.529,Ghana,-0.235111,5.632167,Location3
2024-02-02,2705.088,Ghana,-0.235111,5.632167,Location3
2024-02-03,4183.532,Ghana,-0.235111,5.632167,Location3
2024-02-04,3615.492,Ghana,-0.235111,5.632167,Location3
2024-02-05,3568.301,Ghana,-0.235111,5.632167,Location3
2024-02-06,3861.555,Ghana,-0.235111,5.632167,Location3
2024-02-07,3641.096,Ghana,-0.235111,5.632167,Location3
2024-02-08,3697.087,Ghana,-0.235111,5.632167,Location3
2024-02-09,3742.816,Ghana,-0.235111,5.632167,Location3
2024-02-10,3920.602,Ghana,-0.235111,5.632167,Location3
2024-02-11,3944.371,Ghana,-0.235111,5.632167,Location3
2024-02-12,3995.866,Ghana,-0.235111,5.632167,Location3
2024-02-13,4112.861,Ghana,-0.235111,5.632167,Location3
2024-02-14,4193.988,Ghana,-0.235111,5.632167,Location3
2024-02-15,3631.054,Ghana,-0.235111,5.632167,Location3
2024-02-16,3558.084,Ghana,-0.235111,5.632167,Location3
2024-02-17,4085.912,Ghana,-0.235111,5.632167,Location3
2024-02-18,4017.806,Ghana,-0.235111,5.632167,Location3
2024-02-19,4174.808,Ghana,-0.235111,5.632167,Location3
2024-02-20,2840.528,Ghana,-0.235111,5.632167,Location3
2024-02-21,4978.662,Ghana,-0.235111,5.632167,Location3
2024-02-22,5060.85,Ghana,-0.235111,5.632167,Location3
2024-02-23,4874.448,Ghana,-0.235111,5.632167,Location3
2024-02-24,5247.285,Ghana,-0.235111,5.632167,Location3
2024-02-25,5431.912,Ghana,-0.235111,5.632167,Location3
2024-02-26,5295.214,Ghana,-0.235111,5.632167,Location3
2024-02-27,5658.215,Ghana,-0.235111,5.632167,Location3
2024-02-28,5155.984,Ghana,-0.235111,5.632167,Location3
2024-02-29,5257.439,Ghana,-0.235111,5.632167,Location3
2024-03-01,3637.058,Ghana,-0.235111,5.632167,Location3
2024-03-02,5403.296,Ghana,-0.235111,5.632167,Location3
2024-03-03,2302.172,Ghana,-0.235111,5.632167,Location3
2024-03-04,5579.752,Ghana,-0.235111,5.632167,Location3
2024-03-05,5543.382,Ghana,-0.235111,5.632167,Location3
2024-03-06,4515.315,Ghana,-0.235111,5.632167,Location3
2024-03-07,2078.987,Ghana,-0.235111,5.632167,Location3
2024-03-08,5902.744,Ghana,-0.235111,5.632167,Location3
2024-03-09,2664.008,Ghana,-0.235111,5.632167,Location3
2024-03-10,5581.405,Ghana,-0.235111,5.632167,Location3
2024-03-11,6043.808,Ghana,-0.235111,5.632167,Location3
2024-03-12,5612.463,Ghana,-0.235111,5.632167,Location3
2024-03-13,0.0,Ghana,-0.235111,5.632167,Location3
2024-03-14,0.0,Ghana,-0.235111,5.632167,Location3
2024-03-15,0.0,Ghana,-0.235111,5.632167,Location3
2024-03-16,0.0,Ghana,-0.235111,5.632167,Location3
2024-03-17,0.0,Ghana,-0.235111,5.632167,Location3
2024-03-18,4641.122,Ghana,-0.235111,5.632167,Location3
2024-03-19,3058.596,Ghana,-0.235111,5.632167,Location3
2024-03-20,4702.772,Ghana,-0.235111,5.632167,Location3
2024-03-21,5298.665,Ghana,-0.235111,5.632167,Location3
2024-03-22,5480.678,Ghana,-0.235111,5.632167,Location3
2024-03-23,4645.436,Ghana,-0.235111,5.632167,Location3
2024-03-24,5961.467,Ghana,-0.235111,5.632167,Location3
2024-03-25,5615.701,Ghana,-0.235111,5.632167,Location3
2024-03-26,6417.85,Ghana,-0.235111,5.632167,Location3
2024-03-27,6318.228,Ghana,-0.235111,5.632167,Location3
2024-03-28,4835.642,Ghana,-0.235111,5.632167,Location3
2024-03-29,5595.745,Ghana,-0.235111,5.632167,Location3
2024-03-30,6348.384,Ghana,-0.235111,5.632167,Location3
2024-03-31,6385.236,Ghana,-0.235111,5.632167,Location3
2024-04-01,5440.862,Ghana,-0.235111,5.632167,Location3
2024-04-02,6200.387,Ghana,-0.235111,5.632167,Location3
2024-04-03,2926.012,Ghana,-0.235111,5.632167,Location3
2024-04-04,6663.87,Ghana,-0.235111,5.632167,Location3
2024-04-05,5910.495,Ghana,-0.235111,5.632167,Location3
2024-04-06,4402.306,Ghana,-0.235111,5.632167,Location3
2024-04-07,6301.647,Ghana,-0.235111,5.632167,Location3
2024-04-08,3442.474,Ghana,-0.235111,5.632167,Location3
2024-04-09,6234.706,Ghana,-0.235111,5.632167,Location3
2024-04-10,5373.543,Ghana,-0.235111,5.632167,Location3
2024-04-11,3531.102,Ghana,-0.235111,5.632167,Location3
2024-04-12,5437.406,Ghana,-0.235111,5.632167,Location3
2024-04-13,5736.914,Ghana,-0.235111,5.632167,Location3
2024-04-14,3959.254,Ghana,-0.235111,5.632167,Location3
2024-04-15,4764.147,Ghana,-0.235111,5.632167,Location3
2024-04-16,1167.253,Ghana,-0.235111,5.632167,Location3
2024-04-17,5761.004,Ghana,-0.235111,5.632167,Location3
2024-04-18,5472.912,Ghana,-0.235111,5.632167,Location3
2024-04-19,5010.525,Ghana,-0.235111,5.632167,Location3
2024-04-20,5726.757,Ghana,-0.235111,5.632167,Location3
2024-04-21,5741.598,Ghana,-0.235111,5.632167,Location3
2024-04-22,5686.275,Ghana,-0.235111,5.632167,Location3
2024-04-23,2411.507,Ghana,-0.235111,5.632167,Location3
2024-04-24,6219.391,Ghana,-0.235111,5.632167,Location3
2024-04-25,6245.832,Ghana,-0.235111,5.632167,Location3
2024-04-26,5507.686,Ghana,-0.235111,5.632167,Location3
2024-04-27,5643.939,Ghana,-0.235111,5.632167,Location3
2024-04-28,4692.753,Ghana,-0.235111,5.632167,Location3
2024-04-29,4327.784,Ghana,-0.235111,5.632167,Location3
2024-04-30,5883.612,Ghana,-0.235111,5.632167,Location3
2024-05-01,2028.375,Ghana,-0.235111,5.632167,Location3
2024-05-02,5880.174,Ghana,-0.235111,5.632167,Location3
2024-05-03,5614.396,Ghana,-0.235111,5.632167,Location3
2024-05-04,5719.195,Ghana,-0.235111,5.632167,Location3
2024-05-05,5518.867,Ghana,-0.235111,5.632167,Location3
2024-05-06,2480.072,Ghana,-0.235111,5.632167,Location3
2024-05-07,4637.808,Ghana,-0.235111,5.632167,Location3
2024-05-08,6229.098,Ghana,-0.235111,5.632167,Location3
2024-05-09,4383.893,Ghana,-0.235111,5.632167,Location3
2024-05-10,3317.104,Ghana,-0.235111,5.632167,Location3
2024-05-11,4836.928,Ghana,-0.235111,5.632167,Location3
2024-05-12,4580.364,Ghana,-0.235111,5.632167,Location3
2024-05-13,3405.235,Ghana,-0.235111,5.632167,Location3
2024-05-14,5505.512,Ghana,-0.235111,5.632167,Location3
2024-05-15,5733.857,Ghana,-0.235111,5.632167,Location3
2024-05-16,3698.324,Ghana,-0.235111,5.632167,Location3
2024-05-17,4592.471,Ghana,-0.235111,5.632167,Location3
2024-05-18,3053.522,Ghana,-0.235111,5.632167,Location3
2024-05-19,6142.068,Ghana,-0.235111,5.632167,Location3
2024-05-20,5157.476,Ghana,-0.235111,5.632167,Location3
2024-05-21,5326.217,Ghana,-0.235111,5.632167,Location3
2024-05-22,1828.308,Ghana,-0.235111,5.632167,Location3
2024-05-23,5160.436,Ghana,-0.235111,5.632167,Location3
2024-05-24,6249.205,Ghana,-0.235111,5.632167,Location3
2024-05-25,1910.109,Ghana,-0.235111,5.632167,Location3
2024-05-26,3913.291,Ghana,-0.235111,5.632167,Location3
2024-05-27,6073.729,Ghana,-0.235111,5.632167,Location3
2024-05-28,5211.164,Ghana,-0.235111,5.632167,Location3
2024-05-29,5448.086,Ghana,-0.235111,5.632167,Location3
2024-05-30,5696.748,Ghana,-0.235111,5.632167,Location3
2024-05-31,4445.797,Ghana,-0.235111,5.632167,Location3
2024-06-01,5122.067,Ghana,-0.235111,5.632167,Location3
2024-06-02,1992.125,Ghana,-0.235111,5.632167,Location3
2024-06-03,3904.668,Ghana,-0.235111,5.632167,Location3
2024-06-04,5388.636,Ghana,-0.235111,5.632167,Location3
2024-06-05,4832.111,Ghana,-0.235111,5.632167,Location3
2024-06-06,4708.228,Ghana,-0.235111,5.632167,Location3
2024-06-07,3296.583,Ghana,-0.235111,5.632167,Location3
2024-06-08,4179.379,Ghana,-0.235111,5.632167,Location3
2024-06-09,3985.275,Ghana,-0.235111,5.632167,Location3
2024-06-10,3871.557,Ghana,-0.235111,5.632167,Location3
2024-06-11,3141.122,Ghana,-0.235111,5.632167,Location3
2024-06-12,4773.991,Ghana,-0.235111,5.632167,Location3
2024-06-13,4110.172,Ghana,-0.235111,5.632167,Location3
2024-06-14,2071.031,Ghana,-0.235111,5.632167,Location3
2024-06-15,3545.389,Ghana,-0.235111,5.632167,Location3
2024-06-16,4230.312,Ghana,-0.235111,5.632167,Location3
2024-06-17,5093.799,Ghana,-0.235111,5.632167,Location3
2024-06-18,4734.676,Ghana,-0.235111,5.632167,Location3
2024-06-19,4684.171,Ghana,-0.235111,5.632167,Location3
2024-06-20,3145.616,Ghana,-0.235111,5.632167,Location3
2024-06-21,3718.374,Ghana,-0.235111,5.632167,Location3
2024-06-22,5285.85,Ghana,-0.235111,5.632167,Location3
2024-06-23,4363.21,Ghana,-0.235111,5.632167,Location3
2024-06-24,5423.59,Ghana,-0.235111,5.632167,Location3
2024-06-25,1788.966,Ghana,-0.235111,5.632167,Location3
2024-06-26,3356.558,Ghana,-0.235111,5.632167,Location3
2024-06-27,4422.763,Ghana,-0.235111,5.632167,Location3
2024-06-28,2696.053,Ghana,-0.235111,5.632167,Location3
2024-06-29,3488.551,Ghana,-0.235111,5.632167,Location3
2024-06-30,3744.791,Ghana,-0.235111,5.632167,Location3
2024-07-01,5189.414,Ghana,-0.235111,5.632167,Location3
2024-07-02,4051.088,Ghana,-0.235111,5.632167,Location3
2024-07-03,1377.236,Ghana,-0.235111,5.632167,Location3
2024-07-04,3300.244,Ghana,-0.235111,5.632167,Location3
2024-07-05,3806.148,Ghana,-0.235111,5.632167,Location3
2024-07-06,4384.167,Ghana,-0.235111,5.632167,Location3
2024-07-07,4319.121,Ghana,-0.235111,5.632167,Location3
2024-07-08,2064.299,Ghana,-0.235111,5.632167,Location3
2024-07-09,2287.186,Ghana,-0.235111,5.632167,Location3
2024-07-10,1734.186,Ghana,-0.235111,5.632167,Location3
2024-07-11,2168.459,Ghana,-0.235111,5.632167,Location3
2024-07-12,2680.4,Ghana,-0.235111,5.632167,Location3
2024-07-13,3418.281,Ghana,-0.235111,5.632167,Location3
2024-07-14,2497.898,Ghana,-0.235111,5.632167,Location3
2024-07-15,3090.549,Ghana,-0.235111,5.632167,Location3
2024-07-16,1721.726,Ghana,-0.235111,5.632167,Location3
2024-07-17,2693.312,Ghana,-0.235111,5.632167,Location3
2024-07-18,2668.637,Ghana,-0.235111,5.632167,Location3
2024-07-19,2110.677,Ghana,-0.235111,5.632167,Location3
2024-07-20,1317.59,Ghana,-0.235111,5.632167,Location3
2024-07-21,1166.021,Ghana,-0.235111,5.632167,Location3
2024-07-22,3204.997,Ghana,-0.235111,5.632167,Location3
2024-07-23,3519.482,Ghana,-0.235111,5.632167,Location3
2024-07-24,2848.337,Ghana,-0.235111,5.632167,Location3
2024-07-25,2913.282,Ghana,-0.235111,5.632167,Location3
2024-07-26,3195.605,Ghana,-0.235111,5.632167,Location3
2024-07-27,1853.292,Ghana,-0.235111,5.632167,Location3
2024-07-28,2628.987,Ghana,-0.235111,5.632167,Location3
2024-07-29,1336.32,Ghana,-0.235111,5.632167,Location3
2024-07-30,1700.527,Ghana,-0.235111,5.632167,Location3
2024-07-31,2791.555,Ghana,-0.235111,5.632167,Location3
2024-08-01,1448.088,Ghana,-0.235111,5.632167,Location3
2024-08-02,1839.501,Ghana,-0.235111,5.632167,Location3
2024-08-03,2664.526,Ghana,-0.235111,5.632167,Location3
2024-08-04,4944.803,Ghana,-0.235111,5.632167,Location3
2024-08-05,3951.675,Ghana,-0.235111,5.632167,Location3
2024-08-06,2704.152,Ghana,-0.235111,5.632167,Location3
2024-08-07,3219.101,Ghana,-0.235111,5.632167,Location3
2024-08-08,2589.11,Ghana,-0.235111,5.632167,Location3
2024-08-09,5136.635,Ghana,-0.235111,5.632167,Location3
2024-08-10,4315.902,Ghana,-0.235111,5.632167,Location3
2024-08-11,2830.68,Ghana,-0.235111,5.632167,Location3
2024-08-12,2015.506,Ghana,-0.235111,5.632167,Location3
2024-08-13,2148.331,Ghana,-0.235111,5.632167,Location3
2024-08-14,3769.893,Ghana,-0.235111,5.632167,Location3
2024-08-15,2781.175,Ghana,-0.235111,5.632167,Location3
2024-08-16,3686.504,Ghana,-0.235111,5.632167,Location3
2024-08-17,2509.58,Ghana,-0.235111,5.632167,Location3
2024-08-18,4261.588,Ghana,-0.235111,5.632167,Location3
2024-08-19,2861.609,Ghana,-0.235111,5.632167,Location3
2024-08-20,1655.04,Ghana,-0.235111,5.632167,Location3
2024-08-21,2565.457,Ghana,-0.235111,5.632167,Location3
2024-08-22,3291.144,Ghana,-0.235111,5.632167,Location3
2024-08-23,1433.957,Ghana,-0.235111,5.632167,Location3
2024-08-24,2562.82,Ghana,-0.235111,5.632167,Location3
2024-08-25,2390.835,Ghana,-0.235111,5.632167,Location3
2024-08-26,2172.375,Ghana,-0.235111,5.632167,Location3
2024-08-27,2140.734,Ghana,-0.235111,5.632167,Location3
2024-08-28,2889.167,Ghana,-0.235111,5.632167,Location3
2024-08-29,3541.688,Ghana,-0.235111,5.632167,Location3
2024-08-30,2771.045,Ghana,-0.235111,5.632167,Location3
2024-08-31,2768.861,Ghana,-0.235111,5.632167,Location3
2024-09-01,3726.613,Ghana,-0.235111,5.632167,Location3
2024-09-02,4977.78,Ghana,-0.235111,5.632167,Location3
2024-09-03,3911.9,Ghana,-0.235111,5.632167,Location3
2024-09-04,5054.726,Ghana,-0.235111,5.632167,Location3
2024-09-05,4929.567,Ghana,-0.235111,5.632167,Location3
2024-09-06,5404.279,Ghana,-0.235111,5.632167,Location3
2024-09-07,4375.332,Ghana,-0.235111,5.632167,Location3
2024-09-08,5056.706,Ghana,-0.235111,5.632167,Location3
2024-09-09,5726.391,Ghana,-0.235111,5.632167,Location3
2024-09-10,3387.544,Ghana,-0.235111,5.632167,Location3
2024-09-11,2922.628,Ghana,-0.235111,5.632167,Location3
2024-09-12,5074.181,Ghana,-0.235111,5.632167,Location3
2024-09-13,4255.439,Ghana,-0.235111,5.632167,Location3
2024-09-14,2394.629,Ghana,-0.235111,5.632167,Location3
2024-09-15,4716.559,Ghana,-0.235111,5.632167,Location3
2024-09-16,4656.401,Ghana,-0.235111,5.632167,Location3
2024-09-17,4026.973,Ghana,-0.235111,5.632167,Location3
2024-09-18,3808.535,Ghana,-0.235111,5.632167,Location3
2024-09-19,4960.686,Ghana,-0.235111,5.632167,Location3
2024-09-20,5151.711,Ghana,-0.235111,5.632167,Location3
2024-09-21,4109.658,Ghana,-0.235111,5.632167,Location3
2024-09-22,4466.528,Ghana,-0.235111,5.632167,Location3
2024-09-23,5103.339,Ghana,-0.235111,5.632167,Location3
2024-09-24,5531.997,Ghana,-0.235111,5.632167,Location3
2024-09-25,1691.533,Ghana,-0.235111,5.632167,Location3
2024-09-26,4038.136,Ghana,-0.235111,5.632167,Location3
2024-09-27,5146.966,Ghana,-0.235111,5.632167,Location3
2024-09-28,5135.712,Ghana,-0.235111,5.632167,Location3
2024-09-29,4884.746,Ghana,-0.235111,5.632167,Location3
2024-09-30,4766.409,Ghana,-0.235111,5.632167,Location3
2024-10-01,4225.766,Ghana,-0.235111,5.632167,Location3
2024-10-02,5014.387,Ghana,-0.235111,5.632167,Location3
2024-10-03,4213.59,Ghana,-0.235111,5.632167,Location3
2024-10-04,3164.833,Ghana,-0.235111,5.632167,Location3
2024-10-05,3725.691,Ghana,-0.235111,5.632167,Location3
2024-10-06,3939.869,Ghana,-0.235111,5.632167,Location3
2024-10-07,5349.551,Ghana,-0.235111,5.632167,Location3
2024-10-08,3187.814,Ghana,-0.235111,5.632167,Location3
2024-10-09,3985.523,Ghana,-0.235111,5.632167,Location3
2024-10-10,4852.156,Ghana,-0.235111,5.632167,Location3
2024-10-11,4833.377,Ghana,-0.235111,5.632167,Location3
2024-10-12,3577.87,Ghana,-0.235111,5.632167,Location3
2024-10-13,1665.716,Ghana,-0.235111,5.632167,Location3
2024-10-14,5257.347,Ghana,-0.235111,5.632167,Location3
2024-10-15,5854.152,Ghana,-0.235111,5.632167,Location3
2024-10-16,5579.169,Ghana,-0.235111,5.632167,Location3
2024-10-17,1776.282,Ghana,-0.235111,5.632167,Location3
2024-10-18,5300.088,Ghana,-0.235111,5.632167,Location3
2024-10-19,5470.534,Ghana,-0.235111,5.632167,Location3
2024-10-20,4590.78,Ghana,-0.235111,5.632167,Location3
2024-10-21,4914.408,Ghana,-0.235111,5.632167,Location3
2024-10-22,5476.647,Ghana,-0.235111,5.632167,Location3
2024-10-23,4640.373,Ghana,-0.235111,5.632167,Location3
2024-10-24,5457.114,Ghana,-0.235111,5.632167,Location3
2024-10-25,0.001,Ghana,-0.235111,5.632167,Location3
2024-11-01,4991.312,Ghana,-0.235111,5.632167,Location3
2024-11-02,5580.288,Ghana,-0.235111,5.632167,Location3
2024-11-03,4701.968,Ghana,-0.235111,5.632167,Location3
2024-11-04,3511.747,Ghana,-0.235111,5.632167,Location3
2024-11-05,5251.589,Ghana,-0.235111,5.632167,Location3
2024-11-06,4538.465,Ghana,-0.235111,5.632167,Location3
2024-11-07,4104.646,Ghana,-0.235111,5.632167,Location3
2024-11-08,4070.292,Ghana,-0.235111,5.632167,Location3
2024-11-09,4922.468,Ghana,-0.235111,5.632167,Location3
2024-11-10,4891.526,Ghana,-0.235111,5.632167,Location3
2024-11-11,5274.956,Ghana,-0.235111,5.632167,Location3
2024-11-12,4008.653,Ghana,-0.235111,5.632167,Location3
2024-11-13,4677.045,Ghana,-0.235111,5.632167,Location3
2024-11-14,4944.466,Ghana,-0.235111,5.632167,Location3
2024-11-15,3939.265,Ghana,-0.235111,5.632167,Location3
2024-11-16,3879.176,Ghana,-0.235111,5.632167,Location3
2024-11-17,4729.016,Ghana,-0.235111,5.632167,Location3
2024-11-18,4315.722,Ghana,-0.235111,5.632167,Location3
2024-11-19,4253.076,Ghana,-0.235111,5.632167,Location3
2024-11-20,5277.139,Ghana,-0.235111,5.632167,Location3
2024-11-21,4935.249,Ghana,-0.235111,5.632167,Location3
2024-11-22,4979.843,Ghana,-0.235111,5.632167,Location3
2024-11-23,3423.791,Ghana,-0.235111,5.632167,Location3
2024-11-24,4799.612,Ghana,-0.235111,5.632167,Location3
2024-11-25,4592.995,Ghana,-0.235111,5.632167,Location3
