Day,Temperature (C),Temperature (SAT) (C),Rain (mm),GHI_1 (kWh/m2/day),GHI_2 (kWh/m2/day),GHI_SAT (kWh/m2/day),GHI (1) vs (2) (%),GHI (1) vs (SAT) (%),DHI (1) (kWh/m2/day),DHI (SAT) (kWh/m2/day),DHI (1) vs (SAT) (%)
2020-02-01,21.04,23.72,25.6,2.55,2.55,2.32,-0.07,8.87,2.15,1.9,11.83
2020-02-02,23.56,24.66,0.0,6.1,6.13,6.21,-0.45,-1.67,2.85,2.64,7.3
2020-02-03,21.84,23.82,3.2,4.69,4.71,4.46,-0.56,4.91,2.21,2.32,-4.84
2020-02-04,22.73,24.28,1.6,6.69,6.72,6.62,-0.46,1.01,2.13,2.28,-6.7
2020-02-05,23.03,23.88,18.6,6.03,6.06,6.49,-0.37,-7.61,2.53,2.79,-10.35
2020-02-06,22.44,24.1,1.4,5.24,5.27,5.36,-0.53,-2.24,3.42,2.99,12.63
2020-02-07,24.82,24.58,0.0,7.56,7.61,7.61,-0.68,-0.56,1.41,1.62,-15.25
2020-02-08,24.79,24.03,0.0,7.55,7.59,7.79,-0.55,-3.28,1.27,1.48,-15.96
2020-02-09,24.54,24.12,0.0,7.34,7.38,7.73,-0.54,-5.36,1.61,1.51,6.06
2020-02-10,25.25,24.22,0.0,7.48,7.52,7.81,-0.54,-4.38,1.2,1.49,-24.69
2020-02-11,25.14,24.67,0.0,7.46,7.5,7.65,-0.56,-2.46,1.18,1.49,-26.11
2020-02-12,25.59,24.42,0.0,6.9,6.94,7.42,-0.5,-7.41,2.01,1.84,8.66
2020-02-13,25.41,25.1,0.0,6.12,6.15,6.61,-0.47,-8.01,2.43,2.28,6.2
2020-02-14,25.47,25.42,0.0,6.32,6.36,6.87,-0.54,-8.72,2.1,2.54,-20.69
2020-02-15,25.45,25.45,0.0,7.33,7.39,7.28,-0.81,0.7,1.77,2.21,-24.69
2020-02-16,25.54,25.87,0.0,7.17,7.21,6.85,-0.47,4.52,1.24,1.92,-54.8
2020-02-17,26.66,26.2,0.2,7.41,7.44,7.58,-0.45,-2.35,1.14,1.61,-41.35
2020-02-18,26.69,26.1,0.0,7.54,7.58,7.43,-0.52,1.49,1.48,1.88,-26.86
2020-02-19,25.5,25.97,0.0,6.89,6.92,7.21,-0.5,-4.75,1.77,2.39,-35.38
2020-02-20,26.23,26.07,0.0,7.09,7.14,7.15,-0.62,-0.79,1.77,2.17,-22.71
2020-02-21,25.8,25.73,0.0,6.63,6.67,6.49,-0.54,2.14,2.0,2.51,-25.16
2020-02-22,26.29,26.33,0.0,6.85,6.89,6.8,-0.48,0.74,2.08,2.2,-6.21
2020-02-23,27.11,26.73,0.0,7.51,7.55,7.5,-0.47,0.13,1.67,1.85,-10.57
2020-02-24,27.09,26.25,0.0,7.25,7.29,7.3,-0.46,-0.7,2.06,2.1,-1.95
2020-02-25,25.8,26.17,0.0,5.48,5.5,5.41,-0.48,1.22,3.61,3.39,6.28
2020-02-26,26.56,26.78,0.0,6.8,6.83,6.83,-0.46,-0.53,2.42,3.12,-29.28
2020-02-27,26.94,26.14,0.0,6.03,6.05,6.42,-0.47,-6.48,2.96,3.18,-7.39
2020-02-28,25.96,26.26,0.0,6.1,6.13,6.04,-0.42,1.08,2.53,2.92,-15.25
2020-02-29,25.89,26.25,0.0,5.73,5.75,6.45,-0.49,-12.67,2.89,3.09,-7.14
2020-03-01,25.91,25.46,0.0,6.72,6.75,5.86,-0.44,12.79,2.22,2.9,-30.43
2020-03-02,24.4,25.39,0.0,4.26,4.28,5.22,-0.39,-22.49,2.88,3.21,-11.18
2020-03-03,25.16,24.09,0.0,4.99,5.01,5.09,-0.36,-1.86,3.59,3.75,-4.46
2020-03-04,22.05,24.1,10.2,1.91,1.92,2.14,-0.52,-12.26,1.5,1.9,-26.49
2020-03-05,24.3,25.14,0.6,7.13,7.2,7.24,-0.89,-1.45,2.0,2.37,-18.5
2020-03-06,26.24,25.33,4.6,7.89,7.92,7.54,-0.45,4.36,1.32,1.91,-44.76
2020-03-07,26.16,26.0,1.8,7.6,7.64,7.4,-0.48,2.6,1.72,2.1,-22.36
2020-03-08,25.58,25.65,10.6,7.34,7.38,6.65,-0.53,9.44,2.71,2.68,1.07
2020-03-09,21.38,24.2,2.4,3.32,3.33,2.95,-0.42,11.21,2.72,2.56,5.86
2020-03-10,23.93,25.12,0.0,6.53,6.56,6.61,-0.47,-1.22,2.77,2.82,-1.77
2020-03-11,24.56,24.59,15.2,7.38,7.41,6.84,-0.34,7.26,2.07,2.73,-32.21
2020-03-12,24.49,24.45,0.8,6.46,6.49,6.79,-0.37,-5.01,2.49,2.6,-4.23
2020-03-13,25.43,24.58,0.0,6.83,6.85,6.65,-0.38,2.61,2.42,2.99,-23.28
2020-03-14,25.43,24.6,0.0,5.98,6.01,6.91,-0.43,-15.48,2.6,2.91,-12.05
2020-03-15,24.57,25.16,18.6,5.98,6.01,5.71,-0.45,4.5,2.67,3.13,-17.13
2020-03-16,22.52,24.36,0.6,5.34,5.36,5.42,-0.38,-1.54,3.64,3.17,12.97
2020-03-17,22.73,24.26,1.0,5.38,5.4,5.38,-0.33,0.06,1.82,2.15,-18.37
2020-03-18,22.88,24.63,22.0,5.37,5.4,5.63,-0.51,-4.71,2.22,2.58,-16.06
2020-03-19,23.33,24.07,0.6,7.46,7.49,7.24,-0.43,2.88,2.37,2.04,13.83
2020-03-20,25.4,24.28,0.0,7.9,7.93,7.54,-0.45,4.6,1.57,1.9,-20.96
2020-03-21,25.05,24.49,0.0,6.29,6.32,6.68,-0.47,-6.2,2.39,2.55,-6.8
2020-03-22,25.05,24.3,0.0,7.17,7.2,7.01,-0.42,2.24,2.63,2.43,7.49
2020-03-23,25.18,23.4,0.0,7.15,7.18,6.89,-0.37,3.67,1.98,2.15,-8.69
2020-03-24,24.61,24.43,0.0,6.33,6.35,6.46,-0.41,-2.15,1.45,1.96,-35.34
2020-03-25,23.26,23.87,0.0,5.91,5.95,5.63,-0.58,4.72,1.73,2.3,-32.8
2020-03-26,23.98,22.01,0.0,6.67,6.69,6.7,-0.37,-0.55,2.43,2.51,-3.37
2020-03-27,22.56,22.58,25.4,4.39,4.41,3.73,-0.45,15.07,2.38,2.5,-4.97
2020-03-28,21.49,23.78,2.0,4.36,4.37,4.17,-0.33,4.23,2.78,2.74,1.29
2020-03-29,22.24,23.68,0.0,4.43,4.44,4.94,-0.3,-11.62,3.35,2.92,12.72
2020-03-30,24.92,23.72,0.2,7.75,7.78,7.55,-0.48,2.53,1.2,2.03,-68.58
2020-03-31,25.25,24.28,0.0,6.95,6.97,7.33,-0.33,-5.42,1.98,2.15,-8.78
2020-04-01,26.15,24.0,0.0,7.34,7.37,7.24,-0.47,1.33,2.16,2.35,-8.8
2020-04-02,26.3,24.27,0.0,7.57,7.6,7.65,-0.3,-1.03,1.24,1.74,-40.46
2020-04-03,26.24,24.3,0.0,6.82,6.85,7.25,-0.4,-6.25,1.88,2.08,-10.79
2020-04-04,26.11,24.28,0.0,6.82,6.84,7.0,-0.37,-2.67,2.33,2.53,-8.64
2020-04-05,25.84,24.72,0.0,6.74,6.77,6.66,-0.49,1.15,2.8,2.74,2.16
2020-04-06,25.65,24.65,0.0,6.82,6.85,7.04,-0.42,-3.18,2.27,2.42,-6.48
2020-04-07,26.64,24.55,0.0,7.42,7.45,7.6,-0.44,-2.36,1.3,1.67,-29.01
2020-04-08,26.78,24.5,0.0,7.43,7.46,7.51,-0.39,-1.11,1.39,1.83,-31.22
2020-04-09,26.85,24.2,0.0,6.7,6.73,6.62,-0.43,1.23,2.8,2.75,2.03
2020-04-10,26.3,23.78,0.0,6.53,6.55,6.42,-0.39,1.58,2.25,2.96,-31.52
2020-04-11,26.27,23.23,0.0,6.25,6.28,6.43,-0.42,-2.74,2.05,2.98,-44.9
2020-04-12,24.43,23.32,8.4,5.19,5.21,5.43,-0.44,-4.7,2.71,3.27,-20.64
2020-04-13,22.81,22.53,5.6,5.19,5.21,5.23,-0.45,-0.87,3.16,3.11,1.67
2020-04-14,23.01,23.34,0.0,5.92,5.95,5.85,-0.43,1.33,2.97,3.21,-8.02
2020-04-15,24.36,23.01,0.0,7.25,7.27,6.68,-0.24,7.84,1.71,1.98,-15.48
2020-04-16,24.93,23.43,15.2,6.1,6.12,6.14,-0.32,-0.71,2.07,2.58,-24.83
2020-04-17,23.96,21.22,7.0,6.7,6.72,6.71,-0.29,-0.18,2.36,2.26,4.09
2020-04-18,22.48,20.75,2.6,4.7,4.72,4.02,-0.37,14.35,3.12,2.39,23.44
2020-04-19,22.66,22.29,17.2,5.11,5.13,5.63,-0.49,-10.18,2.33,2.8,-20.3
2020-04-20,20.81,21.58,5.6,2.18,2.19,1.78,-0.23,18.67,1.97,1.69,14.18
2020-04-21,22.32,20.94,0.2,4.18,4.2,2.84,-0.32,32.21,3.44,2.38,30.97
2020-04-22,22.69,21.9,6.8,5.46,5.48,4.63,-0.27,15.25,2.34,2.66,-13.6
2020-04-23,22.33,22.66,0.2,4.06,4.08,4.75,-0.35,-16.98,3.16,3.1,1.85
2020-04-24,23.37,21.89,0.0,5.54,5.56,5.53,-0.34,0.18,3.2,2.77,13.33
2020-04-25,24.03,22.37,0.0,5.93,5.95,6.45,-0.35,-8.73,2.33,2.49,-6.45
2020-04-26,24.0,22.11,0.0,6.6,6.63,6.4,-0.5,3.05,1.5,2.12,-41.31
2020-04-27,24.39,22.68,10.4,6.75,6.78,6.68,-0.41,1.04,2.42,2.31,4.58
2020-04-28,22.54,23.56,9.8,5.57,5.59,6.01,-0.37,-7.86,2.33,2.42,-3.77
2020-04-29,23.52,22.29,6.4,7.04,7.07,6.72,-0.41,4.58,2.26,2.05,9.03
2020-04-30,22.87,23.03,4.6,5.98,6.0,5.94,-0.32,0.79,2.68,2.11,21.21
2020-05-01,23.71,22.03,0.0,7.1,7.13,7.13,-0.42,-0.51,1.46,1.45,0.52
2020-05-02,22.13,22.47,0.0,3.31,3.32,3.34,-0.34,-0.79,2.81,2.63,6.33
2020-05-03,23.27,23.29,1.2,4.61,4.63,5.5,-0.3,-19.17,2.23,2.61,-16.8
2020-05-04,23.9,21.99,0.0,6.16,6.18,5.92,-0.3,3.86,1.45,1.98,-36.06
2020-05-05,23.03,23.6,1.4,5.38,5.4,6.17,-0.43,-14.75,2.04,2.43,-18.91
2020-05-06,23.9,24.23,20.8,6.75,6.79,6.87,-0.54,-1.81,2.02,2.03,-0.56
2020-05-07,23.83,23.89,6.6,5.48,5.51,6.73,-0.53,-22.81,1.92,2.07,-7.85
2020-05-08,22.7,21.93,11.4,5.09,5.11,4.76,-0.32,6.46,2.49,2.52,-1.04
2020-05-09,23.98,22.51,0.4,5.67,5.69,6.19,-0.35,-9.14,1.67,2.51,-50.18
2020-05-10,23.16,22.97,2.6,5.33,5.43,5.61,-1.77,-5.31,2.4,2.68,-11.6
2020-05-11,24.79,22.7,0.0,6.25,6.27,6.27,-0.37,-0.33,2.0,2.39,-19.4
2020-05-12,23.92,23.08,0.0,5.94,5.97,5.78,-0.45,2.75,2.11,2.66,-26.28
2020-05-13,23.76,24.0,0.4,5.89,5.91,6.45,-0.34,-9.54,1.8,2.09,-15.91
2020-05-14,24.89,23.19,0.0,6.38,6.41,6.25,-0.4,2.07,1.74,2.44,-39.93
2020-05-15,23.99,23.79,0.0,4.25,4.27,4.98,-0.41,-17.24,3.1,2.93,5.24
2020-05-16,24.62,24.15,0.0,6.87,6.87,6.43,0.05,6.4,1.7,2.39,-40.03
2020-05-17,24.17,24.27,0.2,5.53,5.55,5.51,-0.39,0.24,2.05,2.45,-19.52
2020-05-18,23.79,22.94,3.2,5.51,5.54,5.82,-0.4,-5.64,2.52,2.68,-6.35
2020-05-19,24.09,22.59,7.0,5.99,6.01,5.72,-0.35,4.39,2.42,2.12,12.08
2020-05-20,25.06,22.94,0.0,6.18,6.21,6.63,-0.4,-7.31,1.69,2.2,-30.44
2020-05-21,24.53,23.52,0.0,4.86,4.89,5.96,-0.66,-22.59,2.02,2.76,-36.25
2020-05-22,22.25,21.09,10.2,4.96,4.98,4.28,-0.3,13.75,2.86,2.24,21.77
2020-05-23,23.84,23.58,7.2,5.79,5.83,5.95,-0.71,-2.74,1.56,2.31,-47.75
2020-05-24,23.97,23.93,7.2,6.32,6.35,6.62,-0.48,-4.67,1.8,2.2,-22.05
2020-05-25,25.04,24.12,0.0,6.74,6.76,6.57,-0.41,2.42,1.77,2.34,-32.11
2020-05-26,25.11,24.15,1.8,6.38,6.4,6.4,-0.38,-0.34,1.85,2.44,-31.46
2020-05-27,24.9,23.17,0.0,6.57,6.59,6.74,-0.38,-2.61,1.57,2.0,-27.77
2020-05-28,25.43,23.83,0.0,5.98,6.01,6.16,-0.46,-2.98,1.69,2.49,-47.62
2020-05-29,24.71,23.78,2.4,6.42,6.44,6.33,-0.39,1.36,2.1,2.45,-16.75
2020-05-30,24.07,21.34,16.8,6.19,6.21,6.43,-0.33,-3.81,1.81,2.39,-32.35
2020-05-31,23.88,21.98,3.6,5.66,5.68,5.82,-0.4,-2.85,2.4,2.26,5.58
2020-06-01,24.17,23.12,0.0,4.98,5.01,5.16,-0.47,-3.42,2.28,2.75,-20.32
2020-06-02,24.37,23.19,0.0,6.48,6.5,6.22,-0.39,3.95,2.08,2.64,-26.47
2020-06-03,24.3,22.65,0.0,6.41,6.43,6.19,-0.34,3.37,2.1,2.39,-13.93
2020-06-04,23.73,22.98,0.0,5.47,5.49,5.97,-0.39,-9.01,2.6,2.79,-7.37
2020-06-05,23.87,23.77,0.0,5.6,5.62,5.89,-0.35,-5.18,2.98,2.72,8.71
2020-06-06,23.83,22.65,0.0,5.42,5.44,5.72,-0.34,-5.47,2.58,2.57,0.48
2020-06-07,24.5,22.09,0.0,6.32,6.34,6.12,-0.31,3.17,2.19,2.37,-8.36
2020-06-08,22.01,23.45,0.6,3.34,3.36,2.62,-0.42,21.75,2.61,2.03,22.12
2020-06-09,23.83,20.58,2.2,5.86,5.88,5.47,-0.32,6.75,1.91,2.69,-40.76
2020-06-10,22.39,22.35,10.0,4.94,4.96,5.2,-0.33,-5.21,2.25,2.41,-7.04
2020-06-11,22.88,23.17,0.0,6.32,6.33,6.34,-0.15,-0.2,2.08,2.67,-28.52
2020-06-12,22.36,23.18,4.4,4.79,4.82,5.56,-0.56,-15.9,2.16,2.28,-5.47
2020-06-13,22.85,22.26,0.0,6.91,6.93,6.38,-0.21,7.66,2.02,2.14,-5.99
2020-06-14,23.44,21.67,0.0,5.42,5.44,5.9,-0.39,-8.84,2.3,2.66,-15.52
2020-06-15,21.75,21.43,0.0,3.29,3.31,3.51,-0.4,-6.62,2.47,2.43,1.64
2020-06-16,23.54,23.03,0.0,5.66,5.68,6.09,-0.36,-7.72,1.85,2.31,-24.63
2020-06-17,24.14,22.21,1.6,5.99,6.01,6.03,-0.36,-0.74,2.19,2.49,-13.75
2020-06-18,24.31,21.84,0.0,6.03,6.05,6.04,-0.36,-0.21,2.16,2.75,-27.52
2020-06-19,23.06,22.91,2.8,5.53,5.55,5.72,-0.38,-3.5,2.48,2.9,-17.03
2020-06-20,23.6,22.6,1.4,4.73,4.75,5.29,-0.38,-11.69,2.42,3.08,-27.54
2020-06-21,22.81,21.83,0.0,5.0,5.01,4.99,-0.27,0.31,2.61,2.31,11.27
2020-06-22,23.2,22.32,0.0,5.31,5.33,5.78,-0.38,-8.87,2.88,2.93,-2.01
2020-06-23,23.96,22.95,0.4,5.37,5.4,5.59,-0.42,-4.1,2.34,2.79,-18.9
2020-06-24,23.08,22.77,13.4,5.53,5.55,5.62,-0.42,-1.75,1.88,2.39,-27.35
2020-06-25,23.4,22.29,0.0,5.19,5.21,5.62,-0.41,-8.3,2.33,2.51,-7.83
2020-06-26,22.28,23.48,0.4,4.88,4.9,3.72,-0.35,23.8,2.48,2.28,7.98
2020-06-27,22.76,22.41,0.2,5.57,5.59,5.72,-0.42,-2.69,2.01,2.21,-9.62
2020-06-28,23.47,23.3,9.0,6.75,6.78,6.47,-0.42,4.1,2.04,2.11,-3.7
2020-06-29,24.02,22.73,0.0,6.2,6.23,6.39,-0.41,-3.02,1.96,2.2,-11.98
2020-06-30,24.69,22.48,0.0,6.2,6.22,6.54,-0.33,-5.43,2.21,2.34,-6.09
2020-07-01,23.63,23.0,0.2,5.23,5.25,4.96,-0.37,5.23,2.63,2.97,-13.22
2020-07-02,23.33,22.01,0.0,4.83,4.85,4.6,-0.45,4.72,2.66,2.79,-4.63
2020-07-03,24.34,22.98,0.0,5.71,5.74,6.1,-0.42,-6.81,2.01,2.47,-23.14
2020-07-04,25.2,22.94,0.0,6.29,6.31,6.25,-0.36,0.62,2.22,2.64,-18.88
2020-07-05,24.87,21.9,0.4,5.3,5.32,5.72,-0.38,-7.89,2.32,2.58,-11.02
2020-07-06,20.84,22.18,3.2,2.63,2.63,2.52,-0.12,4.35,2.29,2.03,11.02
2020-07-07,21.34,22.34,2.2,3.6,3.6,3.29,-0.11,8.38,2.49,2.32,6.79
2020-07-08,22.3,22.73,0.0,4.15,4.17,4.18,-0.39,-0.67,2.98,2.49,16.39
2020-07-09,23.3,23.44,0.0,4.57,4.59,4.85,-0.36,-6.15,3.47,2.6,25.12
2020-07-10,23.72,22.36,0.2,,,,,,1.55,1.74,-11.81
2020-07-11,21.69,20.93,0.0,4.18,4.19,4.28,-0.29,-2.37,2.27,2.43,-6.9
2020-07-12,23.35,21.95,0.0,5.83,5.86,6.3,-0.5,-8.09,1.78,2.14,-20.33
2020-07-13,21.84,23.13,1.4,4.66,4.67,4.82,-0.28,-3.44,1.97,2.07,-5.24
2020-07-14,21.37,22.54,20.8,4.57,4.58,4.24,-0.24,7.22,2.47,2.32,5.8
2020-07-15,22.41,23.38,1.8,5.44,5.46,5.34,-0.23,1.88,3.04,2.84,6.68
2020-07-16,21.23,21.33,0.0,3.2,3.21,2.84,-0.35,11.17,2.69,2.17,19.35
2020-07-17,20.89,21.15,0.0,2.87,2.89,2.74,-0.48,4.69,2.42,2.19,9.57
2020-07-18,21.64,22.16,0.4,3.8,3.81,3.4,-0.32,10.61,3.26,2.55,21.66
2020-07-19,22.67,21.38,0.0,5.95,5.97,6.36,-0.37,-6.89,2.48,2.4,3.03
2020-07-20,23.39,22.7,0.0,5.6,5.62,5.38,-0.29,4.0,2.5,2.49,0.42
2020-07-21,22.76,23.34,4.4,4.41,4.42,4.43,-0.38,-0.47,2.47,2.73,-10.47
2020-07-22,20.62,22.19,3.0,2.36,2.37,2.23,-0.35,5.77,2.11,1.86,11.95
2020-07-23,21.16,22.97,3.2,3.93,3.94,4.17,-0.32,-6.14,3.02,2.8,7.27
2020-07-24,21.92,22.08,0.4,4.69,4.71,4.81,-0.32,-2.49,3.09,3.19,-3.11
2020-07-25,22.55,22.48,0.0,5.62,5.64,5.39,-0.4,4.11,2.19,2.73,-24.64
2020-07-26,22.48,22.95,0.0,4.76,4.78,4.58,-0.34,3.84,2.55,2.81,-10.14
2020-07-27,22.63,23.36,0.0,4.37,4.38,3.94,-0.32,9.79,2.76,2.24,18.76
2020-07-28,20.47,22.23,22.4,2.75,2.76,2.39,-0.29,13.0,2.65,2.18,17.8
2020-07-29,22.77,21.02,0.4,6.2,6.22,5.92,-0.35,4.45,2.24,3.05,-36.11
2020-07-30,21.9,21.3,29.6,4.66,4.67,5.08,-0.29,-9.03,2.34,2.74,-17.23
2020-07-31,22.91,23.28,0.0,5.93,5.95,6.37,-0.31,-7.39,1.59,2.24,-40.59
2020-08-01,23.93,23.89,0.0,6.46,6.48,6.75,-0.31,-4.38,1.64,2.19,-33.28
2020-08-02,23.4,23.05,0.0,5.97,5.99,6.6,-0.38,-10.57,2.38,2.26,4.9
2020-08-03,22.66,22.25,11.8,5.33,5.35,5.61,-0.31,-5.33,2.21,2.34,-6.29
2020-08-04,21.92,21.33,4.0,4.31,4.32,4.45,-0.31,-3.38,2.99,2.74,8.3
2020-08-05,22.57,22.48,0.0,6.48,6.5,6.48,-0.29,-0.1,1.83,2.27,-23.99
2020-08-06,23.49,22.7,0.0,5.9,5.92,6.1,-0.39,-3.39,1.92,2.59,-35.07
2020-08-07,22.77,22.38,0.2,5.88,5.89,5.78,-0.28,1.68,2.99,2.82,5.65
2020-08-08,22.45,22.61,0.0,5.14,5.16,5.53,-0.28,-7.54,2.64,2.9,-9.55
2020-08-09,22.42,21.84,0.0,4.82,4.84,5.51,-0.35,-14.3,2.73,3.11,-13.9
2020-08-10,22.73,22.54,0.0,5.74,5.76,6.05,-0.32,-5.36,2.59,3.02,-16.58
2020-08-11,23.7,22.79,0.0,6.27,6.29,6.04,-0.36,3.58,2.43,3.08,-27.02
2020-08-12,22.51,22.9,0.0,4.32,4.34,4.41,-0.37,-1.97,2.69,2.61,3.05
2020-08-13,23.64,22.89,0.0,6.75,6.78,6.6,-0.47,2.24,2.38,2.6,-9.27
2020-08-14,23.51,22.95,41.2,5.63,5.65,5.8,-0.28,-2.9,3.01,2.74,8.87
2020-08-15,23.45,23.03,6.0,6.12,6.14,5.81,-0.26,5.05,3.01,2.72,9.83
2020-08-16,23.21,23.25,0.0,5.91,5.92,5.32,-0.29,9.98,2.23,2.53,-13.78
2020-08-17,23.45,23.13,0.0,5.74,5.76,6.16,-0.36,-7.35,3.06,2.98,2.75
2020-08-18,22.85,22.33,1.2,6.25,6.26,6.23,-0.19,0.32,2.45,2.63,-7.37
2020-08-19,23.8,22.82,0.0,6.28,6.31,5.66,-0.55,9.78,3.02,2.61,13.67
2020-08-20,23.49,23.07,19.2,6.42,6.44,6.02,-0.29,6.21,2.51,2.53,-0.9
2020-08-21,23.18,23.26,0.0,6.68,6.71,7.06,-0.41,-5.63,2.33,1.94,16.85
2020-08-22,24.42,22.47,0.0,6.5,6.52,6.44,-0.4,0.91,2.04,2.66,-29.94
2020-08-23,23.58,22.58,2.0,6.32,6.34,6.39,-0.34,-1.06,2.7,2.58,4.46
2020-08-24,22.93,21.93,1.2,6.47,6.5,6.78,-0.38,-4.71,2.15,2.58,-19.71
2020-08-25,22.58,21.83,0.0,6.69,6.71,6.41,-0.31,4.16,2.02,2.22,-9.46
2020-08-26,23.3,22.36,0.0,7.29,7.32,7.33,-0.4,-0.62,1.32,1.82,-37.72
2020-08-27,23.86,23.39,12.8,6.98,7.0,6.97,-0.34,0.21,1.84,2.1,-14.21
2020-08-28,22.7,23.33,1.6,6.1,6.14,6.81,-0.74,-11.66,1.93,1.89,2.06
2020-08-29,21.84,22.67,23.8,5.0,5.01,5.45,-0.32,-9.11,2.37,2.49,-5.03
2020-08-30,22.36,22.26,0.0,6.25,6.26,6.67,-0.27,-6.77,1.87,1.79,4.12
2020-08-31,21.57,22.34,0.2,5.33,5.34,5.61,-0.29,-5.41,2.25,2.32,-3.13
2020-09-01,22.94,22.79,0.0,7.03,7.06,6.99,-0.42,0.55,2.06,2.04,0.9
2020-09-02,23.51,23.17,0.0,6.46,6.48,6.45,-0.3,0.11,1.7,2.13,-24.74
2020-09-03,23.75,23.1,14.0,7.09,7.11,6.34,-0.31,10.61,1.77,2.25,-27.02
2020-09-04,24.01,22.84,0.6,7.29,7.32,7.03,-0.34,3.55,1.94,2.4,-23.58
2020-09-05,22.7,22.85,2.4,5.55,5.56,5.3,-0.3,4.38,2.97,2.66,10.46
2020-09-06,22.75,22.58,7.6,6.84,6.86,6.65,-0.3,2.77,1.79,2.64,-47.67
2020-09-07,20.87,23.01,2.2,3.97,3.98,3.79,-0.29,4.66,3.16,2.6,17.66
2020-09-08,22.07,22.77,0.0,7.09,7.12,6.91,-0.4,2.44,1.94,2.04,-5.17
2020-09-09,21.85,23.15,0.2,5.42,5.44,5.53,-0.41,-1.97,2.11,2.75,-29.91
2020-09-10,23.39,22.08,0.0,7.1,7.12,6.85,-0.34,3.55,1.96,2.42,-23.5
2020-09-11,24.6,23.17,0.0,6.89,6.92,7.03,-0.32,-1.92,1.71,2.32,-35.5
2020-09-12,23.36,23.67,0.8,4.74,4.76,5.72,-0.35,-20.73,2.18,2.87,-31.61
2020-09-13,23.02,23.06,0.0,6.85,6.87,6.98,-0.3,-1.88,1.32,2.19,-65.94
2020-09-14,23.42,23.11,9.6,7.61,7.64,7.35,-0.36,3.47,1.04,1.9,-82.08
2020-09-15,23.88,23.92,0.0,6.95,6.97,7.19,-0.35,-3.39,1.7,2.16,-26.77
2020-09-16,24.06,23.64,0.2,6.5,6.53,6.97,-0.44,-7.28,2.22,2.16,2.57
2020-09-17,24.2,23.78,0.0,7.63,7.65,7.64,-0.35,-0.16,1.1,1.4,-27.45
2020-09-18,24.69,24.38,0.0,7.52,7.54,7.45,-0.31,0.92,1.5,1.6,-6.41
2020-09-19,23.27,23.65,5.6,6.56,6.57,6.57,-0.27,-0.12,1.88,2.53,-34.73
2020-09-20,22.47,23.58,25.0,7.5,7.53,6.91,-0.37,7.92,2.2,2.37,-7.53
2020-09-21,23.42,23.44,0.0,7.56,7.59,7.5,-0.36,0.86,1.34,1.79,-33.29
2020-09-22,23.02,23.03,26.6,5.78,5.8,6.34,-0.35,-9.53,2.45,2.65,-8.16
2020-09-23,22.39,22.9,13.6,6.29,6.3,6.64,-0.23,-5.63,1.88,2.11,-12.08
2020-09-24,21.49,23.34,6.6,4.37,4.39,4.18,-0.35,4.49,2.75,2.99,-8.84
2020-09-25,21.64,23.6,3.6,4.84,4.85,4.42,-0.28,8.62,3.74,2.68,28.48
2020-09-26,22.39,22.26,0.6,6.31,6.33,5.73,-0.42,9.14,3.47,2.99,13.96
2020-09-27,22.98,23.4,1.6,6.51,6.53,6.75,-0.3,-3.7,2.17,2.47,-13.95
2020-09-28,24.2,24.02,0.0,7.5,7.52,6.87,-0.33,8.42,1.93,2.7,-40.02
2020-09-29,23.86,23.26,11.6,6.34,6.36,6.32,-0.36,0.18,2.71,3.09,-13.82
2020-09-30,22.24,23.5,15.2,5.42,5.44,6.07,-0.33,-11.99,3.01,2.94,2.36
2020-10-01,21.27,22.73,2.8,4.36,4.38,4.11,-0.42,5.87,3.23,2.44,24.51
2020-10-02,24.03,23.23,0.0,7.38,7.41,7.02,-0.42,4.88,1.51,2.31,-52.7
2020-10-03,22.52,23.7,25.6,6.63,6.65,6.48,-0.35,2.23,1.76,1.82,-2.98
2020-10-04,23.28,23.21,0.4,7.48,7.52,7.22,-0.49,3.55,1.82,2.11,-16.07
2020-10-05,24.34,23.78,0.0,7.53,7.56,7.3,-0.45,3.04,1.48,1.76,-19.41
2020-10-06,24.48,23.52,0.0,7.44,7.48,7.55,-0.46,-1.46,1.25,1.41,-13.06
2020-10-07,23.59,23.2,0.0,6.36,6.38,6.61,-0.42,-3.93,1.67,2.14,-28.33
2020-10-08,24.29,24.04,0.0,7.41,7.43,7.35,-0.3,0.83,1.45,1.73,-19.17
2020-10-09,23.74,24.26,3.8,6.63,6.66,6.99,-0.49,-5.4,2.36,2.25,4.42
2020-10-10,21.97,23.6,4.2,5.63,5.65,5.15,-0.38,8.53,3.14,2.69,14.11
2020-10-11,23.29,23.55,0.0,7.19,7.22,7.52,-0.33,-4.56,1.33,1.4,-5.07
2020-10-12,22.48,23.39,4.2,5.2,5.22,4.89,-0.35,5.95,3.28,2.63,19.92
2020-10-13,22.11,23.91,0.4,4.99,5.01,4.98,-0.39,0.34,3.68,3.16,14.33
2020-10-14,21.14,23.55,6.6,3.93,3.94,3.79,-0.33,3.59,1.98,1.92,3.16
2020-10-15,22.38,23.33,25.4,6.02,6.05,6.33,-0.41,-5.07,2.02,2.21,-9.33
2020-10-16,23.99,23.95,0.0,7.78,7.81,7.52,-0.46,3.3,0.9,1.57,-74.14
2020-10-17,21.44,23.38,14.0,3.47,3.47,3.48,0.08,-0.26,2.78,2.41,13.28
2020-10-18,21.44,22.07,1.0,4.46,4.47,5.35,-0.25,-19.91,2.24,2.62,-16.84
2020-10-19,23.33,22.32,0.0,6.86,6.9,5.79,-0.66,15.57,2.48,2.91,-17.4
2020-10-20,21.87,23.93,3.4,4.65,4.66,4.27,-0.27,8.1,2.33,1.97,15.2
2020-10-21,23.12,23.0,13.2,5.46,5.48,5.32,-0.4,2.6,2.82,2.68,5.07
2020-10-22,23.57,23.39,6.2,6.61,6.66,6.87,-0.69,-3.81,2.09,2.41,-15.55
2020-10-23,21.94,23.26,8.8,5.67,5.71,6.0,-0.73,-5.9,2.61,2.64,-1.11
2020-10-24,23.77,23.9,0.0,7.37,7.41,7.16,-0.49,2.86,1.51,1.97,-30.58
2020-10-25,24.48,24.14,0.4,7.55,7.58,7.4,-0.32,2.08,1.19,1.56,-31.18
2020-10-26,22.22,23.2,0.2,3.41,3.42,2.39,-0.44,30.01,3.23,2.27,29.71
2020-10-27,22.19,22.87,30.8,5.78,5.8,4.64,-0.48,19.75,3.61,2.89,19.97
2020-10-28,24.04,23.18,0.6,6.66,6.7,6.35,-0.47,4.72,2.83,3.05,-7.49
2020-10-29,23.14,22.97,0.2,6.29,6.32,5.72,-0.53,9.06,2.04,2.13,-4.44
2020-10-30,21.74,23.35,8.0,5.32,5.34,4.87,-0.45,8.37,2.63,2.72,-3.4
2020-10-31,23.18,23.06,0.0,6.46,6.48,5.97,-0.46,7.58,2.64,2.56,3.2
2020-11-01,24.53,23.77,0.0,7.33,7.37,7.26,-0.62,0.92,0.97,1.72,-76.23
2020-11-02,24.52,23.19,0.0,7.16,7.19,7.25,-0.5,-1.25,1.69,1.54,9.28
2020-11-03,24.42,23.17,0.0,7.03,7.08,7.07,-0.67,-0.53,1.44,1.44,0.23
2020-11-04,25.14,23.44,0.0,7.14,7.18,7.12,-0.54,0.22,1.32,1.54,-16.19
2020-11-05,24.63,23.43,0.0,6.94,6.98,6.97,-0.49,-0.44,1.14,1.9,-66.79
2020-11-06,23.02,23.93,28.6,5.67,5.7,5.51,-0.49,2.95,2.02,2.56,-26.86
2020-11-07,22.09,22.59,11.6,5.58,5.61,5.3,-0.62,4.97,2.93,2.47,15.77
2020-11-08,22.16,23.1,6.0,5.38,5.41,5.72,-0.5,-6.23,2.89,2.92,-0.85
2020-11-09,22.56,23.53,0.2,6.21,6.25,5.71,-0.65,8.05,2.71,2.67,1.67
2020-11-10,23.92,22.97,0.0,7.15,7.19,6.58,-0.56,8.0,1.45,2.12,-46.57
2020-11-11,22.08,23.48,1.4,4.46,4.48,4.01,-0.5,10.18,3.34,2.78,16.69
2020-11-12,23.4,23.62,0.0,6.6,6.64,6.95,-0.53,-5.2,2.12,1.95,7.86
2020-11-13,23.56,23.8,15.0,7.3,7.33,6.72,-0.47,7.98,1.56,1.94,-24.72
2020-11-14,21.67,23.33,9.0,5.44,5.47,5.55,-0.54,-2.04,2.73,2.67,2.11
2020-11-15,22.44,23.28,1.2,6.78,6.82,6.24,-0.64,7.94,1.9,2.26,-18.87
2020-11-16,22.08,23.39,0.0,4.32,4.35,4.17,-0.53,3.64,3.6,3.09,14.16
2020-11-17,23.81,23.53,0.0,6.79,6.83,6.62,-0.59,2.56,2.17,2.55,-17.36
2020-11-18,23.72,23.37,0.0,6.3,6.33,6.48,-0.4,-2.86,2.73,2.26,17.26
2020-11-19,24.16,24.01,0.0,6.99,7.03,6.62,-0.62,5.29,1.97,2.42,-22.81
2020-11-20,24.57,24.43,0.0,6.42,6.46,6.38,-0.54,0.75,2.0,2.43,-21.56
2020-11-21,24.47,24.41,0.0,6.23,6.26,6.71,-0.53,-7.61,1.79,1.91,-7.17
2020-11-22,24.22,24.48,0.0,6.77,6.82,7.13,-0.68,-5.25,1.44,1.67,-15.67
2020-11-23,24.96,24.33,0.0,6.95,7.01,7.03,-0.88,-1.11,1.47,1.75,-19.35
2020-11-24,25.13,24.74,0.0,6.82,6.87,6.92,-0.62,-1.34,1.63,2.01,-23.33
2020-11-25,22.01,23.9,1.4,4.65,4.67,4.24,-0.6,8.68,3.15,3.0,4.81
2020-11-26,23.46,24.45,0.0,6.65,6.69,6.63,-0.65,0.24,1.64,2.34,-42.1
2020-11-27,23.56,24.3,6.0,6.64,6.68,6.16,-0.63,7.31,1.74,2.36,-35.54
2020-11-28,22.68,24.27,4.4,5.77,5.8,5.81,-0.41,-0.57,1.39,1.69,-21.63
2020-11-29,22.09,23.68,0.0,4.27,4.28,3.57,-0.29,16.46,3.47,2.63,24.16
2020-11-30,23.3,23.64,0.0,6.28,6.32,6.39,-0.64,-1.68,1.81,2.37,-31.17
2020-12-01,24.34,24.46,0.0,6.89,6.93,6.95,-0.69,-0.85,1.86,1.83,1.5
2020-12-02,24.19,24.16,0.0,6.06,6.1,6.5,-0.54,-7.15,2.27,2.18,3.96
2020-12-03,23.55,23.91,0.0,5.35,5.38,5.8,-0.53,-8.43,3.52,2.69,23.49
2020-12-04,23.64,23.7,0.0,5.33,5.36,5.83,-0.58,-9.44,2.68,2.85,-6.56
2020-12-05,23.7,24.99,0.2,6.04,6.08,6.64,-0.77,-10.01,1.91,2.15,-12.82
2020-12-06,24.61,25.1,0.0,7.25,7.3,7.0,-0.65,3.45,1.28,1.58,-24.14
2020-12-07,23.72,24.68,0.4,6.46,6.49,6.34,-0.56,1.79,1.34,1.76,-30.99
2020-12-08,22.13,24.54,15.6,4.79,4.81,4.42,-0.49,7.62,2.35,2.27,3.34
2020-12-09,23.39,24.89,0.2,7.01,7.06,6.9,-0.7,1.52,1.62,1.47,9.43
2020-12-10,24.75,23.93,0.0,6.59,6.63,6.7,-0.58,-1.59,1.33,1.41,-5.8
2020-12-11,24.4,23.93,0.0,6.7,6.74,6.9,-0.61,-2.93,1.78,1.65,7.24
2020-12-12,24.93,23.4,0.0,7.24,7.29,7.29,-0.65,-0.7,1.11,1.18,-6.53
2020-12-13,24.52,23.53,0.0,6.49,6.53,6.86,-0.59,-5.57,1.52,1.72,-12.81
2020-12-14,24.37,23.32,0.0,6.51,6.55,7.06,-0.58,-8.41,1.6,1.55,3.64
2020-12-15,24.91,23.46,0.0,7.24,7.29,7.28,-0.62,-0.58,1.12,1.24,-10.46
2020-12-16,25.15,23.57,0.0,7.17,7.21,7.25,-0.63,-1.14,1.18,1.22,-2.82
2020-12-17,25.62,24.05,0.0,6.75,6.79,6.91,-0.62,-2.49,1.91,1.69,11.49
2020-12-18,24.81,23.97,0.0,6.93,6.97,6.66,-0.58,3.91,2.05,2.08,-1.54
2020-12-19,24.28,24.88,0.0,5.29,5.31,5.86,-0.49,-10.8,2.4,2.92,-21.97
2020-12-20,24.65,24.41,0.0,6.4,6.43,6.32,-0.42,1.37,2.04,2.43,-18.75
2020-12-21,25.25,25.35,0.8,6.93,6.97,6.65,-0.53,4.13,1.38,2.05,-49.0
2020-12-22,24.55,25.27,0.0,6.83,6.87,6.68,-0.63,2.25,1.56,1.97,-25.75
2020-12-23,24.31,24.75,0.0,5.94,5.97,6.12,-0.52,-3.01,1.93,2.14,-10.58
2020-12-24,24.89,25.65,0.0,5.98,6.02,6.11,-0.55,-2.18,1.62,1.97,-21.5
2020-12-25,24.01,26.1,4.2,5.85,5.88,6.5,-0.64,-11.14,1.92,2.26,-17.79
2020-12-26,25.41,25.95,0.0,6.89,6.93,7.0,-0.47,-1.58,1.51,1.62,-7.36
2020-12-27,25.34,25.22,0.0,6.97,7.0,7.28,-0.48,-4.5,1.33,1.28,3.88
2020-12-28,25.29,24.64,0.0,7.2,7.24,7.3,-0.45,-1.33,1.12,1.1,1.99
2020-12-29,25.78,24.6,0.0,7.13,7.18,7.24,-0.73,-1.55,1.17,1.11,4.64
2020-12-30,26.34,25.33,0.0,6.95,7.0,6.59,-0.63,5.31,1.4,1.64,-17.17
2020-12-31,23.5,25.07,11.2,3.72,3.74,3.63,-0.37,2.46,2.87,2.44,14.92
