TAO (Wh/m2/day),Clear sky GHI (Wh/m2/day),Clear sky BHI (Wh/m2/day),Clear sky DHI (Wh/m2/day),Clear sky DNI (Wh/m2/day),GHI (Wh/m2/day),BHI (Wh/m2/day),DHI (Wh/m2/day),DNI (Wh/m2/day),Reliability,Time
9703.3779,6924.5151,5348.9751,1575.54,7844.1323,2899.7854,872.6318,2027.1537,976.3567,0.9861,2021-01-01
9710.7305,7071.8867,5553.4219,1518.465,8340.8477,6828.4688,5033.2959,1795.173,7708.3745,0.9865,2021-01-02
9718.6592,7214.1045,5875.7427,1338.3616,8709.7109,7071.1421,5546.0151,1525.127,8250.0068,0.9861,2021-01-03
9726.9834,7327.9458,6176.6104,1151.3353,9314.7461,6885.5967,4807.1934,2078.4031,7317.3408,0.9865,2021-01-04
9735.8662,7304.4209,6028.0254,1276.3959,9145.0518,6962.7104,5194.1777,1768.5327,8091.7383,0.9861,2021-01-05
9745.1152,7508.3999,6482.0405,1026.3597,9879.917,7502.2144,6470.6997,1031.5148,9813.3916,0.9865,2021-01-06
9754.8584,7407.6411,6269.3423,1138.2992,9527.5449,7165.9683,5589.6445,1576.3241,8428.3203,0.9865,2021-01-07
9765.0859,7275.1968,5925.5718,1349.6249,8853.0498,7096.9346,5465.1475,1631.7875,8289.8545,0.9861,2021-01-08
9775.6318,6478.4272,4026.2832,2452.144,5669.4546,5997.2471,3113.4312,2883.8162,4378.6372,0.9865,2021-01-09
9786.6787,6107.6553,3322.3149,2785.3403,4555.7388,5282.5234,2403.656,2878.8672,3030.2554,0.9757,2021-01-10
9798.0098,6502.7593,4090.4036,2412.3557,5702.7358,6034.2056,3119.2017,2915.0042,4478.9683,0.9865,2021-01-11
9809.8203,6750.1138,4576.2651,2173.8486,6533.5791,5930.291,3140.4797,2789.8115,4418.6143,0.9865,2021-01-12
9821.9404,7044.7979,5298.145,1746.653,7727.5928,6985.6846,5139.6597,1846.0248,7543.1172,0.9865,2021-01-13
9834.333,7171.0352,5598.7725,1572.2629,8353.2578,5898.8794,3657.6135,2241.2656,5280.4155,0.9868,2021-01-14
9847.167,7048.8979,5414.1772,1634.7207,7827.5859,6326.7354,3973.8469,2352.8884,5930.0952,0.9861,2021-01-15
9860.2412,6975.2725,5145.4722,1829.7999,7199.624,4419.2729,2164.7402,2254.533,3247.8552,0.9861,2021-01-16
9873.584,6924.1387,4882.5352,2041.6033,6897.6069,6551.9106,4203.0024,2348.9082,5908.6094,0.9861,2021-01-17
9887.2275,6919.6602,4760.1201,2159.54,6912.6343,5218.873,2467.147,2751.7263,3526.4639,0.9861,2021-01-18
9901.0967,7071.6191,5214.9575,1856.662,7617.5503,5622.5234,2862.1135,2760.4099,4750.4282,0.9861,2021-01-19
9915.2227,7296.1333,5776.5889,1519.5443,8371.3418,7067.8096,5064.2524,2003.5573,7323.5952,0.9701,2021-01-20
9929.4902,7387.3086,5943.2847,1444.0238,8773.3936,6838.7642,4195.7847,2642.9795,6507.5464,0.9861,2021-01-21
9943.9844,7326.98,5806.6436,1520.3363,8419.0107,6613.3149,4052.7556,2560.5591,5399.5176,0.9392,2021-01-22
9958.6309,7456.1079,6206.584,1249.5242,9172.6426,6697.1304,4901.0801,1796.0507,7398.9609,0.9861,2021-01-23
9973.4766,7381.4883,5803.6777,1577.8104,8491.2441,7279.6763,5467.3584,1812.3177,8075.3032,0.9858,2021-01-24
9988.3555,7508.9468,6264.5342,1244.4125,9213.7734,7196.937,5372.9023,1824.0347,8228.6631,0.9861,2021-01-25
10003.3926,7554.6943,6290.4375,1264.2567,9200.3301,7394.8403,5817.3682,1577.4722,8564.5908,0.9861,2021-01-26
10018.5049,7554.2476,6257.4204,1296.8268,9185.0322,7418.6436,6009.2534,1409.3901,8725.7529,0.9861,2021-01-27
10033.7373,7513.3828,6131.7622,1381.6206,8977.709,7480.3169,6060.1133,1420.2032,8861.5938,0.9858,2021-01-28
10048.9668,7584.8052,6398.4678,1186.3373,9285.5459,7443.9858,6100.7627,1343.223,8804.0273,0.9858,2021-01-29
10064.2148,7578.7148,6340.7222,1237.9927,9195.4473,6667.2861,4123.3877,2543.8979,6576.7593,0.9858,2021-01-30
10079.4619,7737.7842,6561.0083,1176.7759,9560.7578,7664.6479,6377.3794,1287.2683,9247.3574,0.9858,2021-01-31
10094.6475,7911.3462,6782.8911,1128.4551,9977.7891,7793.416,6379.564,1413.8518,9516.2295,0.9861,2021-02-01
10109.8984,7575.4746,6198.979,1376.4957,8895.9902,7555.9292,6161.9858,1393.9432,8780.8594,0.9858,2021-02-02
10125.0527,7551.4551,6194.7437,1356.7114,9017.7373,7551.4551,6194.7437,1356.7114,9017.7373,0.9858,2021-02-03
10140.1279,7573.8843,6202.6787,1371.2056,8863.9492,7532.5361,6075.9199,1456.6161,8728.0547,0.9806,2021-02-04
10155.1045,7192.5977,5262.9731,1929.6245,7245.0825,5631.4302,2753.1201,2878.3098,4114.7495,0.9858,2021-02-05
10169.9639,6482.9268,3645.3562,2837.5706,4858.0664,6422.2163,3612.8613,2809.3547,4733.8403,0.9858,2021-02-06
10184.6875,6990.9014,4798.2764,2192.625,6441.6411,6765.7651,4249.103,2516.6619,5753.3232,0.9858,2021-02-07
10199.2559,6703.6235,4095.3879,2608.2356,5487.0713,6637.52,3955.9822,2681.5381,5312.5229,0.9858,2021-02-08
10213.6504,7167.041,5096.835,2070.2058,6833.4189,7087.2969,4939.7397,2147.5571,6601.8447,0.9858,2021-02-09
10227.8535,7358.5879,5542.0806,1816.5073,7681.6255,6592.1758,4134.479,2457.6968,6075.9365,0.9858,2021-02-10
10241.8467,7095.8989,4955.7793,2140.1196,6719.8789,3554.739,530.477,3024.262,845.551,0.9858,2021-02-11
10255.6113,7127.6465,4917.4531,2210.1936,6807.1216,5494.8018,2351.0076,3143.7939,3319.5889,0.9753,2021-02-12
10269.1289,6617.7705,3797.4578,2820.3127,5052.1968,5113.9326,2254.1189,2859.814,2548.5239,0.9858,2021-02-13
10282.3838,7032.4902,4640.5762,2391.9138,6215.2251,6165.8657,3137.5474,3028.3184,3785.5686,0.9806,2021-02-14
10295.3584,7485.8013,5784.6909,1701.1104,8072.2144,7277.3608,5312.2334,1965.1271,7316.9263,0.9858,2021-02-15
10308.0898,7386.1372,5500.4023,1885.7352,7445.6509,6021.7212,2846.6741,3175.0474,3446.6685,0.9854,2021-02-16
10320.4639,7430.938,5602.5278,1828.4102,7529.3154,5434.0977,2033.6211,3400.4763,2551.1162,0.9698,2021-02-17
10332.5098,7088.4844,4605.229,2483.2551,6095.6206,6123.9316,2507.8645,3616.0669,3219.7749,0.9854,2021-02-18
10344.2109,6934.0078,4230.6362,2703.3718,5515.1816,5281.9458,1433.4304,3848.5154,1716.2883,0.9854,2021-02-19
10355.5547,6876.6362,4114.1367,2762.4995,5342.8857,6247.9429,2768.8489,3479.0938,3610.1562,0.9854,2021-02-20
10366.5254,6680.1235,3688.7292,2991.394,4871.0825,6338.0288,3114.9565,3223.0723,4199.5273,0.9854,2021-02-21
10377.1094,6105.0127,2574.4978,3530.5149,3276.7976,3573.5894,529.7503,3043.8391,622.5443,0.9854,2021-02-22
10387.3486,7510.9131,5762.9312,1747.9817,7751.5454,6220.1572,3674.1143,2546.0427,4825.186,0.9851,2021-02-23
10397.1387,7266.7798,4991.0063,2275.7737,6677.7158,5376.8042,2060.7295,3316.0747,2588.7368,0.9851,2021-02-24
10406.5039,7822.981,6442.1401,1380.8407,8923.0615,6907.127,4257.1113,2650.0154,5877.1382,0.9851,2021-02-25
10415.4326,7886.0332,6541.606,1344.4271,9250.751,7452.9204,5457.6172,1995.3033,8134.126,0.9851,2021-02-26
10423.915,7917.9453,6668.9463,1248.9991,9328.0625,6715.0454,4448.168,2266.8772,6579.6152,0.9851,2021-02-27
10431.9629,7793.6313,6292.1211,1501.5105,8853.4766,6198.2227,3755.8406,2442.3821,6170.0913,0.9799,2021-02-28
10439.5576,7872.0762,6607.3237,1264.7526,9228.2422,7462.5776,6029.2095,1433.368,7838.832,0.9694,2021-03-01
10446.6758,7914.2744,6700.2466,1214.028,9295.334,7569.6372,6164.1289,1405.5084,8006.4468,0.9799,2021-03-02
10453.3086,7623.8867,5971.9736,1651.9131,8079.4976,6306.2075,3333.2427,2972.9648,4052.2844,0.9747,2021-03-03
10459.5107,7455.0991,5420.1709,2034.9282,7146.9468,4430.0576,2152.4446,2277.613,3212.3411,0.9795,2021-03-04
10465.1748,7704.0054,6107.0142,1596.9913,8350.2539,7086.062,5074.312,2011.7501,6708.0972,0.9743,2021-03-05
10470.2939,7728.8525,6221.9688,1506.8835,8473.4004,5959.3408,3041.0864,2918.2544,4433.9717,0.9851,2021-03-06
10474.9541,7650.4097,5780.9648,1869.4446,7986.002,6482.7495,3742.6587,2740.0908,5373.6968,0.9851,2021-03-07
10479.166,7574.7759,5774.3989,1800.3767,7654.4141,5821.75,2621.5125,3200.2378,3600.0073,0.9847,2021-03-08
10482.8066,7493.1523,5323.9458,2169.2068,7109.627,6851.7798,4200.9409,2650.8389,5750.4746,0.9795,2021-03-09
10485.916,8000.1182,6693.6152,1306.5027,9325.7139,7646.4131,6256.8403,1389.5731,8208.2705,0.9743,2021-03-10
10488.5176,8017.5454,6719.1992,1298.3459,9305.8262,7360.1709,5382.9854,1977.1858,7451.5532,0.9847,2021-03-11
10490.6035,8073.9727,6826.2661,1247.7067,9508.8213,7941.2241,6446.0547,1495.1696,8992.0801,0.9847,2021-03-12
10492.1475,8059.5361,6761.8247,1297.7117,9319.4141,7538.5586,5092.0615,2446.4971,7002.7695,0.9847,2021-03-13
10493.2041,7488.709,5510.7939,1977.915,7601.0288,6215.416,3541.0525,2674.3633,4968.0239,0.9688,2021-03-14
10493.6426,7547.1885,5683.4238,1863.765,7463.8687,5779.8433,2728.6995,3051.1436,3637.8455,0.9847,2021-03-15
10493.6016,7539.4634,5559.0,1980.4634,7555.0557,4930.5669,1738.1718,3192.3953,2679.4675,0.9847,2021-03-16
10493.0693,7699.7949,6105.3208,1594.4739,8199.1729,6994.8169,4629.6206,2365.196,5989.7871,0.9844,2021-03-17
10491.9648,7718.8057,6120.585,1598.2206,8226.0518,6711.6494,4482.2891,2229.3601,5847.5513,0.9844,2021-03-18
10490.2627,7826.0645,6519.0581,1307.0061,9006.7627,6203.5273,4286.5693,1916.9579,5486.604,0.9847,2021-03-19
10488.1465,7764.394,6323.2388,1441.1553,8738.2158,6833.2598,4618.7974,2214.4622,5867.0107,0.9844,2021-03-20
10485.4619,7819.6353,6437.5898,1382.0454,8908.876,5884.7437,3417.5017,2467.2419,4600.4409,0.9844,2021-03-21
10482.2354,7802.4126,6341.416,1460.9969,8708.2471,5762.4321,1852.665,3909.7671,2509.5042,0.9844,2021-03-22
10478.4834,7933.7378,6574.1792,1359.5585,9026.4912,7168.3618,4604.9487,2563.4131,6422.2935,0.9847,2021-03-23
10474.2422,8058.1128,6919.6201,1138.4926,9664.3525,7965.7017,6709.502,1256.1997,9325.751,0.9847,2021-03-24
10469.4717,8033.6875,6811.7793,1221.9081,9495.6973,7731.3037,6123.9219,1607.3818,8412.6797,0.9847,2021-03-25
10464.2412,7731.2549,6045.2373,1686.0178,8226.4141,6095.3169,2346.4119,3748.9048,3103.1038,0.9844,2021-03-26
10458.4121,7456.1606,5492.9858,1963.1748,7178.0005,4426.7134,849.8644,3576.8489,1222.1224,0.9844,2021-03-27
10452.1396,7559.7778,5747.5776,1812.2,7816.5791,7390.7339,5404.3877,1986.3458,7120.4277,0.974,2021-03-28
10445.4316,7623.4194,5952.9272,1670.4921,8065.9565,5557.4531,2499.4841,3057.969,3675.3691,0.984,2021-03-29
10438.1846,7513.6846,5684.0034,1829.6809,7480.2769,5053.9502,1955.2251,3098.7251,2436.7991,0.984,2021-03-30
10430.3994,7446.4062,5415.0039,2031.4027,6996.7686,5654.9312,2932.3726,2722.5586,3726.075,0.9844,2021-03-31
10422.2734,7648.875,5974.0654,1674.8097,8106.8027,7637.0337,5960.4819,1676.5518,8056.8633,0.984,2021-04-01
10413.6279,7546.7188,5871.9502,1674.7683,7734.6509,4609.2822,1907.6228,2701.6597,2646.1484,0.9632,2021-04-02
10404.5137,7327.8032,5114.9019,2212.9014,6758.2061,5127.7397,2505.7295,2622.0105,3360.0259,0.984,2021-04-03
10394.9717,7432.4385,5419.999,2012.4396,7214.939,5820.1973,3333.8101,2486.3872,3946.1094,0.984,2021-04-04
10385.0059,7529.8633,5807.6123,1722.2511,7812.6748,5329.9224,3030.7319,2299.1902,4083.4089,0.9736,2021-04-05
10374.5996,7522.7583,5879.1143,1643.6438,8068.5894,6868.3267,4410.4995,2457.8274,5737.6821,0.984,2021-04-06
10363.8418,7660.7427,6189.1079,1471.6351,8528.6943,7256.2192,5287.9355,1968.2836,7186.1465,0.9837,2021-04-07
10352.6221,7645.2212,6117.6777,1527.5431,8326.8193,6460.0933,3394.4419,3065.6516,5240.8833,0.9837,2021-04-08
10340.9668,7471.9868,5625.8291,1846.1581,7675.4629,7102.9043,5037.6851,2065.219,7030.4082,0.984,2021-04-09
10329.041,7514.2334,5872.1714,1642.0618,8041.5537,6486.0981,3442.2302,3043.8679,4523.2114,0.9837,2021-04-10
10316.6924,7285.3843,5226.292,2059.0925,7106.1191,6410.7783,3952.3203,2458.458,5122.1938,0.9837,2021-04-11
10303.9756,7354.2275,5491.5459,1862.6815,7329.4878,6382.8105,3216.864,3165.9465,4604.2891,0.9837,2021-04-12
10290.9238,7494.5801,5972.8569,1521.7235,8045.106,5938.9302,3055.0234,2883.9067,3807.3721,0.9837,2021-04-13
10277.5596,7544.8286,5924.8975,1619.9312,8147.2271,6967.0024,4617.4351,2349.5674,6468.3418,0.9837,2021-04-14
10263.8662,7578.603,6124.3677,1454.2351,8416.9062,6603.9194,3757.0742,2846.8452,5542.0103,0.9837,2021-04-15
10249.9102,7472.77,5898.2681,1574.5017,7971.4072,6813.3691,4739.2812,2074.0881,6204.7124,0.9833,2021-04-16
10235.6318,7374.9761,5591.2451,1783.731,7648.332,6547.2959,3294.5627,3252.7332,4481.5068,0.9677,2021-04-17
10221.0234,7461.6353,5952.355,1509.2802,8147.3472,6685.8838,3808.6399,2877.2441,5351.5796,0.9785,2021-04-18
10206.21,7439.1743,5857.1387,1582.0354,8175.7319,7253.4326,5688.2334,1565.1991,7511.1128,0.9837,2021-04-19
10191.1982,7316.9634,5181.6279,2135.3354,7155.292,6642.5791,3759.2756,2883.3032,4953.7808,0.9833,2021-04-20
10175.917,7239.9404,4910.1484,2329.7915,6618.5923,5570.9243,2732.1057,2838.8186,3254.5918,0.9833,2021-04-21
10160.4141,7235.9272,5102.9321,2132.9954,6748.7012,5713.335,3108.9116,2604.4233,3782.5964,0.9833,2021-04-22
10144.7041,7355.3008,5769.2109,1586.0896,7889.8628,6203.856,3054.7715,3149.0845,4004.4241,0.9833,2021-04-23
10128.8545,7361.793,5821.5991,1540.1941,8061.1304,6478.2192,4083.9375,2394.2817,5253.6216,0.983,2021-04-24
10112.7617,7275.7319,5617.8096,1657.9225,7696.499,5381.5146,2055.5759,3325.939,2524.0925,0.9833,2021-04-25
10096.5635,7252.2236,5632.4067,1619.8171,7745.5078,5108.1616,1464.5045,3643.6572,2065.135,0.9833,2021-04-26
10080.2227,7440.3286,6236.3921,1203.9364,8853.71,7375.0771,6035.1406,1339.9362,8628.1855,0.9833,2021-04-27
10063.7578,7373.9111,6041.9619,1331.9493,8469.3076,6283.3979,3523.4246,2759.9736,5416.3516,0.9729,2021-04-28
10047.2344,7378.7456,5991.7358,1387.0099,8377.1895,5776.2202,2894.3308,2881.8892,3497.3992,0.9778,2021-04-29
10030.5859,7415.3916,6104.7095,1310.6823,8544.3877,6072.2612,3218.2722,2853.9893,4743.7578,0.983,2021-04-30
10013.8623,7320.9814,5847.3599,1473.6218,8148.3081,6374.4126,3674.8296,2699.5833,4992.7715,0.9778,2021-05-01
9997.0801,7245.2144,5575.2793,1669.9353,7870.8218,6650.1655,4678.3643,1971.8013,6820.2456,0.983,2021-05-02
9980.2578,7367.4883,6313.8345,1053.6538,9019.1182,5001.2456,2989.822,2011.4236,4398.1494,0.983,2021-05-03
9963.4121,7289.3765,6041.2109,1248.1659,8502.4258,6191.2256,3359.2837,2831.9419,5084.3291,0.983,2021-05-04
9946.5596,7159.5415,5665.7495,1493.7919,7901.8623,7157.1279,5663.3838,1493.7439,7891.8608,0.983,2021-05-05
9929.7676,7181.6313,5785.7603,1395.8712,8162.3613,6150.7715,3569.6001,2581.1711,4487.9683,0.9826,2021-05-06
9912.9639,7230.9414,6022.9229,1208.0189,8515.6553,5748.4551,2816.7817,2931.6731,3563.6665,0.9826,2021-05-07
9896.1602,7197.4741,6030.2432,1167.2307,8362.21,3743.7214,1131.5754,2612.146,1623.5195,0.983,2021-05-08
9879.4629,7023.9565,5478.5264,1545.4302,7489.5029,4123.7715,1067.9517,3055.8198,1328.1661,0.983,2021-05-09
9862.8418,7184.2764,6019.7788,1164.4973,8516.3809,3248.2129,578.4565,2669.7563,924.3846,0.983,2021-05-10
9846.3184,7274.0601,6247.1724,1026.8881,9164.7637,4862.0566,1341.4005,3520.6562,2012.0701,0.983,2021-05-11
9829.9521,7211.7661,6002.7793,1208.9873,8493.458,5567.3667,2135.3438,3432.0229,2944.7805,0.9826,2021-05-12
9813.6719,7053.0957,5514.4678,1538.6277,7854.3184,6802.9624,4875.2681,1927.6948,6742.7476,0.9826,2021-05-13
9797.5361,7014.8359,5286.5718,1728.2639,7475.0029,6899.5625,5126.0298,1773.533,6933.6914,0.9826,2021-05-14
9781.5645,6919.7949,5010.4873,1909.308,6868.314,6912.9971,5003.7896,1909.2075,6826.4453,0.9826,2021-05-15
9765.7695,7097.3267,5554.957,1542.3696,7820.2529,6697.8125,4330.5439,2367.2683,6351.7441,0.9826,2021-05-16
9750.1699,7094.165,5583.8164,1510.3489,7925.3931,6840.333,4993.1689,1847.1641,7299.1772,0.9826,2021-05-17
9734.7803,7041.9678,5404.4717,1637.4958,7596.3286,6111.0732,3216.9702,2894.1028,4965.5884,0.9826,2021-05-18
9719.6162,6827.1836,4796.4961,2030.6875,6571.0581,5700.0562,2442.8105,3257.2456,3243.7449,0.9826,2021-05-19
9704.6914,6831.8892,4715.1133,2116.7761,6529.1714,5900.9209,2457.6294,3443.2913,3725.1294,0.9826,2021-05-20
9690.0225,6923.9956,5051.8452,1872.1501,7020.6987,6005.269,3437.4312,2567.8379,5261.2017,0.9826,2021-05-21
9675.6221,6793.8286,4684.6748,2109.1538,6549.7134,6265.293,3851.1086,2414.1846,5621.4883,0.9826,2021-05-22
9661.5049,6801.667,4773.9414,2027.7258,6633.4731,6413.0024,4060.7605,2352.2419,5717.3169,0.9826,2021-05-23
9647.6846,6792.9492,4799.4082,1993.541,6740.1602,5745.7656,3414.533,2331.2327,4547.8765,0.9826,2021-05-24
9634.2197,6975.9038,5450.8115,1525.0923,7707.1289,6975.9038,5450.8115,1525.0923,7707.1289,0.9823,2021-05-25
9621.0439,6678.8774,4537.4282,2141.4495,6363.9224,6418.3618,4099.0068,2319.355,5604.6089,0.9823,2021-05-26
9608.2041,6858.3032,5060.6826,1797.6208,7111.2949,6825.6406,4978.2617,1847.3788,7023.7222,0.9823,2021-05-27
9595.7129,6872.7505,5105.3481,1767.4021,7306.5234,6872.7505,5105.3481,1767.4021,7306.5234,0.9823,2021-05-28
9583.541,6826.8247,5038.6978,1788.1267,7234.5405,5804.6987,3195.3928,2609.3059,4632.7729,0.9826,2021-05-29
9571.791,6941.2041,5396.6357,1544.5684,7723.2715,6815.4824,4970.834,1844.6483,7257.5649,0.9826,2021-05-30
9560.4248,7065.5479,5654.8184,1410.7292,8190.3691,6998.709,5542.6436,1456.0653,7847.8389,0.9826,2021-05-31
9549.5039,6851.9346,5128.0161,1723.9186,7248.2988,6761.4141,4927.3403,1834.0734,6854.377,0.9823,2021-06-01
9538.9512,6764.6289,4870.2754,1894.3536,6889.1694,6512.252,4268.1641,2244.0881,5897.3364,0.9823,2021-06-02
9528.8145,6510.73,4190.4917,2320.238,5820.3286,5817.2632,2815.4558,3001.8074,3556.8484,0.9823,2021-06-03
9519.1006,6572.019,4394.1543,2177.865,6075.8218,5543.1851,2671.4282,2871.7568,3502.6958,0.9823,2021-06-04
9509.7764,6705.6128,4748.1138,1957.4993,6850.1089,6439.5762,4315.0576,2124.5186,5837.563,0.9826,2021-06-05
9500.998,6758.0854,5017.3623,1740.7228,7158.1235,6691.9087,4919.186,1772.7228,6919.2163,0.9823,2021-06-06
9492.6416,6887.876,5292.7612,1595.1147,7780.7578,6861.2251,5259.0723,1602.153,7672.1421,0.9823,2021-06-07
9484.7441,6961.7578,5518.6084,1443.1498,7978.8311,6269.8042,4004.4424,2265.3618,6175.4971,0.9823,2021-06-08
9477.3086,6882.6641,5298.6748,1583.9891,7667.54,6801.4521,5105.252,1696.2001,7431.7378,0.9823,2021-06-09
9470.3486,6878.1885,5345.5518,1532.637,7749.8066,6878.1885,5345.5518,1532.637,7749.8066,0.9823,2021-06-10
9463.8789,6677.7202,4816.0361,1861.6843,6783.2129,6318.5859,4274.5488,2044.0374,5800.0908,0.9823,2021-06-11
9457.917,6492.77,4208.8569,2283.9131,5946.8608,5983.4512,3450.894,2532.5569,4822.7969,0.9823,2021-06-12
9452.4443,6532.3428,4358.1973,2174.1458,6114.5869,6386.1777,4080.458,2305.7197,5773.7397,0.9823,2021-06-13
9447.4648,6425.1704,4022.7529,2402.4177,5559.1714,5906.5498,3289.3367,2617.2129,4616.4497,0.9823,2021-06-14
9442.9824,6238.0864,3668.8608,2569.2256,5026.2148,5823.5112,2705.0642,3118.4473,3850.915,0.9823,2021-06-15
9439.0244,6367.7534,4140.1187,2227.6348,5636.3682,5643.7896,2502.1052,3141.6843,3399.3396,0.9823,2021-06-16
9435.5859,6381.3774,4106.1362,2275.2415,5633.2427,6030.4082,3153.0762,2877.332,4511.4478,0.9823,2021-06-17
9432.6523,6370.1006,3981.6538,2388.4468,5477.0137,5543.895,2966.5134,2577.3816,3989.366,0.9667,2021-06-18
9430.2266,6614.6641,4654.21,1960.4539,6564.2002,5420.4541,2588.1821,2832.272,3285.7571,0.9823,2021-06-19
9428.3574,6539.1938,4355.3501,2183.8438,6141.8398,6416.5908,4049.7109,2366.8799,5775.1387,0.9819,2021-06-20
9426.9414,6429.4609,4102.6406,2326.8206,5719.1934,6410.0698,4087.5581,2322.512,5650.8345,0.9823,2021-06-21
9426.082,6429.7544,4113.0166,2316.7383,5769.9956,6394.5425,4046.6389,2347.9036,5670.9341,0.9823,2021-06-22
9425.7314,6591.7666,4467.5938,2124.1726,6362.3848,6132.9629,3800.9138,2332.0491,5072.8086,0.9823,2021-06-23
9425.8896,6709.2764,4779.8594,1929.4169,6839.9336,6497.896,4300.3218,2197.5745,6316.5288,0.9823,2021-06-24
9426.5674,6790.1094,5145.1846,1644.9249,7429.563,6631.5288,4807.4707,1824.058,6980.6108,0.9826,2021-06-25
9427.7744,6631.4717,4613.8262,2017.6455,6549.1899,6426.4224,4221.5171,2204.9053,6093.7432,0.9826,2021-06-26
9429.4834,6723.9233,4864.6958,1859.2272,6985.3071,6723.9233,4864.6958,1859.2272,6985.3071,0.9722,2021-06-27
9431.6914,6740.0186,4838.4121,1901.6064,6902.6108,6670.3809,4637.1841,2033.197,6685.4009,0.9826,2021-06-28
9434.3955,6422.2153,4079.0139,2343.2017,5744.0547,5768.7983,2905.2615,2863.5366,4432.0366,0.9618,2021-06-29
9437.6064,6535.5317,4492.8643,2042.6674,6230.6558,4241.5449,1653.6343,2587.9106,2767.197,0.9823,2021-06-30
9441.3242,6621.436,4748.7319,1872.7041,6651.4009,6022.7998,3890.761,2132.0386,5648.0825,0.9823,2021-07-01
9445.5234,6547.0249,4513.1777,2033.8472,6360.8896,4868.9521,2519.6562,2349.2957,3689.6519,0.9823,2021-07-02
9450.1992,6715.8677,4930.666,1785.2017,7058.9458,6684.3433,4896.0645,1788.2792,6944.4004,0.9823,2021-07-03
9455.3447,6597.4429,4609.1875,1988.2552,6567.5737,6065.7539,3862.2507,2203.5032,5745.6333,0.9823,2021-07-04
9460.918,6620.5645,4745.4077,1875.1565,6634.1636,5223.9536,2572.1733,2651.78,3773.6079,0.9826,2021-07-05
9467.0527,6250.0103,3800.2402,2449.7703,5176.1274,4090.397,1365.516,2724.8811,2006.5424,0.9823,2021-07-06
9473.5986,6093.7402,3441.9409,2651.7991,4661.772,5135.3374,2278.8435,2856.4939,3223.2659,0.9823,2021-07-07
9480.584,6328.2656,3968.1299,2360.136,5405.146,4490.2075,1817.1671,2673.0403,2356.4221,0.9823,2021-07-08
9487.999,6490.0488,4467.0127,2023.036,6176.3643,5150.7563,1970.2841,3180.4722,3130.8533,0.9823,2021-07-09
9495.8408,6342.2808,4126.2417,2216.0391,5709.2109,4827.3462,1909.7698,2917.5767,2351.21,0.9823,2021-07-10
9504.0605,6393.0972,4170.9243,2222.1726,5808.3462,4044.573,1475.1044,2569.4688,2188.5452,0.9826,2021-07-11
9512.7334,6476.6045,4388.3335,2088.2708,6043.4575,3383.3586,587.0674,2796.2913,984.2617,0.9826,2021-07-12
9521.7988,6390.7563,4188.813,2201.9434,5646.728,3928.8608,895.6388,3033.2219,1363.5613,0.9826,2021-07-13
9531.2939,6613.564,4689.582,1923.9817,6630.9229,5230.1543,2487.6768,2742.4775,3276.5427,0.9823,2021-07-14
9541.1211,6525.4673,4459.2847,2066.1826,6194.8735,4891.3564,1526.9197,3364.4368,2055.7527,0.9823,2021-07-15
9551.3066,6708.6343,5000.7705,1707.8638,7006.3506,4131.3213,1407.4067,2723.9143,2069.9951,0.9823,2021-07-16
9561.8408,6733.9272,4994.7925,1739.1348,6942.1519,6076.208,3733.3069,2342.9011,4877.0996,0.9823,2021-07-17
9572.665,6699.9111,4826.0356,1873.8755,6737.1567,4707.7329,2112.8057,2594.9275,2848.7566,0.9826,2021-07-18
9583.8662,6631.5283,4595.2725,2036.2559,6459.0947,6241.2173,3668.3367,2572.8806,5176.7979,0.9826,2021-07-19
9595.3779,6494.2554,4172.1582,2322.0972,5721.46,4482.5073,1585.3922,2897.1152,1945.394,0.9826,2021-07-20
9607.1855,6665.9355,4625.3931,2040.5424,6480.2334,6180.583,3909.9668,2270.6165,4953.771,0.9774,2021-07-21
9619.2783,6641.9062,4459.7388,2182.1675,6249.3584,6453.4087,4134.229,2319.1799,5739.4775,0.9826,2021-07-22
9631.6416,6827.9927,4855.98,1972.0122,6827.2017,6567.3379,4376.895,2190.4431,6189.3296,0.9826,2021-07-23
9644.2617,6676.2588,4635.1548,2041.104,6394.9326,3387.9998,1052.2775,2335.7222,1198.63,0.9826,2021-07-24
9657.125,6798.4619,4946.0562,1852.4054,6893.1704,4786.0864,2596.9509,2189.1357,3785.3757,0.9826,2021-07-25
9670.2178,6843.5444,5018.0952,1825.4492,6984.2075,4810.8882,2591.8723,2219.0161,3648.0542,0.9826,2021-07-26
9683.5254,6882.1787,5152.4062,1729.7727,7064.123,4315.7056,1379.2515,2936.4539,1706.5552,0.9826,2021-07-27
9697.0332,6333.3433,3729.1245,2604.2185,4953.7417,4076.7766,1452.0643,2624.7124,2110.717,0.9826,2021-07-28
9710.7275,6711.0347,4695.5747,2015.4601,6324.3418,3918.8369,890.033,3028.804,1366.3905,0.9826,2021-07-29
9724.5918,6563.2104,4239.6606,2323.55,5732.7427,5692.7056,2472.9697,3219.7356,3598.5828,0.9826,2021-07-30
9738.6113,6439.7695,3977.156,2462.6138,5303.647,6140.8657,3293.1448,2847.7212,4417.1724,0.9826,2021-07-31
9752.7334,6723.3296,4633.6177,2089.7117,6404.7144,5192.6777,2370.1804,2822.4971,3230.5056,0.983,2021-08-01
9767.0283,7002.2363,5347.2319,1655.0048,7654.1289,4042.6931,1392.7603,2649.9329,1721.8386,0.983,2021-08-02
9781.4316,7251.1421,6035.772,1215.3705,8639.4834,7020.958,5568.373,1452.5846,7996.7773,0.983,2021-08-03
9795.9297,7176.438,5762.3462,1414.0917,8116.125,6996.27,5371.5425,1624.7275,7590.9453,0.983,2021-08-04
9810.5059,7218.9941,5733.9028,1485.0911,8064.5688,7179.1401,5651.8716,1527.2688,7879.8252,0.983,2021-08-05
9825.1436,7085.4136,5376.0312,1709.3824,7384.8149,6539.8262,4428.8198,2111.0063,5504.6846,0.983,2021-08-06
9839.8271,7084.2432,5407.4111,1676.8319,7474.415,6305.8379,3771.6187,2534.2192,5492.0405,0.983,2021-08-07
9854.498,6936.7705,5007.687,1929.0835,6764.6274,5035.5889,2042.7631,2992.8259,3033.4861,0.9833,2021-08-08
9869.29,7070.0269,5375.0718,1694.955,7308.3286,3868.6921,1000.6139,2868.0781,1317.6414,0.983,2021-08-09
9884.04,7150.2217,5596.6328,1553.5887,7798.4756,6143.2739,4429.6411,1713.6329,5569.1157,0.983,2021-08-10
9898.7734,7221.231,5841.1182,1380.1129,8017.3599,7144.3613,5728.6743,1415.687,7690.999,0.983,2021-08-11
9913.4727,7076.5508,5187.4199,1889.1305,7165.9229,6912.8174,5058.7129,1854.1042,6759.7261,0.983,2021-08-12
9928.0801,7097.0991,5263.355,1833.7441,7152.6616,7052.4873,5181.4907,1870.9967,7006.3394,0.9628,2021-08-13
9942.6846,7125.2686,5515.4902,1609.7782,7431.2441,6196.4839,3451.1882,2745.2954,4309.5952,0.9837,2021-08-14
9957.208,7142.749,5580.2148,1562.5339,7563.8071,5398.9995,2806.4812,2592.5181,3617.9229,0.9785,2021-08-15
9971.6348,7112.041,5217.3833,1894.6576,7102.7124,6697.937,4316.3921,2381.5454,5751.1089,0.9837,2021-08-16
9985.9639,7152.7993,5230.5508,1922.249,7172.7104,7125.3389,5161.3589,1963.9797,7088.1758,0.9833,2021-08-17
10000.1924,7244.3413,5499.3843,1744.9574,7560.5352,7134.6416,5284.8232,1849.8182,7170.4443,0.9833,2021-08-18
10014.2793,7153.3101,5331.9468,1821.3632,7205.9272,6589.5669,4388.8481,2200.719,5935.1118,0.9833,2021-08-19
10028.209,7205.6768,5402.2227,1803.4541,7349.8677,5977.7827,3510.5188,2467.2637,4282.6494,0.9833,2021-08-20
10041.9316,7341.3057,5789.2178,1552.0879,7936.2021,7294.1738,5691.6802,1602.4938,7666.2549,0.9837,2021-08-21
10055.5898,7393.5576,6028.7314,1364.8263,8332.5762,6095.5278,4384.4751,1711.0526,5352.5171,0.9833,2021-08-22
10069.0107,7480.8535,6201.6333,1279.2202,8646.4785,7241.7139,5541.3599,1700.3539,7873.5229,0.9833,2021-08-23
10082.1748,7420.3398,5958.8433,1461.4965,8377.6758,6577.3008,4753.7275,1823.5735,6326.0034,0.9837,2021-08-24
10095.1836,7622.1758,6583.5928,1038.5829,9254.666,7282.2305,5347.1948,1935.0353,7942.1191,0.9837,2021-08-25
10108.002,7634.8418,6528.041,1106.8007,9224.4229,7553.9014,6392.499,1161.4023,8606.1621,0.9833,2021-08-26
10120.4941,7575.6914,6427.0181,1148.6736,8957.751,7575.6914,6427.0181,1148.6736,8957.751,0.9785,2021-08-27
10132.7959,7501.6621,6088.646,1413.016,8425.7109,6956.9785,4969.3862,1987.5923,6973.6895,0.9837,2021-08-28
10144.8174,7387.1763,5744.7974,1642.379,7781.4189,6702.1641,4107.0405,2595.1235,5524.4297,0.9837,2021-08-29
10156.5547,7088.248,4966.7671,2121.4807,6529.0215,6828.5469,4388.4961,2440.051,5633.46,0.9837,2021-08-30
10168.0371,6865.4116,4321.0811,2544.3303,5710.1006,6856.1812,4314.0186,2542.1626,5685.4927,0.9837,2021-08-31
10179.2021,7324.8286,5691.4321,1633.3965,7547.4873,2999.2795,384.2952,2614.9844,710.5334,0.9837,2021-09-01
10190.0039,7272.271,5404.5542,1867.7169,7361.6943,6886.2822,4875.7319,2010.5502,6137.2598,0.984,2021-09-02
10200.5947,7352.5972,5697.6782,1654.9193,7553.1445,5498.6489,2655.1509,2843.4978,3409.6345,0.9837,2021-09-03
10210.8008,7455.9634,5810.7383,1645.2252,7867.0381,7073.4004,5202.1733,1871.2268,6421.1553,0.9837,2021-09-04
10220.623,7321.5029,5523.0146,1798.4883,7289.3936,6381.7749,3504.1025,2877.6721,4773.29,0.984,2021-09-05
10230.1309,7434.7729,5737.9526,1696.8206,7799.0303,6574.6025,3860.8997,2713.7029,4892.5977,0.984,2021-09-06
10239.2871,7586.0645,6126.4717,1459.5928,8451.6777,7347.5786,5538.7036,1808.8748,7350.1587,0.984,2021-09-07
10248.0869,7613.6455,6392.5259,1221.1191,8738.8105,6176.939,3960.0535,2216.8853,5455.9634,0.984,2021-09-08
10256.4844,7570.6543,6296.2012,1274.4531,8738.8799,4474.2095,1231.0112,3243.1982,1682.6006,0.984,2021-09-09
10264.5107,7435.9424,5872.5449,1563.3976,7865.1851,6671.4453,4510.79,2160.6553,5873.4766,0.984,2021-09-10
10272.1494,7398.5303,5542.1099,1856.4203,7393.835,6804.9453,4504.1855,2300.7598,5695.7349,0.984,2021-09-11
10279.3135,7441.835,5609.6396,1832.1953,7494.6367,7393.2764,5527.4751,1865.8015,7192.1992,0.9844,2021-09-12
10286.1895,7589.5229,6068.7236,1520.7996,8290.1699,7254.8618,5302.0708,1952.7915,7296.6714,0.984,2021-09-13
10292.5986,7693.4268,6486.1465,1207.2803,8931.377,7351.4043,5762.8188,1588.5857,7891.5464,0.984,2021-09-14
10298.5332,7624.6724,6174.1309,1450.5417,8448.2588,7308.8071,5577.7695,1731.0378,7096.2905,0.9847,2021-09-15
10304.1328,7525.6284,5969.0396,1556.5889,8021.2896,7371.7842,5806.0156,1565.7684,7364.0049,0.9844,2021-09-16
10309.209,7441.8262,5768.9082,1672.918,7703.9009,6001.3545,2616.9275,3384.4272,3507.2698,0.9844,2021-09-17
10313.9082,7455.4272,5946.6177,1508.8093,7997.0747,1899.272,92.8476,1806.4243,168.8111,0.9844,2021-09-18
10318.1406,7609.1206,6324.5596,1284.5609,8592.5205,6298.4819,3694.9319,2603.5498,5183.0991,0.9844,2021-09-19
10321.9512,7563.7275,6104.1074,1459.6202,8375.4443,6432.3647,4183.7695,2248.5952,4966.9526,0.974,2021-09-20
10325.3086,7580.4399,6090.6904,1489.7495,8237.0215,6512.5894,4383.7979,2128.7915,5521.1914,0.9844,2021-09-21
10328.1426,7559.0566,5966.5142,1592.5426,8038.0029,7491.0,5855.895,1635.105,7587.0195,0.9847,2021-09-22
10330.6484,7625.0356,6042.5801,1582.4554,8106.1089,7611.6899,6017.8242,1593.8655,8003.667,0.9844,2021-09-23
10332.6338,7486.9307,5693.9097,1793.0212,7594.5806,7167.4473,4842.916,2324.531,6726.6533,0.9844,2021-09-24
10334.1094,7496.2974,5872.1182,1624.1792,7919.7075,6374.3613,4187.0547,2187.3064,4881.4673,0.9847,2021-09-25
10335.2227,7634.1528,6226.1836,1407.9691,8502.1084,7464.3833,5974.3896,1489.9932,7915.4028,0.9844,2021-09-26
10335.7734,7593.6206,5955.4297,1638.1909,8085.5991,6874.6689,4292.9146,2581.7544,5825.1826,0.9847,2021-09-27
10335.9248,7561.2788,6022.2456,1539.0336,8045.4526,5678.3325,3259.4814,2418.8511,4566.7925,0.9847,2021-09-28
10335.5918,7499.6196,5713.0835,1786.5363,7820.8716,7094.3901,4791.9067,2302.4836,6884.0396,0.9847,2021-09-29
10334.8125,7655.252,6231.0693,1424.1825,8508.3984,6999.4409,4589.8335,2409.6072,5931.4302,0.9847,2021-09-30
10333.5771,7440.0498,5621.7769,1818.2728,7506.6206,5733.2207,2448.5728,3284.6477,3435.9993,0.9847,2021-10-01
10331.8623,7376.6372,5443.4663,1933.1709,7207.98,5540.4902,2854.1953,2686.2949,3226.0383,0.9847,2021-10-02
10329.7002,7560.0063,5935.0806,1624.9261,8016.0371,6565.3618,4045.8899,2519.4717,5305.5088,0.9847,2021-10-03
10327.0947,7636.7202,6165.6421,1471.0781,8455.4883,7236.5098,5537.9819,1698.5278,7178.6401,0.9847,2021-10-04
10324.0205,7604.1284,6111.4077,1492.7207,8444.2646,5400.5034,2734.8196,2665.6838,3708.29,0.9847,2021-10-05
10320.458,7474.3848,5616.0063,1858.3784,7578.8198,6482.5161,3667.7732,2814.7427,4835.0,0.9851,2021-10-06
10316.5469,7489.6348,5732.4146,1757.2202,7832.3716,6607.9819,4411.04,2196.9419,5914.7217,0.9795,2021-10-07
10312.1504,7631.2432,6287.2754,1343.9679,8748.8047,7206.1265,5653.2134,1552.9128,7309.4355,0.9639,2021-10-08
10307.2793,7611.0942,6257.8623,1353.2319,8606.2646,6892.7729,4596.4551,2296.3179,6669.729,0.9851,2021-10-09
10302.0234,7521.2295,5959.0391,1562.1904,8229.9551,7521.2295,5959.0391,1562.1904,8229.9551,0.9851,2021-10-10
10296.334,7568.7876,6123.6396,1445.1477,8371.1484,6841.106,4214.8696,2626.2361,5210.1338,0.9851,2021-10-11
10290.252,7245.2231,5147.3828,2097.8403,6811.2896,5618.0039,2732.4314,2885.5728,3417.126,0.9851,2021-10-12
10283.7666,7406.2461,5724.3638,1681.8824,7820.1152,6987.312,5190.4937,1796.8186,6764.8325,0.9851,2021-10-13
10276.8721,7692.7393,6569.229,1123.5106,9139.0293,7692.7393,6569.229,1123.5106,9139.0293,0.9851,2021-10-14
10269.5781,7590.0063,6094.7495,1495.2572,8491.1875,6862.6553,4750.9448,2111.71,7080.2144,0.9851,2021-10-15
10261.8691,7710.7583,6625.3745,1085.3839,9290.541,7457.0747,6066.8066,1390.2684,7736.8052,0.9858,2021-10-16
10253.8887,7545.5024,6183.396,1362.1062,8521.292,7431.3203,5906.7573,1524.5632,8159.603,0.9854,2021-10-17
10245.4951,7496.6558,6052.8794,1443.7766,8385.4688,7188.3027,5187.6294,2000.6735,7460.2749,0.9854,2021-10-18
10236.7432,7549.4448,6045.228,1504.2164,8332.2949,6591.147,3143.3992,3447.7478,4591.25,0.9854,2021-10-19
10227.6143,7385.833,5504.6367,1881.1964,7522.0176,6665.6636,3612.7195,3052.9441,4965.8916,0.9854,2021-10-20
10218.2002,7501.2681,5865.6548,1635.6134,8065.1479,7168.5127,4922.2988,2246.2136,6771.5474,0.9854,2021-10-21
10208.4639,7559.4961,6069.5073,1489.9886,8401.5293,6846.3223,4961.6602,1884.6621,6659.4248,0.9854,2021-10-22
10198.417,7563.2622,6155.3306,1407.9319,8521.8428,7267.3076,5623.3672,1643.9403,7957.083,0.9854,2021-10-23
10188.0742,7740.1421,6631.5625,1108.5797,9426.9785,7740.1421,6631.5625,1108.5797,9426.9785,0.9854,2021-10-24
10177.4619,7644.769,6472.7144,1172.0544,9146.9268,6917.1997,5282.7178,1634.4821,6986.1875,0.9851,2021-10-25
10166.5879,7578.8872,6259.3936,1319.494,8858.5742,7294.5864,5705.3843,1589.2023,7481.7925,0.9851,2021-10-26
10155.458,7679.3369,6525.4639,1153.873,9300.998,7675.647,6520.0498,1155.5969,9284.8965,0.9851,2021-10-27
10144.0869,7425.5391,5877.9766,1547.5621,8240.4014,6971.6665,4993.2314,1978.4349,6773.105,0.9851,2021-10-28
10132.4902,7521.0503,6231.0806,1289.9698,8799.1484,7214.5771,5346.3843,1868.193,7442.3901,0.9851,2021-10-29
10120.6836,7499.2656,6223.9097,1275.3561,8698.1133,7265.0562,5482.2905,1782.7653,7643.895,0.9851,2021-10-30
10108.6826,7618.9673,6422.1016,1196.8657,9146.5107,7556.9888,6275.8945,1281.0945,8990.2734,0.9851,2021-10-31
10096.5049,7647.0078,6422.7012,1224.3068,9139.6592,7584.2871,6201.7261,1382.561,8868.3223,0.9851,2021-11-01
10084.168,7621.7959,6411.0317,1210.7638,9107.126,6621.9634,3458.0032,3163.96,4914.77,0.9851,2021-11-02
10071.6865,7309.6064,5584.5103,1725.0958,7925.8682,5824.7803,2654.8679,3169.9121,3720.8335,0.9851,2021-11-03
10059.0811,7351.9111,5815.8774,1536.0334,8217.083,6920.0977,4892.3359,2027.7615,6523.418,0.9851,2021-11-04
10046.3662,7346.3071,5760.4995,1585.8079,8189.4326,6267.2983,4234.3579,2032.9404,6363.8174,0.9851,2021-11-05
10033.5586,7327.5527,5784.6235,1542.9288,8149.2935,5915.6572,3094.4421,2821.2151,4608.6958,0.9851,2021-11-06
10020.6416,7317.0835,5764.3667,1552.7164,8134.8306,7201.4956,5486.9697,1714.5258,7541.8672,0.9854,2021-11-07
10007.7197,7354.7754,5958.2378,1396.5375,8435.5713,4792.1196,1874.5458,2917.574,2893.23,0.9854,2021-11-08
9994.7637,7378.8408,5999.8818,1378.9586,8625.5967,4529.4004,1733.4659,2795.9343,2877.3486,0.9854,2021-11-09
9981.791,7456.04,6412.7212,1043.3192,9352.5039,7416.2554,6335.7173,1080.5385,9046.998,0.9854,2021-11-10
9968.8203,7422.0293,6163.1987,1258.8309,8941.8633,7380.0923,6070.481,1309.6115,8662.4541,0.9854,2021-11-11
9955.8682,7368.3936,6030.4697,1337.9243,8689.4922,7223.8193,5554.2725,1669.5469,8031.8208,0.9854,2021-11-12
9942.9551,7499.4624,6321.749,1177.7131,9145.4473,6673.3862,3757.4041,2915.9822,5708.9883,0.9854,2021-11-13
9930.0557,7445.2114,6159.0737,1286.1378,8940.458,7445.2114,6159.0737,1286.1378,8940.458,0.9858,2021-11-14
9917.29,7322.2212,5838.7124,1483.5085,8402.9316,7313.7432,5827.6646,1486.079,8350.9883,0.9858,2021-11-15
9904.6162,7216.0342,5604.2188,1611.8153,7985.3374,6621.4731,5078.8818,1542.5918,6751.6816,0.9858,2021-11-16
9892.1016,7298.8203,5796.6616,1502.1588,8395.874,7223.1475,5578.2544,1644.8932,8107.9556,0.9858,2021-11-17
9879.6826,7333.2842,6024.9614,1308.3231,8830.2344,7330.3774,6024.3716,1306.0059,8828.4453,0.9858,2021-11-18
9867.3789,7186.9629,5658.8901,1528.0726,8123.6011,7111.7534,5510.0278,1601.7252,7779.936,0.9861,2021-11-19
9855.2939,7193.0503,5688.979,1504.0712,8202.4834,7117.7856,5626.5781,1491.2076,7861.0996,0.9861,2021-11-20
9843.3906,7245.8462,5879.5498,1366.2964,8547.9395,6900.9409,5192.8452,1708.0956,7270.2065,0.9861,2021-11-21
9831.6885,7454.5278,6328.7666,1125.7614,9281.0566,7120.8926,5303.5425,1817.35,7618.0547,0.9865,2021-11-22
9820.249,7372.0093,6068.3081,1303.7013,8938.248,7252.7217,5757.9927,1494.7291,8322.6924,0.9865,2021-11-23
9809.043,7180.4238,5665.9268,1514.4972,8205.3652,7180.4238,5665.9268,1514.4972,8205.3652,0.9865,2021-11-24
9798.0859,7059.7437,5337.3296,1722.4142,7655.0107,6606.8223,4737.3682,1869.4539,6377.6675,0.9865,2021-11-25
9787.4297,7084.2715,5375.3887,1708.8824,7915.7026,6181.1167,3154.7715,3026.3452,4654.4185,0.9861,2021-11-26
9777.0791,7002.123,5280.958,1721.1649,7618.4863,5027.8145,3189.6143,1838.2001,4212.0854,0.9861,2021-11-27
9767.0264,7179.5972,5997.1587,1182.4385,9011.7861,4920.2563,2007.9999,2912.2561,3394.1514,0.9809,2021-11-28
9757.3242,7224.8247,6160.2466,1064.5779,9208.9238,5706.6255,4096.1362,1610.4893,5256.7207,0.9861,2021-11-29
9747.9785,7132.7612,5869.0435,1263.718,8654.2158,6275.3472,3844.1055,2431.2415,5372.002,0.9809,2021-11-30
9738.9404,7193.4463,5914.4072,1279.0391,8730.9092,6780.9604,4960.2241,1820.7363,6802.5723,0.9865,2021-12-01
9730.3896,7173.6587,5863.7979,1309.8605,8621.584,6897.5181,5277.4971,1620.0211,7475.2041,0.9861,2021-12-02
9722.1875,6933.5728,5283.4043,1650.1681,7700.4331,5374.311,2832.3967,2541.9143,3934.7654,0.9861,2021-12-03
9714.3555,7107.5718,5707.689,1399.8829,8403.1963,6186.1221,4340.6548,1845.4672,6224.7095,0.9865,2021-12-04
9707.0469,7186.186,5845.5034,1340.6829,8739.293,6603.1079,4395.771,2207.3369,6480.6455,0.9861,2021-12-05
9700.0801,7228.1006,6006.5723,1221.5286,8880.7246,7228.1006,6006.5723,1221.5286,8880.7246,0.9865,2021-12-06
9693.6631,7069.2485,5495.1074,1574.1412,8078.8823,6901.3252,5141.2944,1760.0308,7488.6514,0.9861,2021-12-07
9687.624,6927.6133,5280.1685,1647.4445,7644.9746,5987.7021,3063.5635,2924.1387,3979.0691,0.9865,2021-12-08
9682.1055,6984.4058,5373.8223,1610.5835,7975.5435,5656.8701,2307.0938,3349.7764,3848.2122,0.9865,2021-12-09
9677.0781,7199.3774,5957.6353,1241.7422,8986.5059,6743.5063,4980.7798,1762.7266,7344.8042,0.9865,2021-12-10
9672.5566,7421.6929,6420.4092,1001.2839,9641.8154,7421.6929,6420.4092,1001.2839,9641.8154,0.9865,2021-12-11
9668.5771,7341.7534,6212.9512,1128.802,9364.0918,7160.7695,5658.7686,1502.001,8730.5723,0.9861,2021-12-12
9665.0371,7107.8008,5749.7417,1358.059,8572.958,6384.0215,4150.8237,2233.1975,6175.5132,0.9865,2021-12-13
9662.0957,7022.498,5517.4424,1505.0558,8317.6846,6961.4985,5404.5425,1556.9563,8037.8135,0.9861,2021-12-14
9659.6104,7075.5347,5691.5225,1384.0121,8536.8369,6573.3052,4928.4536,1644.8516,7252.1885,0.9865,2021-12-15
9657.7354,7233.811,5969.0312,1264.7802,9096.7617,7187.7012,5838.9268,1348.7744,8863.7275,0.9861,2021-12-16
9656.3281,7239.3423,5936.2061,1303.1362,8926.584,7196.7471,5849.7026,1347.0446,8664.1914,0.9865,2021-12-17
9655.5381,7099.9683,5734.0586,1365.9098,8634.7607,6812.2607,4984.7515,1827.5092,7486.0537,0.9861,2021-12-18
9655.2266,6890.832,5214.228,1676.6039,7736.6323,3491.6675,1000.8564,2490.811,1704.8903,0.9396,2021-12-19
9655.5371,7050.9487,5702.5161,1348.4324,8587.2607,6920.438,5447.8179,1472.6201,8026.1636,0.9865,2021-12-20
9656.3301,7135.9907,5894.7935,1241.197,8979.6963,6144.6328,3058.3245,3086.3081,4573.2573,0.9868,2021-12-21
9657.7471,7098.9409,5830.2026,1268.738,8739.6904,6412.5664,4626.2485,1786.318,6826.5161,0.9861,2021-12-22
9659.6484,7151.3428,5936.4624,1214.8805,9025.0225,5961.48,4169.9346,1791.5452,5459.7017,0.9865,2021-12-23
9662.1719,7091.4346,5813.4346,1278.0,8827.3242,5122.939,1463.0503,3659.8889,2161.7004,0.9861,2021-12-24
9665.1768,7052.1602,5747.6299,1304.5306,8630.3271,4953.8647,2352.0854,2601.7793,3155.5361,0.9865,2021-12-25
9668.8008,7143.1128,5909.9414,1233.1711,8994.3457,4949.9268,2219.8289,2730.0979,3687.4321,0.9861,2021-12-26
9672.8975,7219.7251,6119.3618,1100.3635,9281.3604,7154.5005,6002.3853,1152.1151,8865.5938,0.9865,2021-12-27
9677.6084,7306.5361,6230.4907,1076.0455,9509.792,5508.3677,1715.1237,3793.2444,2844.5793,0.9861,2021-12-28
9682.7803,7183.1548,5957.146,1226.0087,9145.4268,6745.3301,5049.2422,1696.088,7862.9927,0.9865,2021-12-29
9688.5557,7113.311,5904.0015,1209.3092,8900.3584,6245.7559,4622.2021,1623.5537,5848.209,0.9861,2021-12-30
9694.7764,6950.5762,5393.5186,1557.0574,8094.4668,2831.906,778.8344,2053.0715,1126.9397,0.9865,2021-12-31
