datetime,ghi,location,latitude,longitude
2024-01-27,221.47,somalia_location1,3.107191,43.637153
2024-01-28,5550.759,somalia_location1,3.107191,43.637153
2024-01-31,1624.788,somalia_location1,3.107191,43.637153
2024-02-01,5609.558,somalia_location1,3.107191,43.637153
2024-02-02,6353.845,somalia_location1,3.107191,43.637153
2024-02-03,5800.749,somalia_location1,3.107191,43.637153
2024-02-04,6444.199,somalia_location1,3.107191,43.637153
2024-02-05,6380.438,somalia_location1,3.107191,43.637153
2024-02-06,3843.273,somalia_location1,3.107191,43.637153
2024-02-07,6220.888,somalia_location1,3.107191,43.637153
2024-02-08,6877.617,somalia_location1,3.107191,43.637153
2024-02-09,7047.562,somalia_location1,3.107191,43.637153
2024-02-10,7029.894,somalia_location1,3.107191,43.637153
2024-02-11,7074.545,somalia_location1,3.107191,43.637153
2024-02-12,6964.142,somalia_location1,3.107191,43.637153
2024-02-13,7084.4,somalia_location1,3.107191,43.637153
2024-02-14,6948.322,somalia_location1,3.107191,43.637153
2024-02-15,7189.395,somalia_location1,3.107191,43.637153
2024-02-16,7058.828,somalia_location1,3.107191,43.637153
2024-02-17,7233.169,somalia_location1,3.107191,43.637153
2024-02-18,6453.391,somalia_location1,3.107191,43.637153
2024-02-19,6410.547,somalia_location1,3.107191,43.637153
2024-02-20,6984.274,somalia_location1,3.107191,43.637153
2024-02-21,7395.704,somalia_location1,3.107191,43.637153
2024-02-22,7171.858,somalia_location1,3.107191,43.637153
2024-02-23,6452.308,somalia_location1,3.107191,43.637153
2024-02-24,6973.18,somalia_location1,3.107191,43.637153
2024-02-25,6781.879,somalia_location1,3.107191,43.637153
2024-02-26,6068.724,somalia_location1,3.107191,43.637153
2024-02-27,7084.529,somalia_location1,3.107191,43.637153
2024-02-28,7141.998,somalia_location1,3.107191,43.637153
2024-02-29,7089.599,somalia_location1,3.107191,43.637153
2024-03-01,7151.784,somalia_location1,3.107191,43.637153
2024-03-02,7328.549,somalia_location1,3.107191,43.637153
2024-03-03,7227.127,somalia_location1,3.107191,43.637153
2024-03-04,7011.898,somalia_location1,3.107191,43.637153
2024-03-05,6297.302,somalia_location1,3.107191,43.637153
2024-03-06,6311.563,somalia_location1,3.107191,43.637153
2024-03-07,6464.619,somalia_location1,3.107191,43.637153
2024-03-08,7292.203,somalia_location1,3.107191,43.637153
2024-03-09,7455.403,somalia_location1,3.107191,43.637153
2024-03-10,7384.162,somalia_location1,3.107191,43.637153
2024-03-11,7416.469,somalia_location1,3.107191,43.637153
2024-03-12,7519.111,somalia_location1,3.107191,43.637153
2024-03-13,6758.804,somalia_location1,3.107191,43.637153
2024-03-14,7309.64,somalia_location1,3.107191,43.637153
2024-03-15,7458.043,somalia_location1,3.107191,43.637153
2024-03-16,7376.528,somalia_location1,3.107191,43.637153
2024-03-17,7147.113,somalia_location1,3.107191,43.637153
2024-03-18,6351.159,somalia_location1,3.107191,43.637153
2024-03-19,6376.534,somalia_location1,3.107191,43.637153
2024-03-20,7259.214,somalia_location1,3.107191,43.637153
2024-03-21,7357.167,somalia_location1,3.107191,43.637153
2024-03-22,7203.281,somalia_location1,3.107191,43.637153
2024-03-23,7007.622,somalia_location1,3.107191,43.637153
2024-03-24,6472.081,somalia_location1,3.107191,43.637153
2024-03-25,6100.742,somalia_location1,3.107191,43.637153
2024-03-26,6528.213,somalia_location1,3.107191,43.637153
2024-03-27,6838.033,somalia_location1,3.107191,43.637153
2024-03-28,5713.495,somalia_location1,3.107191,43.637153
2024-03-29,7007.932,somalia_location1,3.107191,43.637153
2024-03-30,6808.566,somalia_location1,3.107191,43.637153
2024-03-31,6020.129,somalia_location1,3.107191,43.637153
2024-04-01,5651.511,somalia_location1,3.107191,43.637153
2024-04-02,5898.006,somalia_location1,3.107191,43.637153
2024-04-03,4275.188,somalia_location1,3.107191,43.637153
2024-04-04,6342.302,somalia_location1,3.107191,43.637153
2024-04-05,5956.165,somalia_location1,3.107191,43.637153
2024-04-06,6323.909,somalia_location1,3.107191,43.637153
2024-04-07,6081.589,somalia_location1,3.107191,43.637153
2024-04-08,5359.873,somalia_location1,3.107191,43.637153
2024-04-09,5784.797,somalia_location1,3.107191,43.637153
2024-04-10,6897.601,somalia_location1,3.107191,43.637153
2024-04-11,5638.088,somalia_location1,3.107191,43.637153
2024-04-12,5165.464,somalia_location1,3.107191,43.637153
2024-04-13,5825.614,somalia_location1,3.107191,43.637153
2024-04-14,6636.34,somalia_location1,3.107191,43.637153
2024-04-15,4668.532,somalia_location1,3.107191,43.637153
2024-04-16,4570.071,somalia_location1,3.107191,43.637153
2024-04-17,6364.448,somalia_location1,3.107191,43.637153
2024-04-18,3768.025,somalia_location1,3.107191,43.637153
2024-04-19,5919.055,somalia_location1,3.107191,43.637153
2024-04-20,5188.47,somalia_location1,3.107191,43.637153
2024-04-21,1956.331,somalia_location1,3.107191,43.637153
2024-04-22,5719.505,somalia_location1,3.107191,43.637153
2024-04-23,4074.618,somalia_location1,3.107191,43.637153
2024-04-24,4438.976,somalia_location1,3.107191,43.637153
2024-04-25,4382.209,somalia_location1,3.107191,43.637153
2024-04-26,2053.968,somalia_location1,3.107191,43.637153
2024-04-27,5468.77,somalia_location1,3.107191,43.637153
2024-04-28,4662.753,somalia_location1,3.107191,43.637153
2024-04-29,5132.954,somalia_location1,3.107191,43.637153
2024-04-30,6395.545,somalia_location1,3.107191,43.637153
2024-05-01,5072.301,somalia_location1,3.107191,43.637153
2024-05-02,4305.17,somalia_location1,3.107191,43.637153
2024-05-03,6963.045,somalia_location1,3.107191,43.637153
2024-05-04,5401.102,somalia_location1,3.107191,43.637153
2024-05-05,3380.691,somalia_location1,3.107191,43.637153
2024-05-06,5062.738,somalia_location1,3.107191,43.637153
2024-05-07,4158.929,somalia_location1,3.107191,43.637153
2024-05-08,4839.535,somalia_location1,3.107191,43.637153
2024-05-09,5240.914,somalia_location1,3.107191,43.637153
2024-05-10,5820.576,somalia_location1,3.107191,43.637153
2024-05-11,6551.327,somalia_location1,3.107191,43.637153
2024-05-12,7147.167,somalia_location1,3.107191,43.637153
2024-05-13,6305.111,somalia_location1,3.107191,43.637153
2024-05-14,6768.936,somalia_location1,3.107191,43.637153
2024-05-15,6364.049,somalia_location1,3.107191,43.637153
2024-05-16,6843.478,somalia_location1,3.107191,43.637153
2024-05-17,6737.211,somalia_location1,3.107191,43.637153
2024-05-18,5477.665,somalia_location1,3.107191,43.637153
2024-05-19,5667.729,somalia_location1,3.107191,43.637153
2024-05-20,5842.483,somalia_location1,3.107191,43.637153
2024-05-21,4705.63,somalia_location1,3.107191,43.637153
2024-05-22,5808.492,somalia_location1,3.107191,43.637153
2024-05-23,3269.408,somalia_location1,3.107191,43.637153
2024-05-24,4179.681,somalia_location1,3.107191,43.637153
2024-05-25,4350.36,somalia_location1,3.107191,43.637153
2024-05-26,6319.323,somalia_location1,3.107191,43.637153
2024-05-27,1419.465,somalia_location1,3.107191,43.637153
2024-05-28,5545.081,somalia_location1,3.107191,43.637153
2024-05-29,5893.129,somalia_location1,3.107191,43.637153
2024-05-30,3984.932,somalia_location1,3.107191,43.637153
2024-05-31,4991.777,somalia_location1,3.107191,43.637153
2024-06-01,5602.255,somalia_location1,3.107191,43.637153
2024-06-02,5929.777,somalia_location1,3.107191,43.637153
2024-06-03,6352.001,somalia_location1,3.107191,43.637153
2024-06-04,6116.873,somalia_location1,3.107191,43.637153
2024-06-05,6303.212,somalia_location1,3.107191,43.637153
2024-06-06,4249.998,somalia_location1,3.107191,43.637153
2024-06-07,5524.421,somalia_location1,3.107191,43.637153
2024-06-08,4376.75,somalia_location1,3.107191,43.637153
2024-06-09,5255.596,somalia_location1,3.107191,43.637153
2024-06-10,5618.018,somalia_location1,3.107191,43.637153
2024-06-11,4564.939,somalia_location1,3.107191,43.637153
2024-06-12,4207.067,somalia_location1,3.107191,43.637153
2024-06-13,4683.123,somalia_location1,3.107191,43.637153
2024-06-14,6378.477,somalia_location1,3.107191,43.637153
2024-06-15,6870.636,somalia_location1,3.107191,43.637153
2024-06-16,5734.784,somalia_location1,3.107191,43.637153
2024-06-17,5346.062,somalia_location1,3.107191,43.637153
2024-06-18,5103.252,somalia_location1,3.107191,43.637153
2024-06-19,3879.585,somalia_location1,3.107191,43.637153
2024-06-20,4411.35,somalia_location1,3.107191,43.637153
2024-06-21,5107.69,somalia_location1,3.107191,43.637153
2024-06-22,5297.728,somalia_location1,3.107191,43.637153
2024-06-23,3539.287,somalia_location1,3.107191,43.637153
2024-06-24,4970.685,somalia_location1,3.107191,43.637153
2024-06-25,4550.829,somalia_location1,3.107191,43.637153
2024-06-26,5178.788,somalia_location1,3.107191,43.637153
2024-06-27,4385.732,somalia_location1,3.107191,43.637153
2024-06-28,4536.731,somalia_location1,3.107191,43.637153
2024-06-29,6729.135,somalia_location1,3.107191,43.637153
2024-06-30,5634.07,somalia_location1,3.107191,43.637153
2024-07-01,5585.376,somalia_location1,3.107191,43.637153
2024-07-02,4099.892,somalia_location1,3.107191,43.637153
2024-07-03,5312.019,somalia_location1,3.107191,43.637153
2024-07-04,4341.034,somalia_location1,3.107191,43.637153
2024-07-05,5890.629,somalia_location1,3.107191,43.637153
2024-07-06,4840.497,somalia_location1,3.107191,43.637153
2024-07-07,5232.245,somalia_location1,3.107191,43.637153
2024-07-08,5063.859,somalia_location1,3.107191,43.637153
2024-07-09,5344.458,somalia_location1,3.107191,43.637153
2024-07-10,3713.342,somalia_location1,3.107191,43.637153
2024-07-11,3871.337,somalia_location1,3.107191,43.637153
2024-07-12,5570.428,somalia_location1,3.107191,43.637153
2024-07-13,4325.218,somalia_location1,3.107191,43.637153
2024-07-14,4137.884,somalia_location1,3.107191,43.637153
2024-07-15,4033.937,somalia_location1,3.107191,43.637153
2024-07-16,1587.091,somalia_location1,3.107191,43.637153
2024-07-17,2987.716,somalia_location1,3.107191,43.637153
2024-07-18,2399.787,somalia_location1,3.107191,43.637153
2024-07-19,3271.026,somalia_location1,3.107191,43.637153
2024-07-20,4839.895,somalia_location1,3.107191,43.637153
2024-07-21,2942.429,somalia_location1,3.107191,43.637153
2024-07-22,6265.968,somalia_location1,3.107191,43.637153
2024-07-23,4955.526,somalia_location1,3.107191,43.637153
2024-07-24,2927.781,somalia_location1,3.107191,43.637153
2024-07-25,3859.64,somalia_location1,3.107191,43.637153
2024-07-26,2075.967,somalia_location1,3.107191,43.637153
2024-07-27,4643.446,somalia_location1,3.107191,43.637153
2024-07-28,6340.419,somalia_location1,3.107191,43.637153
2024-07-29,4832.921,somalia_location1,3.107191,43.637153
2024-07-30,5042.256,somalia_location1,3.107191,43.637153
2024-07-31,5564.025,somalia_location1,3.107191,43.637153
2024-08-01,2880.105,somalia_location1,3.107191,43.637153
2024-08-02,4355.723,somalia_location1,3.107191,43.637153
2024-08-03,3117.924,somalia_location1,3.107191,43.637153
2024-08-04,4837.309,somalia_location1,3.107191,43.637153
2024-08-05,5620.677,somalia_location1,3.107191,43.637153
2024-08-06,5412.731,somalia_location1,3.107191,43.637153
2024-08-07,267.142,somalia_location1,3.107191,43.637153
2024-08-08,4711.805,somalia_location1,3.107191,43.637153
2024-08-09,1760.847,somalia_location1,3.107191,43.637153
2024-08-10,5617.182,somalia_location1,3.107191,43.637153
2024-08-11,4194.562,somalia_location1,3.107191,43.637153
2024-08-12,5823.009,somalia_location1,3.107191,43.637153
2024-08-13,4746.386,somalia_location1,3.107191,43.637153
2024-08-14,3960.194,somalia_location1,3.107191,43.637153
2024-08-15,5266.918,somalia_location1,3.107191,43.637153
2024-08-16,6536.369,somalia_location1,3.107191,43.637153
2024-08-17,4191.973,somalia_location1,3.107191,43.637153
2024-08-18,4552.407,somalia_location1,3.107191,43.637153
2024-08-19,6019.737,somalia_location1,3.107191,43.637153
2024-08-20,3094.98,somalia_location1,3.107191,43.637153
2024-08-21,2181.232,somalia_location1,3.107191,43.637153
2024-08-22,3338.234,somalia_location1,3.107191,43.637153
2024-08-23,4523.874,somalia_location1,3.107191,43.637153
2024-08-24,4783.331,somalia_location1,3.107191,43.637153
2024-08-25,4326.483,somalia_location1,3.107191,43.637153
2024-08-26,5096.357,somalia_location1,3.107191,43.637153
2024-08-27,3798.755,somalia_location1,3.107191,43.637153
2024-08-28,5327.938,somalia_location1,3.107191,43.637153
2024-08-29,4310.79,somalia_location1,3.107191,43.637153
2024-08-30,6531.657,somalia_location1,3.107191,43.637153
2024-08-31,5279.436,somalia_location1,3.107191,43.637153
2024-09-01,6063.466,somalia_location1,3.107191,43.637153
2024-09-02,6639.607,somalia_location1,3.107191,43.637153
2024-09-03,6029.111,somalia_location1,3.107191,43.637153
2024-09-04,6039.494,somalia_location1,3.107191,43.637153
2024-09-05,7326.286,somalia_location1,3.107191,43.637153
2024-09-06,5900.642,somalia_location1,3.107191,43.637153
2024-09-07,6087.636,somalia_location1,3.107191,43.637153
2024-09-08,5147.484,somalia_location1,3.107191,43.637153
2024-09-09,6799.566,somalia_location1,3.107191,43.637153
2024-09-10,4418.878,somalia_location1,3.107191,43.637153
2024-09-11,5969.539,somalia_location1,3.107191,43.637153
2024-09-12,5794.652,somalia_location1,3.107191,43.637153
2024-09-13,7255.177,somalia_location1,3.107191,43.637153
2024-09-14,5417.096,somalia_location1,3.107191,43.637153
2024-09-15,6476.656,somalia_location1,3.107191,43.637153
2024-09-16,6060.741,somalia_location1,3.107191,43.637153
2024-09-17,5789.402,somalia_location1,3.107191,43.637153
2024-09-18,5686.242,somalia_location1,3.107191,43.637153
2024-09-19,6533.387,somalia_location1,3.107191,43.637153
2024-09-20,5042.028,somalia_location1,3.107191,43.637153
2024-09-21,4198.22,somalia_location1,3.107191,43.637153
2024-09-22,2689.666,somalia_location1,3.107191,43.637153
2024-09-23,4064.089,somalia_location1,3.107191,43.637153
2024-09-24,6875.993,somalia_location1,3.107191,43.637153
2024-09-25,7076.068,somalia_location1,3.107191,43.637153
2024-09-26,6210.95,somalia_location1,3.107191,43.637153
2024-09-27,6709.457,somalia_location1,3.107191,43.637153
2024-09-28,6592.84,somalia_location1,3.107191,43.637153
2024-09-29,4466.38,somalia_location1,3.107191,43.637153
2024-09-30,6269.526,somalia_location1,3.107191,43.637153
2024-10-01,5052.026,somalia_location1,3.107191,43.637153
2024-10-02,6026.816,somalia_location1,3.107191,43.637153
2024-10-03,3942.317,somalia_location1,3.107191,43.637153
2024-10-04,6185.887,somalia_location1,3.107191,43.637153
2024-10-05,4991.98,somalia_location1,3.107191,43.637153
2024-10-06,5400.484,somalia_location1,3.107191,43.637153
2024-10-07,4295.609,somalia_location1,3.107191,43.637153
2024-10-08,5798.916,somalia_location1,3.107191,43.637153
2024-10-09,6559.218,somalia_location1,3.107191,43.637153
2024-10-10,7121.395,somalia_location1,3.107191,43.637153
2024-10-11,6221.696,somalia_location1,3.107191,43.637153
2024-10-12,5738.173,somalia_location1,3.107191,43.637153
2024-10-13,4671.059,somalia_location1,3.107191,43.637153
2024-10-14,6028.674,somalia_location1,3.107191,43.637153
2024-10-15,5068.123,somalia_location1,3.107191,43.637153
2024-10-16,6981.513,somalia_location1,3.107191,43.637153
2024-10-17,6508.816,somalia_location1,3.107191,43.637153
2024-10-18,6780.148,somalia_location1,3.107191,43.637153
2024-10-19,6271.055,somalia_location1,3.107191,43.637153
2024-10-20,6180.36,somalia_location1,3.107191,43.637153
2024-10-21,3127.33,somalia_location1,3.107191,43.637153
2024-10-22,3686.521,somalia_location1,3.107191,43.637153
2024-10-23,5983.82,somalia_location1,3.107191,43.637153
2024-10-24,3886.418,somalia_location1,3.107191,43.637153
2024-10-25,5106.999,somalia_location1,3.107191,43.637153
2024-10-26,6231.149,somalia_location1,3.107191,43.637153
2024-10-27,3928.834,somalia_location1,3.107191,43.637153
2024-10-28,6693.019,somalia_location1,3.107191,43.637153
2024-10-29,6346.742,somalia_location1,3.107191,43.637153
2024-10-30,6854.44,somalia_location1,3.107191,43.637153
2024-10-31,5855.954,somalia_location1,3.107191,43.637153
2024-11-01,5970.686,somalia_location1,3.107191,43.637153
2024-11-02,5564.742,somalia_location1,3.107191,43.637153
2024-11-03,6281.804,somalia_location1,3.107191,43.637153
2024-11-04,5116.197,somalia_location1,3.107191,43.637153
2024-11-05,4963.644,somalia_location1,3.107191,43.637153
2024-11-06,5732.253,somalia_location1,3.107191,43.637153
2024-11-07,4576.702,somalia_location1,3.107191,43.637153
2024-11-08,4659.004,somalia_location1,3.107191,43.637153
2024-11-09,5428.421,somalia_location1,3.107191,43.637153
2024-11-10,3743.44,somalia_location1,3.107191,43.637153
2024-11-11,5178.78,somalia_location1,3.107191,43.637153
2024-11-12,5272.463,somalia_location1,3.107191,43.637153
2024-11-13,4678.595,somalia_location1,3.107191,43.637153
2024-11-14,4548.293,somalia_location1,3.107191,43.637153
2024-11-15,5866.333,somalia_location1,3.107191,43.637153
2024-11-16,6202.339,somalia_location1,3.107191,43.637153
2024-11-17,5314.373,somalia_location1,3.107191,43.637153
2024-11-18,4235.683,somalia_location1,3.107191,43.637153
2024-11-19,4752.164,somalia_location1,3.107191,43.637153
2024-11-20,5567.163,somalia_location1,3.107191,43.637153
2024-11-21,4761.321,somalia_location1,3.107191,43.637153
2024-11-22,6097.276,somalia_location1,3.107191,43.637153
2024-11-23,4615.59,somalia_location1,3.107191,43.637153
2024-11-24,4614.49,somalia_location1,3.107191,43.637153
2024-11-25,5471.549,somalia_location1,3.107191,43.637153
