MEASURE_DATE,MEASURE_VALUE,SITE_COUNTRY,SITE_LATITUDE,SITE_LONGITUDE
2024-02-20,6984.274,Somalia,3.107191,43.637153
2024-03-05,6297.302,Somalia,3.107191,43.637153
2024-07-01,5585.376,Somalia,3.107191,43.637153
2024-02-26,6068.724,Somalia,3.107191,43.637153
2024-02-08,6877.617,Somalia,3.107191,43.637153
2024-02-16,7058.828,Somalia,3.107191,43.637153
2024-06-04,6116.873,Somalia,3.107191,43.637153
2024-01-31,1624.788,Somalia,3.107191,43.637153
2024-02-18,6453.391,Somalia,3.107191,43.637153
2024-06-02,5929.777,Somalia,3.107191,43.637153
2024-06-13,4683.123,Somalia,3.107191,43.637153
2024-06-30,5634.07,Somalia,3.107191,43.637153
2024-06-15,6870.636,Somalia,3.107191,43.637153
2024-06-22,5297.728,Somalia,3.107191,43.637153
2024-03-08,7292.203,Somalia,3.107191,43.637153
2024-02-06,3843.273,Somalia,3.107191,43.637153
2024-07-06,4840.497,Somalia,3.107191,43.637153
2024-01-27,221.47,Somalia,3.107191,43.637153
2024-02-03,5800.749,Somalia,3.107191,43.637153
2024-02-07,6220.888,Somalia,3.107191,43.637153
2024-06-17,5346.062,Somalia,3.107191,43.637153
2024-05-29,5893.129,Somalia,3.107191,43.637153
2024-06-25,4550.829,Somalia,3.107191,43.637153
2024-07-02,4099.892,Somalia,3.107191,43.637153
2024-02-27,7084.529,Somalia,3.107191,43.637153
2024-06-07,5524.421,Somalia,3.107191,43.637153
2024-02-01,5609.558,Somalia,3.107191,43.637153
2024-05-30,3984.932,Somalia,3.107191,43.637153
2024-05-23,3269.408,Somalia,3.107191,43.637153
2024-06-05,6303.212,Somalia,3.107191,43.637153
2024-03-04,7011.898,Somalia,3.107191,43.637153
2024-06-01,5602.255,Somalia,3.107191,43.637153
2024-05-18,5477.665,Somalia,3.107191,43.637153
2024-06-24,4970.685,Somalia,3.107191,43.637153
2024-03-02,7328.549,Somalia,3.107191,43.637153
2024-05-26,6319.323,Somalia,3.107191,43.637153
2024-06-27,4385.732,Somalia,3.107191,43.637153
2024-06-06,4249.998,Somalia,3.107191,43.637153
2024-05-31,4991.777,Somalia,3.107191,43.637153
2024-06-18,5103.252,Somalia,3.107191,43.637153
2024-02-14,6948.322,Somalia,3.107191,43.637153
2024-06-19,3879.585,Somalia,3.107191,43.637153
2024-03-01,7151.784,Somalia,3.107191,43.637153
2024-06-20,4411.35,Somalia,3.107191,43.637153
2024-05-25,4350.36,Somalia,3.107191,43.637153
2024-06-12,4207.067,Somalia,3.107191,43.637153
2024-02-22,7171.858,Somalia,3.107191,43.637153
2024-02-29,7089.599,Somalia,3.107191,43.637153
2024-05-16,6843.478,Somalia,3.107191,43.637153
2024-09-28,6592.84,Somalia,3.107191,43.637153
2024-10-04,6185.887,Somalia,3.107191,43.637153
2024-10-08,5798.916,Somalia,3.107191,43.637153
2024-11-02,5564.742,Somalia,3.107191,43.637153
2024-11-22,6097.276,Somalia,3.107191,43.637153
2024-11-19,4752.164,Somalia,3.107191,43.637153
2024-11-12,5272.463,Somalia,3.107191,43.637153
2024-11-15,5866.333,Somalia,3.107191,43.637153
2024-11-14,4548.293,Somalia,3.107191,43.637153
2024-11-11,5178.78,Somalia,3.107191,43.637153
2024-11-17,5314.373,Somalia,3.107191,43.637153
2024-11-16,6202.339,Somalia,3.107191,43.637153
2024-11-18,4235.683,Somalia,3.107191,43.637153
2024-08-16,6536.369,Somalia,3.107191,43.637153
2024-05-02,4305.17,Somalia,3.107191,43.637153
2024-08-02,4355.723,Somalia,3.107191,43.637153
2024-04-04,6342.302,Somalia,3.107191,43.637153
2024-03-20,7259.214,Somalia,3.107191,43.637153
2024-04-01,5651.511,Somalia,3.107191,43.637153
2024-08-28,5327.938,Somalia,3.107191,43.637153
2024-08-03,3117.924,Somalia,3.107191,43.637153
2024-04-27,5468.77,Somalia,3.107191,43.637153
2024-03-29,7007.932,Somalia,3.107191,43.637153
2024-08-04,4837.309,Somalia,3.107191,43.637153
2024-08-08,4711.805,Somalia,3.107191,43.637153
2024-07-18,2399.787,Somalia,3.107191,43.637153
2024-04-22,5719.505,Somalia,3.107191,43.637153
2024-04-07,6081.589,Somalia,3.107191,43.637153
2024-08-19,6019.737,Somalia,3.107191,43.637153
2024-04-23,4074.618,Somalia,3.107191,43.637153
2024-04-30,6395.545,Somalia,3.107191,43.637153
2024-04-28,4662.753,Somalia,3.107191,43.637153
2024-03-18,6351.159,Somalia,3.107191,43.637153
2024-03-23,7007.622,Somalia,3.107191,43.637153
2024-04-10,6897.601,Somalia,3.107191,43.637153
2024-04-24,4438.976,Somalia,3.107191,43.637153
2024-05-01,5072.301,Somalia,3.107191,43.637153
2024-05-07,4158.929,Somalia,3.107191,43.637153
2024-03-28,5713.495,Somalia,3.107191,43.637153
2024-04-06,6323.909,Somalia,3.107191,43.637153
2024-03-09,7455.403,Somalia,3.107191,43.637153
2024-08-27,3798.755,Somalia,3.107191,43.637153
2024-03-24,6472.081,Somalia,3.107191,43.637153
2024-04-18,3768.025,Somalia,3.107191,43.637153
2024-03-17,7147.113,Somalia,3.107191,43.637153
2024-09-05,7326.286,Somalia,3.107191,43.637153
2024-03-25,6100.742,Somalia,3.107191,43.637153
2024-04-13,5825.614,Somalia,3.107191,43.637153
2024-03-15,7458.043,Somalia,3.107191,43.637153
2024-04-19,5919.055,Somalia,3.107191,43.637153
2024-04-09,5784.797,Somalia,3.107191,43.637153
2024-07-12,5570.428,Somalia,3.107191,43.637153
2024-07-09,5344.458,Somalia,3.107191,43.637153
2024-08-24,4783.331,Somalia,3.107191,43.637153
2024-08-09,1760.847,Somalia,3.107191,43.637153
2024-09-02,6639.607,Somalia,3.107191,43.637153
2024-07-26,2075.967,Somalia,3.107191,43.637153
2024-08-05,5620.677,Somalia,3.107191,43.637153
2024-03-12,7519.111,Somalia,3.107191,43.637153
2024-04-17,6364.448,Somalia,3.107191,43.637153
2024-03-27,6838.033,Somalia,3.107191,43.637153
2024-05-06,5062.738,Somalia,3.107191,43.637153
2024-04-05,5956.165,Somalia,3.107191,43.637153
2024-03-16,7376.528,Somalia,3.107191,43.637153
2024-07-30,5042.256,Somalia,3.107191,43.637153
2024-07-24,2927.781,Somalia,3.107191,43.637153
2024-08-14,3960.194,Somalia,3.107191,43.637153
2024-08-25,4326.483,Somalia,3.107191,43.637153
2024-08-26,5096.357,Somalia,3.107191,43.637153
2024-07-11,3871.337,Somalia,3.107191,43.637153
2024-04-26,2053.968,Somalia,3.107191,43.637153
2024-07-29,4832.921,Somalia,3.107191,43.637153
2024-08-06,5412.731,Somalia,3.107191,43.637153
2024-05-05,3380.691,Somalia,3.107191,43.637153
2024-08-20,3094.98,Somalia,3.107191,43.637153
2024-09-01,6063.466,Somalia,3.107191,43.637153
2024-07-13,4325.218,Somalia,3.107191,43.637153
2024-08-15,5266.918,Somalia,3.107191,43.637153
2024-07-14,4137.884,Somalia,3.107191,43.637153
2024-07-22,6265.968,Somalia,3.107191,43.637153
2024-07-27,4643.446,Somalia,3.107191,43.637153
2024-08-17,4191.973,Somalia,3.107191,43.637153
2024-08-10,5617.182,Somalia,3.107191,43.637153
2024-04-20,5188.47,Somalia,3.107191,43.637153
2024-08-11,4194.562,Somalia,3.107191,43.637153
2024-08-13,4746.386,Somalia,3.107191,43.637153
2024-09-03,6029.111,Somalia,3.107191,43.637153
2024-04-03,4275.188,Somalia,3.107191,43.637153
2024-04-11,5638.088,Somalia,3.107191,43.637153
2024-04-21,1956.331,Somalia,3.107191,43.637153
2024-03-21,7357.167,Somalia,3.107191,43.637153
2024-04-29,5132.954,Somalia,3.107191,43.637153
2024-07-16,1587.091,Somalia,3.107191,43.637153
2024-08-07,267.142,Somalia,3.107191,43.637153
2024-07-25,3859.64,Somalia,3.107191,43.637153
2024-08-18,4552.407,Somalia,3.107191,43.637153
2024-08-22,3338.234,Somalia,3.107191,43.637153
2024-07-15,4033.937,Somalia,3.107191,43.637153
2024-08-30,6531.657,Somalia,3.107191,43.637153
2024-07-23,4955.526,Somalia,3.107191,43.637153
2024-04-08,5359.873,Somalia,3.107191,43.637153
2024-04-16,4570.071,Somalia,3.107191,43.637153
2024-07-07,5232.245,Somalia,3.107191,43.637153
2024-07-31,5564.025,Somalia,3.107191,43.637153
2024-11-20,5567.163,Somalia,3.107191,43.637153
2024-09-04,6039.494,Somalia,3.107191,43.637153
2024-04-15,4668.532,Somalia,3.107191,43.637153
2024-03-22,7203.281,Somalia,3.107191,43.637153
2024-04-25,4382.209,Somalia,3.107191,43.637153
2024-07-17,2987.716,Somalia,3.107191,43.637153
2024-04-14,6636.34,Somalia,3.107191,43.637153
2024-08-12,5823.009,Somalia,3.107191,43.637153
2024-08-21,2181.232,Somalia,3.107191,43.637153
2024-03-31,6020.129,Somalia,3.107191,43.637153
2024-05-03,6963.045,Somalia,3.107191,43.637153
2024-03-26,6528.213,Somalia,3.107191,43.637153
2024-08-23,4523.874,Somalia,3.107191,43.637153
2024-07-20,4839.895,Somalia,3.107191,43.637153
2024-07-28,6340.419,Somalia,3.107191,43.637153
2024-07-08,5063.859,Somalia,3.107191,43.637153
2024-07-10,3713.342,Somalia,3.107191,43.637153
2024-04-12,5165.464,Somalia,3.107191,43.637153
2024-03-11,7416.469,Somalia,3.107191,43.637153
2024-07-19,3271.026,Somalia,3.107191,43.637153
2024-08-01,2880.105,Somalia,3.107191,43.637153
2024-08-31,5279.436,Somalia,3.107191,43.637153
2024-07-21,2942.429,Somalia,3.107191,43.637153
2024-08-29,4310.79,Somalia,3.107191,43.637153
2024-05-04,5401.102,Somalia,3.107191,43.637153
2024-03-10,7384.162,Somalia,3.107191,43.637153
2024-03-13,6758.804,Somalia,3.107191,43.637153
2024-03-14,7309.64,Somalia,3.107191,43.637153
2024-03-30,6808.566,Somalia,3.107191,43.637153
2024-03-19,6376.534,Somalia,3.107191,43.637153
2024-04-02,5898.006,Somalia,3.107191,43.637153
2024-09-21,4198.22,Somalia,3.107191,43.637153
2024-09-16,6060.741,Somalia,3.107191,43.637153
2024-09-17,5789.402,Somalia,3.107191,43.637153
2024-10-09,6559.218,Somalia,3.107191,43.637153
2024-10-13,4671.059,Somalia,3.107191,43.637153
2024-10-24,3886.418,Somalia,3.107191,43.637153
2024-11-07,4576.702,Somalia,3.107191,43.637153
2024-11-10,3743.44,Somalia,3.107191,43.637153
2024-09-20,5042.028,Somalia,3.107191,43.637153
2024-09-29,4466.38,Somalia,3.107191,43.637153
2024-10-05,4991.98,Somalia,3.107191,43.637153
2024-10-28,6693.019,Somalia,3.107191,43.637153
2024-10-23,5983.82,Somalia,3.107191,43.637153
2024-10-27,3928.834,Somalia,3.107191,43.637153
2024-11-05,4963.644,Somalia,3.107191,43.637153
2024-11-25,5471.549,Somalia,3.107191,43.637153
2024-11-24,4614.49,Somalia,3.107191,43.637153
2024-11-23,4615.59,Somalia,3.107191,43.637153
2024-09-19,6533.387,Somalia,3.107191,43.637153
2024-09-24,6875.993,Somalia,3.107191,43.637153
2024-10-07,4295.609,Somalia,3.107191,43.637153
2024-10-12,5738.173,Somalia,3.107191,43.637153
2024-10-16,6981.513,Somalia,3.107191,43.637153
2024-10-20,6180.36,Somalia,3.107191,43.637153
2024-10-26,6231.149,Somalia,3.107191,43.637153
2024-10-30,6854.44,Somalia,3.107191,43.637153
2024-11-08,4659.004,Somalia,3.107191,43.637153
2024-11-13,4678.595,Somalia,3.107191,43.637153
2024-09-18,5686.242,Somalia,3.107191,43.637153
2024-09-27,6709.457,Somalia,3.107191,43.637153
2024-10-01,5052.026,Somalia,3.107191,43.637153
2024-10-02,6026.816,Somalia,3.107191,43.637153
2024-10-06,5400.484,Somalia,3.107191,43.637153
2024-10-17,6508.816,Somalia,3.107191,43.637153
2024-10-22,3686.521,Somalia,3.107191,43.637153
2024-10-29,6346.742,Somalia,3.107191,43.637153
2024-11-03,6281.804,Somalia,3.107191,43.637153
2024-11-04,5116.197,Somalia,3.107191,43.637153
2024-11-21,4761.321,Somalia,3.107191,43.637153
2024-09-10,4418.878,Somalia,3.107191,43.637153
2024-09-08,5147.484,Somalia,3.107191,43.637153
2024-09-11,5969.539,Somalia,3.107191,43.637153
2024-09-12,5794.652,Somalia,3.107191,43.637153
2024-09-06,5900.642,Somalia,3.107191,43.637153
2024-09-09,6799.566,Somalia,3.107191,43.637153
2024-09-07,6087.636,Somalia,3.107191,43.637153
2024-09-22,2689.666,Somalia,3.107191,43.637153
2024-05-11,6551.327,Somalia,3.107191,43.637153
2024-03-06,6311.563,Somalia,3.107191,43.637153
2024-07-05,5890.629,Somalia,3.107191,43.637153
2024-03-03,7227.127,Somalia,3.107191,43.637153
2024-05-19,5667.729,Somalia,3.107191,43.637153
2024-06-23,3539.287,Somalia,3.107191,43.637153
2024-02-09,7047.562,Somalia,3.107191,43.637153
2024-06-08,4376.75,Somalia,3.107191,43.637153
2024-06-11,4564.939,Somalia,3.107191,43.637153
2024-05-12,7147.167,Somalia,3.107191,43.637153
2024-06-14,6378.477,Somalia,3.107191,43.637153
2024-02-17,7233.169,Somalia,3.107191,43.637153
2024-07-03,5312.019,Somalia,3.107191,43.637153
2024-02-13,7084.4,Somalia,3.107191,43.637153
2024-05-09,5240.914,Somalia,3.107191,43.637153
2024-02-24,6973.18,Somalia,3.107191,43.637153
2024-05-24,4179.681,Somalia,3.107191,43.637153
2024-01-28,5550.759,Somalia,3.107191,43.637153
2024-02-15,7189.395,Somalia,3.107191,43.637153
2024-02-28,7141.998,Somalia,3.107191,43.637153
2024-06-10,5618.018,Somalia,3.107191,43.637153
2024-02-23,6452.308,Somalia,3.107191,43.637153
2024-05-14,6768.936,Somalia,3.107191,43.637153
2024-06-26,5178.788,Somalia,3.107191,43.637153
2024-05-21,4705.63,Somalia,3.107191,43.637153
2024-02-12,6964.142,Somalia,3.107191,43.637153
2024-05-08,4839.535,Somalia,3.107191,43.637153
2024-05-27,1419.465,Somalia,3.107191,43.637153
2024-02-21,7395.704,Somalia,3.107191,43.637153
2024-05-10,5820.576,Somalia,3.107191,43.637153
2024-05-13,6305.111,Somalia,3.107191,43.637153
2024-07-04,4341.034,Somalia,3.107191,43.637153
2024-02-10,7029.894,Somalia,3.107191,43.637153
2024-02-11,7074.545,Somalia,3.107191,43.637153
2024-05-22,5808.492,Somalia,3.107191,43.637153
2024-06-21,5107.69,Somalia,3.107191,43.637153
2024-02-05,6380.438,Somalia,3.107191,43.637153
2024-02-25,6781.879,Somalia,3.107191,43.637153
2024-05-17,6737.211,Somalia,3.107191,43.637153
2024-03-07,6464.619,Somalia,3.107191,43.637153
2024-02-04,6444.199,Somalia,3.107191,43.637153
2024-06-09,5255.596,Somalia,3.107191,43.637153
2024-06-03,6352.001,Somalia,3.107191,43.637153
2024-02-19,6410.547,Somalia,3.107191,43.637153
2024-05-28,5545.081,Somalia,3.107191,43.637153
2024-02-02,6353.845,Somalia,3.107191,43.637153
2024-05-15,6364.049,Somalia,3.107191,43.637153
2024-06-16,5734.784,Somalia,3.107191,43.637153
2024-06-29,6729.135,Somalia,3.107191,43.637153
2024-06-28,4536.731,Somalia,3.107191,43.637153
2024-05-20,5842.483,Somalia,3.107191,43.637153
2024-09-14,5417.096,Somalia,3.107191,43.637153
2024-09-15,6476.656,Somalia,3.107191,43.637153
2024-09-13,7255.177,Somalia,3.107191,43.637153
2024-10-03,3942.317,Somalia,3.107191,43.637153
2024-10-10,7121.395,Somalia,3.107191,43.637153
2024-10-14,6028.674,Somalia,3.107191,43.637153
2024-10-19,6271.055,Somalia,3.107191,43.637153
2024-10-31,5855.954,Somalia,3.107191,43.637153
2024-10-25,5106.999,Somalia,3.107191,43.637153
2024-09-23,4064.089,Somalia,3.107191,43.637153
2024-09-25,7076.068,Somalia,3.107191,43.637153
2024-09-26,6210.95,Somalia,3.107191,43.637153
2024-09-30,6269.526,Somalia,3.107191,43.637153
2024-10-11,6221.696,Somalia,3.107191,43.637153
2024-10-15,5068.123,Somalia,3.107191,43.637153
2024-10-18,6780.148,Somalia,3.107191,43.637153
2024-10-21,3127.33,Somalia,3.107191,43.637153
2024-11-01,5970.686,Somalia,3.107191,43.637153
2024-11-09,5428.421,Somalia,3.107191,43.637153
2024-11-06,5732.253,Somalia,3.107191,43.637153
