latitude,longitude,timestamp,Observation period,ghi_extra,ghi_clear,bhi_clear,dhi_clear,dni_clear,ghi,bhi,dhi,dni,Reliability
-1.3821398259999795,29.671499001000008,2024-01-01T00:00:00Z,2024-01-01T00:00:00.0/2024-01-02T00:00:00.0,419.07665833333334,339.88332083333336,297.57596666666666,42.30736666666667,453.210775,138.6073,28.706149999999997,109.90115416666667,52.365312499999995,0.9826
-1.3821398259999795,29.671499001000008,2024-01-02T00:00:00Z,2024-01-02T00:00:00.0/2024-01-03T00:00:00.0,419.31982500000004,338.7006416666667,293.81432916666665,44.88630833333334,446.25093749999996,130.08032083333333,18.311641666666667,111.7686875,36.56735,0.9826
-1.3821398259999795,29.671499001000008,2024-01-03T00:00:00Z,2024-01-03T00:00:00.0/2024-01-04T00:00:00.0,419.5756416666666,341.3378083333334,302.0570666666667,39.2807625,460.9327,81.8147125,6.166633333333333,75.64807499999999,24.679391666666664,0.983
-1.3821398259999795,29.671499001000008,2024-01-04T00:00:00Z,2024-01-04T00:00:00.0/2024-01-05T00:00:00.0,419.852375,342.8835458333333,301.7209666666667,41.162591666666664,458.3373208333333,198.17215833333333,68.53716666666666,129.635,142.19169166666669,0.9826
-1.3821398259999795,29.671499001000008,2024-01-05T00:00:00Z,2024-01-05T00:00:00.0/2024-01-06T00:00:00.0,420.13899583333335,344.6541333333333,306.11505,38.5391,464.72562500000004,179.45786666666666,64.00955,115.448325,127.54967083333334,0.983
-1.3821398259999795,29.671499001000008,2024-01-06T00:00:00Z,2024-01-06T00:00:00.0/2024-01-07T00:00:00.0,420.445475,340.0000625,293.7915458333333,46.20851666666667,442.9455958333333,180.75354166666668,66.42497916666666,114.32856249999999,108.55508333333334,0.9826
-1.3821398259999795,29.671499001000008,2024-01-07T00:00:00Z,2024-01-07T00:00:00.0/2024-01-08T00:00:00.0,420.763225,341.9612625,296.3848875,45.576366666666665,446.4717625,199.14245416666665,71.7206375,127.421825,138.70204583333333,0.9826
-1.3821398259999795,29.671499001000008,2024-01-08T00:00:00Z,2024-01-08T00:00:00.0/2024-01-09T00:00:00.0,421.09521666666666,341.122375,294.6151125,46.507275,442.6791166666667,139.96136666666666,39.35372916666667,100.607625,75.445875,0.9826
-1.3821398259999795,29.671499001000008,2024-01-09T00:00:00Z,2024-01-09T00:00:00.0/2024-01-10T00:00:00.0,421.44030833333335,337.413675,285.59004583333336,51.82361666666667,429.2086166666666,123.27621666666666,13.664379166666668,109.6118375,47.5954125,0.9826
-1.3821398259999795,29.671499001000008,2024-01-10T00:00:00Z,2024-01-10T00:00:00.0/2024-01-11T00:00:00.0,421.7956541666667,337.2785833333333,285.56412916666665,51.71445833333333,428.45503749999995,128.28447500000001,19.545933333333334,108.73854583333333,37.50051666666666,0.983
-1.3821398259999795,29.671499001000008,2024-01-11T00:00:00Z,2024-01-11T00:00:00.0/2024-01-12T00:00:00.0,422.16752083333336,340.99263333333334,293.58182916666664,47.41080416666667,441.53759583333334,118.4311125,30.989820833333336,87.44128333333333,47.8252125,0.9826
-1.3821398259999795,29.671499001000008,2024-01-12T00:00:00Z,2024-01-12T00:00:00.0/2024-01-13T00:00:00.0,422.546225,341.92699999999996,298.47473333333335,43.452287500000004,449.94140833333336,105.31472916666667,27.2012625,78.1134625,49.92155416666666,0.983
-1.3821398259999795,29.671499001000008,2024-01-13T00:00:00Z,2024-01-13T00:00:00.0/2024-01-14T00:00:00.0,422.9398208333334,346.4032375,307.4589041666667,38.94435416666666,465.2668458333333,126.2170125,23.955379166666663,102.26162916666668,43.121575,0.9826
-1.3821398259999795,29.671499001000008,2024-01-14T00:00:00Z,2024-01-14T00:00:00.0/2024-01-15T00:00:00.0,423.3415916666667,344.6154791666667,301.74603333333334,42.86945,455.48755,191.43202916666667,65.65350833333333,125.77851249999999,80.95496250000001,0.9826
-1.3821398259999795,29.671499001000008,2024-01-15T00:00:00Z,2024-01-15T00:00:00.0/2024-01-16T00:00:00.0,423.75085416666667,340.43001250000003,290.63661666666667,49.7934,434.46362500000004,94.23364166666666,6.274358333333333,87.9592875,10.390225,0.983
-1.3821398259999795,29.671499001000008,2024-01-16T00:00:00Z,2024-01-16T00:00:00.0/2024-01-17T00:00:00.0,424.17236249999996,342.8645833333333,298.27455833333335,44.5900125,446.11970833333334,199.521625,59.57344166666667,139.94819166666667,94.43557916666667,0.9826
-1.3821398259999795,29.671499001000008,2024-01-17T00:00:00Z,2024-01-17T00:00:00.0/2024-01-18T00:00:00.0,424.59806249999997,345.07466666666664,300.93782500000003,44.136854166666666,450.6523041666667,227.35487916666668,74.4508,152.90408333333332,105.50875,0.983
-1.3821398259999795,29.671499001000008,2024-01-18T00:00:00Z,2024-01-18T00:00:00.0/2024-01-19T00:00:00.0,425.0333666666667,343.65922083333334,296.75529166666666,46.90394583333333,442.6577958333333,182.94124166666666,108.31957083333333,74.62168333333334,177.3715,0.983
-1.3821398259999795,29.671499001000008,2024-01-19T00:00:00Z,2024-01-19T00:00:00.0/2024-01-20T00:00:00.0,425.47436666666664,345.48091666666664,304.500975,40.97994583333333,454.98913749999997,179.51454583333336,80.11328333333334,99.40126666666667,129.21493333333333,0.983
-1.3821398259999795,29.671499001000008,2024-01-20T00:00:00Z,2024-01-20T00:00:00.0/2024-01-21T00:00:00.0,425.9215916666667,346.6550291666667,304.94710416666663,41.707929166666666,455.67675833333334,140.02225833333333,41.03389583333333,98.9883625,72.85682083333333,0.9833
-1.3821398259999795,29.671499001000008,2024-01-21T00:00:00Z,2024-01-21T00:00:00.0/2024-01-22T00:00:00.0,426.3742666666667,347.34977083333337,305.64027916666663,41.70948333333333,456.4134916666667,135.46846666666667,19.887687500000002,115.58077916666667,30.460491666666666,0.9833
-1.3821398259999795,29.671499001000008,2024-01-22T00:00:00Z,2024-01-22T00:00:00.0/2024-01-23T00:00:00.0,426.830525,345.21183333333335,299.0451875,46.16665833333334,443.37137916666666,143.28084166666667,29.627504166666668,113.65334166666666,43.753795833333335,0.9833
-1.3821398259999795,29.671499001000008,2024-01-23T00:00:00Z,2024-01-23T00:00:00.0/2024-01-24T00:00:00.0,427.2896333333333,344.8926208333333,298.90397083333335,45.98865416666666,442.77966250000003,128.39924166666665,14.409833333333333,113.9894,22.47072916666667,0.9833
-1.3821398259999795,29.671499001000008,2024-01-24T00:00:00Z,2024-01-24T00:00:00.0/2024-01-25T00:00:00.0,427.75280833333335,346.1237791666667,300.37317083333335,45.750616666666666,445.75842083333333,100.329775,8.9841625,91.3456125,20.340983333333334,0.983
-1.3821398259999795,29.671499001000008,2024-01-25T00:00:00Z,2024-01-25T00:00:00.0/2024-01-26T00:00:00.0,428.2175291666667,348.1711416666667,305.9947291666667,42.176404166666664,454.4173166666667,139.10416666666666,41.97250833333333,97.1316625,78.02726249999999,0.983
-1.3821398259999795,29.671499001000008,2024-01-26T00:00:00Z,2024-01-26T00:00:00.0/2024-01-27T00:00:00.0,428.6829,347.08695416666666,303.0064291666667,44.080504166666664,448.37629999999996,153.97362083333334,75.21584583333333,78.757775,148.49355,0.983
-1.3821398259999795,29.671499001000008,2024-01-27T00:00:00Z,2024-01-27T00:00:00.0/2024-01-28T00:00:00.0,429.1462791666667,349.0156666666667,305.9038708333333,43.1117875,452.81189166666667,109.30614166666668,25.611891666666665,83.69425,77.42874166666667,0.9833
-1.3821398259999795,29.671499001000008,2024-01-28T00:00:00Z,2024-01-28T00:00:00.0/2024-01-29T00:00:00.0,429.61173333333335,349.21138333333334,305.5225625,43.68882083333333,450.7664375,190.987975,62.70075416666666,128.28722083333335,117.94812083333333,0.9833
-1.3821398259999795,29.671499001000008,2024-01-29T00:00:00Z,2024-01-29T00:00:00.0/2024-01-30T00:00:00.0,430.0782458333333,352.58687499999996,313.5613,39.0255625,464.5468333333333,209.77756666666667,60.025912500000004,149.75165833333332,91.32212500000001,0.983
-1.3821398259999795,29.671499001000008,2024-01-30T00:00:00Z,2024-01-30T00:00:00.0/2024-01-31T00:00:00.0,430.5404875,350.58845833333334,308.35239583333333,42.236075,456.1544208333333,130.8185,28.339204166666665,102.47930000000001,67.41585416666666,0.983
-1.3821398259999795,29.671499001000008,2024-01-31T00:00:00Z,2024-01-31T00:00:00.0/2024-02-01T00:00:00.0,430.999675,351.9745291666666,310.89662500000003,41.07787916666667,458.2172458333334,213.72084583333333,113.74143333333335,99.97942083333334,151.07828750000002,0.983
-1.3821398259999795,29.671499001000008,2024-02-01T00:00:00Z,2024-02-01T00:00:00.0/2024-02-02T00:00:00.0,431.4532458333333,351.084675,306.47888333333333,44.605775,451.4620375,118.10027083333334,21.495145833333336,96.60512083333333,42.679024999999996,0.9833
-1.3821398259999795,29.671499001000008,2024-02-02T00:00:00Z,2024-02-02T00:00:00.0/2024-02-03T00:00:00.0,431.904825,353.6532375,312.09967083333333,41.55359166666667,458.17944166666666,128.60120833333335,23.3590375,105.24217916666667,50.38059583333333,0.9833
-1.3821398259999795,29.671499001000008,2024-02-03T00:00:00Z,2024-02-03T00:00:00.0/2024-02-04T00:00:00.0,432.35111666666666,354.55477083333335,315.0560708333333,39.498687499999996,463.58081250000004,153.52143333333333,31.041279166666666,122.48015416666668,40.38493333333333,0.9833
-1.3821398259999795,29.671499001000008,2024-02-04T00:00:00Z,2024-02-04T00:00:00.0/2024-02-05T00:00:00.0,432.79142083333335,357.8027333333334,324.9130875,32.8896375,481.9409166666667,166.75920416666665,46.91162083333333,119.84758333333333,87.71005416666667,0.9833
-1.3821398259999795,29.671499001000008,2024-02-05T00:00:00Z,2024-02-05T00:00:00.0/2024-02-06T00:00:00.0,433.22493333333335,358.92505,328.94299166666667,29.9820375,488.7924791666667,105.32043333333333,16.839254166666667,88.48117916666666,57.71810416666667,0.9833
-1.3821398259999795,29.671499001000008,2024-02-06T00:00:00Z,2024-02-06T00:00:00.0/2024-02-07T00:00:00.0,433.65095833333334,361.6741541666667,333.5500083333333,28.12414166666667,495.19539583333335,157.5425,48.288333333333334,109.25417083333333,63.21950833333333,0.9833
-1.3821398259999795,29.671499001000008,2024-02-07T00:00:00Z,2024-02-07T00:00:00.0/2024-02-08T00:00:00.0,434.0687666666667,360.86808333333335,330.58555,30.282516666666666,489.0297041666667,301.2758166666667,203.49127083333335,97.78455416666667,317.74167916666664,0.9833
-1.3821398259999795,29.671499001000008,2024-02-08T00:00:00Z,2024-02-08T00:00:00.0/2024-02-09T00:00:00.0,434.47769999999997,361.9390041666666,333.77380416666665,28.165220833333333,494.03177916666664,181.79471666666666,55.26429166666667,126.530425,112.72896250000001,0.9833
-1.3821398259999795,29.671499001000008,2024-02-09T00:00:00Z,2024-02-09T00:00:00.0/2024-02-10T00:00:00.0,434.87491666666665,361.92321666666663,335.0672625,26.855945833333333,496.4123958333333,175.1594458333333,52.5733375,122.5861,103.1794125,0.9837
-1.3821398259999795,29.671499001000008,2024-02-10T00:00:00Z,2024-02-10T00:00:00.0/2024-02-11T00:00:00.0,435.2641208333334,358.77774999999997,325.8458875,32.931845833333334,480.7714041666666,172.09777916666667,54.8195,117.27827916666666,135.63022916666668,0.9837
-1.3821398259999795,29.671499001000008,2024-02-11T00:00:00Z,2024-02-11T00:00:00.0/2024-02-12T00:00:00.0,435.64225416666665,357.5007333333333,322.58087083333334,34.9198625,474.30383333333333,156.0857125,37.8263375,118.25937916666668,81.82043333333333,0.9837
-1.3821398259999795,29.671499001000008,2024-02-12T00:00:00Z,2024-02-12T00:00:00.0/2024-02-13T00:00:00.0,436.008625,363.5077708333333,336.74039583333337,26.767366666666664,497.0134666666667,189.06471666666667,79.38195833333333,109.68275833333333,166.3159375,0.9837
-1.3821398259999795,29.671499001000008,2024-02-13T00:00:00Z,2024-02-13T00:00:00.0/2024-02-14T00:00:00.0,436.3626291666667,361.05806666666666,331.6850583333333,29.37300833333333,486.0001208333333,212.41074583333332,113.79631666666667,98.61442916666665,189.5609125,0.9837
-1.3821398259999795,29.671499001000008,2024-02-14T00:00:00Z,2024-02-14T00:00:00.0/2024-02-15T00:00:00.0,436.7035333333333,359.74597083333333,328.78104583333334,30.964904166666667,479.82055833333334,205.12933333333334,85.5358875,119.59344583333332,102.87022083333333,0.9837
-1.3821398259999795,29.671499001000008,2024-02-15T00:00:00Z,2024-02-15T00:00:00.0/2024-02-16T00:00:00.0,437.03072083333336,359.72253333333333,327.2771,32.44544166666667,476.34981250000004,90.39714583333334,12.970804166666667,77.42634583333333,20.850495833333333,0.9837
-1.3821398259999795,29.671499001000008,2024-02-16T00:00:00Z,2024-02-16T00:00:00.0/2024-02-17T00:00:00.0,437.3436291666667,362.19035,333.77968333333337,28.410654166666664,488.54923333333335,120.56302916666668,33.007308333333334,87.55571666666667,58.483375,0.9837
-1.3821398259999795,29.671499001000008,2024-02-17T00:00:00Z,2024-02-17T00:00:00.0/2024-02-18T00:00:00.0,437.6416,362.80118749999997,332.8897083333333,29.911475,486.86344583333334,171.4575583333333,44.68780833333333,126.76976666666667,88.03662083333334,0.9837
-1.3821398259999795,29.671499001000008,2024-02-18T00:00:00Z,2024-02-18T00:00:00.0/2024-02-19T00:00:00.0,437.92407083333336,361.53682499999996,326.6836333333333,34.853183333333334,476.14697083333334,210.39733750000002,64.24887083333333,146.14846666666668,120.73386666666666,0.9837
-1.3821398259999795,29.671499001000008,2024-02-19T00:00:00Z,2024-02-19T00:00:00.0/2024-02-20T00:00:00.0,438.19047083333334,360.79834166666666,323.4917791666667,37.306558333333335,467.15979166666665,183.2042625,65.82750833333334,117.37675833333333,125.82689583333332,0.9837
-1.3821398259999795,29.671499001000008,2024-02-20T00:00:00Z,2024-02-20T00:00:00.0/2024-02-21T00:00:00.0,438.4402666666667,359.5607916666667,319.4725125,40.08829166666667,459.48799583333334,259.1519375,120.78688749999999,138.3650625,193.25103750000002,0.9837
-1.3821398259999795,29.671499001000008,2024-02-21T00:00:00Z,2024-02-21T00:00:00.0/2024-02-22T00:00:00.0,438.67334166666666,362.70047916666664,329.1074208333333,33.59305416666667,477.12935416666664,142.57955,43.3154125,99.26412916666668,93.57270416666667,0.9837
-1.3821398259999795,29.671499001000008,2024-02-22T00:00:00Z,2024-02-22T00:00:00.0/2024-02-23T00:00:00.0,438.8894041666667,364.59948749999995,334.3877958333333,30.211699999999997,487.40726666666666,180.3706875,79.21641666666666,101.15426666666667,150.83406666666667,0.9837
-1.3821398259999795,29.671499001000008,2024-02-23T00:00:00Z,2024-02-23T00:00:00.0/2024-02-24T00:00:00.0,439.08740416666666,366.19400833333333,338.0246583333333,28.169370833333332,493.2421875,217.57317916666668,75.79430833333333,141.77887083333334,113.41067500000001,0.9785
-1.3821398259999795,29.671499001000008,2024-02-24T00:00:00Z,2024-02-24T00:00:00.0/2024-02-25T00:00:00.0,439.26692499999996,365.4373791666667,335.6660583333333,29.771295833333337,487.67663749999997,209.06213333333335,113.0795,95.9826375,170.35972916666665,0.9785
-1.3821398259999795,29.671499001000008,2024-02-25T00:00:00Z,2024-02-25T00:00:00.0/2024-02-26T00:00:00.0,439.42749166666664,365.09680000000003,335.91839583333336,29.178412499999997,488.4797375,131.0579,20.2372875,110.82061666666668,27.832483333333332,0.9785
-1.3821398259999795,29.671499001000008,2024-02-26T00:00:00Z,2024-02-26T00:00:00.0/2024-02-27T00:00:00.0,439.56868333333335,363.17850833333335,330.715575,32.46294583333333,479.9944666666667,146.00012083333334,17.966429166666668,128.03369166666667,37.48247083333333,0.9837
-1.3821398259999795,29.671499001000008,2024-02-27T00:00:00Z,2024-02-27T00:00:00.0/2024-02-28T00:00:00.0,439.68863749999997,360.53967083333333,322.5004083333333,38.03927916666667,464.7261541666667,75.33056666666667,6.9343,68.39626666666666,32.822783333333334,0.9844
-1.3821398259999795,29.671499001000008,2024-02-28T00:00:00Z,2024-02-28T00:00:00.0/2024-02-29T00:00:00.0,439.79081249999996,360.6791166666667,321.29400833333335,39.385133333333336,460.5083833333333,175.25956250000002,68.73665833333332,106.52290833333332,102.9557375,0.9844
-1.3821398259999795,29.671499001000008,2024-02-29T00:00:00Z,2024-02-29T00:00:00.0/2024-03-01T00:00:00.0,439.8725166666666,361.76786250000004,327.6699,34.097970833333335,470.34615,138.97131249999998,24.866554166666663,114.10475833333334,47.330549999999995,0.9844
-1.3821398259999795,29.671499001000008,2024-03-01T00:00:00Z,2024-03-01T00:00:00.0/2024-03-02T00:00:00.0,439.9359958333334,362.9602875,333.53961250000003,29.420670833333332,480.5782875,180.9583125,36.88969166666667,144.068625,82.46849166666667,0.984
-1.3821398259999795,29.671499001000008,2024-03-02T00:00:00Z,2024-03-02T00:00:00.0/2024-03-03T00:00:00.0,439.9746083333334,366.07006666666666,340.1841625,25.885895833333333,494.66247500000003,214.16807083333333,95.57531666666667,118.59276249999999,190.61082083333335,0.984
-1.3821398259999795,29.671499001000008,2024-03-03T00:00:00Z,2024-03-03T00:00:00.0/2024-03-04T00:00:00.0,439.99470833333334,365.3457041666666,336.54579583333333,28.799899999999997,486.8341083333333,182.38376666666667,82.76254166666666,99.6212375,155.53184166666668,0.984
-1.3821398259999795,29.671499001000008,2024-03-04T00:00:00Z,2024-03-04T00:00:00.0/2024-03-05T00:00:00.0,439.99312499999996,366.3626291666667,339.3192125,27.043400000000002,490.80045416666667,229.82999583333333,109.40979166666666,120.42019583333332,196.53566666666666,0.984
-1.3821398259999795,29.671499001000008,2024-03-05T00:00:00Z,2024-03-05T00:00:00.0/2024-03-06T00:00:00.0,439.96968749999996,362.32067916666665,328.3916625,33.9290125,470.74715,109.59665833333334,21.34674166666667,88.24991666666666,44.8186375,0.984
-1.3821398259999795,29.671499001000008,2024-03-06T00:00:00Z,2024-03-06T00:00:00.0/2024-03-07T00:00:00.0,439.92468333333335,364.57295833333336,336.5223375,28.05060416666667,486.655925,195.12969999999999,82.33329583333334,112.7963875,147.55919583333335,0.984
-1.3821398259999795,29.671499001000008,2024-03-07T00:00:00Z,2024-03-07T00:00:00.0/2024-03-08T00:00:00.0,439.8588041666667,367.7038166666667,343.45007499999997,24.253716666666666,499.0617666666667,210.70872083333333,82.6576875,128.0510375,168.1510125,0.984
-1.3821398259999795,29.671499001000008,2024-03-08T00:00:00Z,2024-03-08T00:00:00.0/2024-03-09T00:00:00.0,439.77050833333334,367.45739583333335,341.68102916666663,25.776354166666668,495.3831375,191.20100833333333,89.393625,101.80739166666666,172.06782916666668,0.984
-1.3821398259999795,29.671499001000008,2024-03-09T00:00:00Z,2024-03-09T00:00:00.0/2024-03-10T00:00:00.0,439.6596666666667,366.30118749999997,341.6504708333334,24.65070833333333,495.7046708333333,140.44092916666668,29.61975,110.82118750000001,83.6975875,0.984
-1.3821398259999795,29.671499001000008,2024-03-10T00:00:00Z,2024-03-10T00:00:00.0/2024-03-11T00:00:00.0,439.52506666666665,365.2403166666666,339.281025,25.959304166666666,490.27652916666665,196.06485833333332,65.99765416666666,130.06720833333333,126.6395375,0.9844
-1.3821398259999795,29.671499001000008,2024-03-11T00:00:00Z,2024-03-11T00:00:00.0/2024-03-12T00:00:00.0,439.37235416666664,367.1746416666667,341.8033041666667,25.371358333333333,495.22359166666666,220.325075,92.36056666666667,127.96451666666667,197.59596666666667,0.984
-1.3821398259999795,29.671499001000008,2024-03-12T00:00:00Z,2024-03-12T00:00:00.0/2024-03-13T00:00:00.0,439.19539583333335,369.0181083333334,345.61584583333337,23.402254166666665,501.7497166666667,194.8013083333333,72.021325,122.77997916666668,137.06252083333334,0.984
-1.3821398259999795,29.671499001000008,2024-03-13T00:00:00Z,2024-03-13T00:00:00.0/2024-03-14T00:00:00.0,438.9941833333333,370.49568750000003,346.3119291666667,24.183775,502.10843750000004,254.22690833333334,114.72970416666668,139.49719166666668,194.05920416666666,0.9844
-1.3821398259999795,29.671499001000008,2024-03-14T00:00:00Z,2024-03-14T00:00:00.0/2024-03-15T00:00:00.0,438.7727875,365.9038083333333,338.5009958333333,27.4028125,488.24609166666664,193.79754583333332,111.7290125,82.06853333333333,180.78281666666666,0.9844
-1.3821398259999795,29.671499001000008,2024-03-15T00:00:00Z,2024-03-15T00:00:00.0/2024-03-16T00:00:00.0,438.53064166666667,365.45812916666665,341.11617083333334,24.3419375,494.23628749999995,204.89442916666667,115.06699583333334,89.82744166666667,192.27144166666668,0.984
-1.3821398259999795,29.671499001000008,2024-03-16T00:00:00Z,2024-03-16T00:00:00.0/2024-03-17T00:00:00.0,438.26310416666666,367.93481249999996,341.6322416666667,26.30258333333333,493.4087333333334,271.4502958333333,138.25712083333335,133.193175,207.8588875,0.9844
-1.3821398259999795,29.671499001000008,2024-03-17T00:00:00Z,2024-03-17T00:00:00.0/2024-03-18T00:00:00.0,437.97570833333333,370.53991666666667,347.120075,23.41985,503.960775,361.4359958333334,322.48555416666665,38.95044583333333,477.53332500000005,0.9844
-1.3821398259999795,29.671499001000008,2024-03-18T00:00:00Z,2024-03-18T00:00:00.0/2024-03-19T00:00:00.0,437.66569166666665,367.03076250000004,341.9508458333333,25.07992916666667,495.0137958333333,299.9621375,202.68703333333335,97.27510416666667,330.56294583333334,0.9844
-1.3821398259999795,29.671499001000008,2024-03-19T00:00:00Z,2024-03-19T00:00:00.0/2024-03-20T00:00:00.0,437.33369999999996,364.8258041666666,338.40738749999997,26.418425,487.83312916666665,234.17922083333335,95.107525,139.07170416666665,135.52433333333332,0.9844
-1.3821398259999795,29.671499001000008,2024-03-20T00:00:00Z,2024-03-20T00:00:00.0/2024-03-21T00:00:00.0,436.9812416666667,363.2942708333333,333.992575,29.301683333333333,480.60884583333336,157.85448333333332,53.16083333333333,104.69364583333333,111.02639583333332,0.9844
-1.3821398259999795,29.671499001000008,2024-03-21T00:00:00Z,2024-03-21T00:00:00.0/2024-03-22T00:00:00.0,436.60665,364.18973750000004,336.0495,28.140229166666668,484.48445833333335,191.67207916666666,56.5707875,135.1013,102.80657083333334,0.9844
-1.3821398259999795,29.671499001000008,2024-03-22T00:00:00Z,2024-03-22T00:00:00.0/2024-03-23T00:00:00.0,436.2084958333333,365.0370291666666,337.99198333333334,27.045058333333333,487.56766666666664,253.06722083333332,97.49608333333333,155.5711375,153.40224166666667,0.9847
-1.3821398259999795,29.671499001000008,2024-03-23T00:00:00Z,2024-03-23T00:00:00.0/2024-03-24T00:00:00.0,435.7937416666667,361.1422916666667,328.19555833333334,32.946737500000005,471.1053875,165.04007916666666,40.11929166666667,124.9207875,75.79482916666667,0.9844
-1.3821398259999795,29.671499001000008,2024-03-24T00:00:00Z,2024-03-24T00:00:00.0/2024-03-25T00:00:00.0,435.35628333333335,358.82837083333334,323.5722875,35.25609166666667,464.34855,146.4452125,25.659495833333335,120.78571666666666,44.2458,0.9844
-1.3821398259999795,29.671499001000008,2024-03-25T00:00:00Z,2024-03-25T00:00:00.0/2024-03-26T00:00:00.0,434.8960375,359.33695416666666,328.8008625,30.536075,472.4929208333333,131.19371666666666,39.0398375,92.15387916666667,97.26399583333334,0.9847
-1.3821398259999795,29.671499001000008,2024-03-26T00:00:00Z,2024-03-26T00:00:00.0/2024-03-27T00:00:00.0,434.41768333333334,359.3255208333333,330.28967083333333,29.035854166666667,475.8851333333334,158.25674583333333,32.0248875,126.23185416666666,83.42235833333334,0.9847
-1.3821398259999795,29.671499001000008,2024-03-27T00:00:00Z,2024-03-27T00:00:00.0/2024-03-28T00:00:00.0,433.9211,359.3656416666667,332.48313333333334,26.8824875,481.9706208333334,125.78686666666665,13.436141666666666,112.35072916666667,32.81811666666667,0.9844
-1.3821398259999795,29.671499001000008,2024-03-28T00:00:00Z,2024-03-28T00:00:00.0/2024-03-29T00:00:00.0,433.401325,361.10009583333334,335.9139,25.186220833333334,487.01692499999996,211.32438333333334,79.75785416666666,131.5665375,144.87847083333332,0.9847
-1.3821398259999795,29.671499001000008,2024-03-29T00:00:00Z,2024-03-29T00:00:00.0/2024-03-30T00:00:00.0,432.86425833333334,359.89685000000003,334.0013,25.895574999999997,483.5605041666667,171.18495833333336,70.53961666666667,100.64534583333334,128.40972916666666,0.9847
-1.3821398259999795,29.671499001000008,2024-03-30T00:00:00Z,2024-03-30T00:00:00.0/2024-03-31T00:00:00.0,432.30749583333335,358.65152916666665,330.87318750000003,27.778325,478.69510833333334,166.90959583333333,80.94867083333334,85.96092916666667,182.9272875,0.9847
-1.3821398259999795,29.671499001000008,2024-03-31T00:00:00Z,2024-03-31T00:00:00.0/2024-04-01T00:00:00.0,431.7328291666667,357.92350416666665,330.77288749999997,27.150629166666665,480.0300291666667,147.83150416666666,31.3080375,116.52346666666666,74.75103333333333,0.9847
-1.3821398259999795,29.671499001000008,2024-04-01T00:00:00Z,2024-04-01T00:00:00.0/2024-04-02T00:00:00.0,431.1403,357.92960416666665,332.78765833333335,25.141925,483.5870375,126.43520000000001,17.609354166666666,108.82584583333333,36.413133333333334,0.9847
-1.3821398259999795,29.671499001000008,2024-04-02T00:00:00Z,2024-04-02T00:00:00.0/2024-04-03T00:00:00.0,430.5292541666667,356.4818916666666,329.8658666666667,26.61605,478.97762083333333,168.64394166666668,31.655275,136.98865833333335,66.951075,0.9847
-1.3821398259999795,29.671499001000008,2024-04-03T00:00:00Z,2024-04-03T00:00:00.0/2024-04-04T00:00:00.0,429.8988458333333,356.57458333333335,332.0740375,24.500533333333333,482.73352083333333,142.75134166666666,22.079383333333336,120.67195833333334,42.63220833333333,0.9851
-1.3821398259999795,29.671499001000008,2024-04-04T00:00:00Z,2024-04-04T00:00:00.0/2024-04-05T00:00:00.0,429.25634583333334,356.143025,330.68225,25.46077083333333,481.1167791666667,183.6929125,44.2792875,139.41361666666668,84.3400875,0.9847
-1.3821398259999795,29.671499001000008,2024-04-05T00:00:00Z,2024-04-05T00:00:00.0/2024-04-06T00:00:00.0,428.5949708333333,354.91711250000003,330.217225,24.699875000000002,481.5819916666667,199.92272916666664,44.27992916666667,155.64279166666668,79.32390833333334,0.9847
-1.3821398259999795,29.671499001000008,2024-04-06T00:00:00Z,2024-04-06T00:00:00.0/2024-04-07T00:00:00.0,427.9155666666666,354.91711250000003,331.87414583333333,23.042975,485.6775291666667,164.72599166666666,62.527791666666666,102.1982,126.90894583333333,0.9802
-1.3821398259999795,29.671499001000008,2024-04-07T00:00:00Z,2024-04-07T00:00:00.0/2024-04-08T00:00:00.0,427.22282083333334,354.21830416666666,331.8527208333333,22.365591666666663,485.91735833333337,119.73742499999999,16.178608333333333,103.55881666666666,47.047491666666666,0.9229
-1.3821398259999795,29.671499001000008,2024-04-08T00:00:00Z,2024-04-08T00:00:00.0/2024-04-09T00:00:00.0,426.51725416666665,353.330525,328.69805833333334,24.632470833333333,481.3621416666667,177.2309958333333,48.93355833333334,128.29744583333334,120.33412499999999,0.9851
-1.3821398259999795,29.671499001000008,2024-04-09T00:00:00Z,2024-04-09T00:00:00.0/2024-04-10T00:00:00.0,425.79329583333333,352.62902916666667,327.3242583333333,25.304779166666666,478.04256250000003,130.98862916666667,41.877654166666666,89.11097083333334,98.25812916666666,0.9851
-1.3821398259999795,29.671499001000008,2024-04-10T00:00:00Z,2024-04-10T00:00:00.0/2024-04-11T00:00:00.0,425.0579,352.3592125,329.4047458333333,22.9544625,482.68729583333334,186.1374291666667,53.16867083333333,132.96877083333334,108.11235416666666,0.9851
-1.3821398259999795,29.671499001000008,2024-04-11T00:00:00Z,2024-04-11T00:00:00.0/2024-04-12T00:00:00.0,424.308675,351.452025,327.2343125,24.217704166666667,479.81408749999997,242.57027083333332,109.59419583333333,132.976075,176.31415,0.9851
-1.3821398259999795,29.671499001000008,2024-04-12T00:00:00Z,2024-04-12T00:00:00.0/2024-04-13T00:00:00.0,423.54866666666663,351.85559166666667,327.3263541666667,24.529254166666664,480.39664583333337,218.42232083333332,72.84269166666667,145.57962916666665,153.20814166666665,0.9847
-1.3821398259999795,29.671499001000008,2024-04-13T00:00:00Z,2024-04-13T00:00:00.0/2024-04-14T00:00:00.0,422.7736,349.41426666666666,324.310525,25.103754166666665,476.57116666666667,138.4005125,21.364933333333337,117.03558333333332,46.944266666666664,0.9851
-1.3821398259999795,29.671499001000008,2024-04-14T00:00:00Z,2024-04-14T00:00:00.0/2024-04-15T00:00:00.0,421.9887708333333,348.089275,320.22631666666666,27.862958333333335,468.8067208333334,134.29727083333333,36.81410833333333,97.48315416666667,78.76825833333334,0.9851
-1.3821398259999795,29.671499001000008,2024-04-15T00:00:00Z,2024-04-15T00:00:00.0/2024-04-16T00:00:00.0,421.19262499999996,348.2316083333333,324.2251791666667,24.0064125,477.1421708333333,147.62855833333333,18.39495416666667,129.2336125,26.304716666666668,0.9851
-1.3821398259999795,29.671499001000008,2024-04-16T00:00:00Z,2024-04-16T00:00:00.0/2024-04-17T00:00:00.0,420.38415416666663,348.6210541666667,326.2043875,22.416674999999998,481.76969583333334,269.91542499999997,165.35967083333333,104.55575416666666,234.7405,0.9854
-1.3821398259999795,29.671499001000008,2024-04-17T00:00:00Z,2024-04-17T00:00:00.0/2024-04-18T00:00:00.0,419.5709625,348.3171791666667,323.76100833333334,24.556191666666667,477.83813333333336,180.32458333333332,66.45769583333333,113.86689166666667,111.98784583333332,0.9851
-1.3821398259999795,29.671499001000008,2024-04-18T00:00:00Z,2024-04-18T00:00:00.0/2024-04-19T00:00:00.0,418.7467875,348.02445416666666,324.46431666666666,23.560129166666666,481.12907083333334,150.55806666666666,38.3684625,112.18960416666665,66.43685833333333,0.9851
-1.3821398259999795,29.671499001000008,2024-04-19T00:00:00Z,2024-04-19T00:00:00.0/2024-04-20T00:00:00.0,417.91397916666665,346.60607916666663,321.573325,25.032775,476.53654166666666,200.5271625,68.38553333333333,132.14162083333335,103.84399583333334,0.9851
-1.3821398259999795,29.671499001000008,2024-04-20T00:00:00Z,2024-04-20T00:00:00.0/2024-04-21T00:00:00.0,417.071575,345.2346583333333,319.9884625,25.24620416666667,472.9943458333333,143.19666666666666,27.317608333333336,115.87905,40.00140416666667,0.9854
-1.3821398259999795,29.671499001000008,2024-04-21T00:00:00Z,2024-04-21T00:00:00.0/2024-04-22T00:00:00.0,416.2245666666667,344.229125,314.71877083333334,29.51035416666667,465.1721583333333,172.36490833333335,33.282358333333335,139.08255,73.03237083333333,0.9854
-1.3821398259999795,29.671499001000008,2024-04-22T00:00:00Z,2024-04-22T00:00:00.0/2024-04-23T00:00:00.0,415.3710125,345.1035583333333,322.94767083333335,22.1559,480.65018749999996,309.00673333333333,246.68312500000002,62.323625,371.48144583333334,0.9854
-1.3821398259999795,29.671499001000008,2024-04-23T00:00:00Z,2024-04-23T00:00:00.0/2024-04-24T00:00:00.0,414.5142,342.76383333333337,319.4365625,23.327279166666667,475.43086666666665,126.84705416666667,17.390066666666666,109.45699166666667,44.8839125,0.9851
-1.3821398259999795,29.671499001000008,2024-04-24T00:00:00Z,2024-04-24T00:00:00.0/2024-04-25T00:00:00.0,413.65018749999996,340.9466958333333,314.8215333333333,26.125170833333332,467.879475,130.71828333333335,27.131716666666666,103.58656666666667,71.84704166666667,0.9851
-1.3821398259999795,29.671499001000008,2024-04-25T00:00:00Z,2024-04-25T00:00:00.0/2024-04-26T00:00:00.0,412.7806,340.04302916666666,308.9170541666667,31.12597083333333,459.49808750000005,134.26501666666667,14.711070833333332,119.55394583333333,25.7774,0.9854
-1.3821398259999795,29.671499001000008,2024-04-26T00:00:00Z,2024-04-26T00:00:00.0/2024-04-27T00:00:00.0,411.9093833333333,339.93931249999997,310.1731958333333,29.766104166666665,461.3789875,131.94175416666667,20.052633333333333,111.88912083333334,51.50225833333334,0.9854
-1.3821398259999795,29.671499001000008,2024-04-27T00:00:00Z,2024-04-27T00:00:00.0/2024-04-28T00:00:00.0,411.0352375,341.0076291666667,310.0263875,30.98125416666667,460.0332041666666,222.55275416666666,98.81265416666668,123.74009166666667,180.98065,0.9854
-1.3821398259999795,29.671499001000008,2024-04-28T00:00:00Z,2024-04-28T00:00:00.0/2024-04-29T00:00:00.0,410.1588125,338.56439166666667,306.2836916666667,32.28069166666666,456.88956666666667,147.81023333333334,27.37912916666667,120.4311125,36.306895833333336,0.9854
-1.3821398259999795,29.671499001000008,2024-04-29T00:00:00Z,2024-04-29T00:00:00.0/2024-04-30T00:00:00.0,409.280925,339.7781166666667,312.09246666666667,27.6856375,465.85257916666666,149.95501666666667,29.207970833333334,120.74704166666668,41.041720833333336,0.9854
-1.3821398259999795,29.671499001000008,2024-04-30T00:00:00Z,2024-04-30T00:00:00.0/2024-05-01T00:00:00.0,408.4025875,337.3585625,306.398925,30.959641666666666,457.61295416666667,100.67857916666667,14.189208333333333,86.48937083333334,44.02319166666666,0.9854
-1.3821398259999795,29.671499001000008,2024-05-01T00:00:00Z,2024-05-01T00:00:00.0/2024-05-02T00:00:00.0,407.5249833333333,336.8575041666667,308.0433541666667,28.814133333333334,461.92545416666667,102.04957083333333,18.787904166666667,83.26166666666667,47.22167916666667,0.9854
-1.3821398259999795,29.671499001000008,2024-05-02T00:00:00Z,2024-05-02T00:00:00.0/2024-05-03T00:00:00.0,406.6480291666667,335.4427083333333,306.02968333333337,29.41304166666667,460.74776249999996,82.6063625,1.1613791666666666,81.44498333333333,3.7852374999999996,0.9854
-1.3821398259999795,29.671499001000008,2024-05-03T00:00:00Z,2024-05-03T00:00:00.0/2024-05-04T00:00:00.0,405.772625,335.7524,308.4857583333333,27.26663333333333,465.27795416666663,111.495525,16.8778625,94.61765416666667,36.48160416666666,0.9854
-1.3821398259999795,29.671499001000008,2024-05-04T00:00:00Z,2024-05-04T00:00:00.0/2024-05-05T00:00:00.0,404.8994125,334.86000416666667,306.58756666666665,28.272441666666666,461.82637500000004,106.7766125,7.8038375,98.97276666666666,21.4484625,0.9854
-1.3821398259999795,29.671499001000008,2024-05-05T00:00:00Z,2024-05-05T00:00:00.0/2024-05-06T00:00:00.0,404.0292166666666,336.4057833333333,311.42588333333333,24.979916666666668,470.8961166666666,304.7878,240.521525,64.266275,355.94128333333333,0.9854
-1.3821398259999795,29.671499001000008,2024-05-06T00:00:00Z,2024-05-06T00:00:00.0/2024-05-07T00:00:00.0,403.1628,334.68402083333336,309.5576791666667,25.126329166666665,468.1296375,134.38404166666666,23.001045833333333,111.38299583333333,36.952466666666666,0.9854
-1.3821398259999795,29.671499001000008,2024-05-07T00:00:00Z,2024-05-07T00:00:00.0/2024-05-08T00:00:00.0,402.30094583333334,333.94325833333335,309.66849583333334,24.274758333333335,469.65181666666666,229.67265,97.71070416666667,131.96195416666666,163.3842375,0.9854
-1.3821398259999795,29.671499001000008,2024-05-08T00:00:00Z,2024-05-08T00:00:00.0/2024-05-09T00:00:00.0,401.4443375,331.46909583333337,305.775575,25.693516666666667,464.1875,141.9595125,22.237108333333335,119.7224125,39.766758333333335,0.9854
-1.3821398259999795,29.671499001000008,2024-05-09T00:00:00Z,2024-05-09T00:00:00.0/2024-05-10T00:00:00.0,400.59200000000004,330.57245,304.8972166666667,25.675237499999998,463.29980416666666,114.03341666666667,9.591070833333333,104.44234166666666,14.566254166666667,0.9858
-1.3821398259999795,29.671499001000008,2024-05-10T00:00:00Z,2024-05-10T00:00:00.0/2024-05-11T00:00:00.0,399.7484958333334,329.73702083333336,302.9492375,26.787766666666666,460.97554583333334,126.09039166666668,14.192450000000001,111.8979375,30.540491666666668,0.9858
-1.3821398259999795,29.671499001000008,2024-05-11T00:00:00Z,2024-05-11T00:00:00.0/2024-05-12T00:00:00.0,398.91247500000003,330.80997916666666,306.6360875,24.173883333333333,468.6651625,178.5107,47.71210416666667,130.79859583333334,62.2602125,0.9858
-1.3821398259999795,29.671499001000008,2024-05-12T00:00:00Z,2024-05-12T00:00:00.0/2024-05-13T00:00:00.0,398.084675,330.84216250000003,307.28686666666664,23.55530416666667,470.53816666666665,277.4247833333333,191.16841666666667,86.25636666666666,271.89202916666665,0.9858
-1.3821398259999795,29.671499001000008,2024-05-13T00:00:00Z,2024-05-13T00:00:00.0/2024-05-14T00:00:00.0,397.26587083333334,329.94927916666666,305.49863750000003,24.4506375,467.73522916666667,219.39931249999998,89.3183375,130.0809625,144.248575,0.9858
-1.3821398259999795,29.671499001000008,2024-05-14T00:00:00Z,2024-05-14T00:00:00.0/2024-05-15T00:00:00.0,396.45670416666667,330.00587916666666,306.1957208333333,23.810158333333334,470.23079583333333,238.32017083333335,91.23645833333335,147.08370833333333,145.014425,0.9858
-1.3821398259999795,29.671499001000008,2024-05-15T00:00:00Z,2024-05-15T00:00:00.0/2024-05-16T00:00:00.0,395.6579166666667,328.72611666666666,304.81848333333335,23.90765,469.0337333333334,198.29335416666666,51.52404166666667,146.76930833333333,93.39010416666667,0.9858
-1.3821398259999795,29.671499001000008,2024-05-16T00:00:00Z,2024-05-16T00:00:00.0/2024-05-17T00:00:00.0,394.8702,328.5167833333333,304.3674125,24.1493625,467.97802916666666,188.37648333333334,59.628625,128.74785416666666,121.303,0.9858
-1.3821398259999795,29.671499001000008,2024-05-17T00:00:00Z,2024-05-17T00:00:00.0/2024-05-18T00:00:00.0,394.09419583333334,327.2489625,301.92653333333334,25.322441666666666,463.7639166666667,202.54864583333332,87.33865416666667,115.20998333333334,162.10466666666667,0.9858
-1.3821398259999795,29.671499001000008,2024-05-18T00:00:00Z,2024-05-18T00:00:00.0/2024-05-19T00:00:00.0,393.3306083333334,326.1930958333333,300.84330416666666,25.3497875,463.18318750000003,203.94049166666665,91.73124166666666,112.20925833333332,127.34377083333334,0.9858
-1.3821398259999795,29.671499001000008,2024-05-19T00:00:00Z,2024-05-19T00:00:00.0/2024-05-20T00:00:00.0,392.58003749999995,323.9521291666667,297.1655083333333,26.786616666666664,457.36633333333333,231.02882916666667,114.502025,116.52681666666666,169.13944583333333,0.9858
-1.3821398259999795,29.671499001000008,2024-05-20T00:00:00Z,2024-05-20T00:00:00.0/2024-05-21T00:00:00.0,391.8431791666667,322.89917083333336,295.1657125,27.733454166666665,454.16467083333333,163.610475,37.16385833333333,126.44660416666666,58.161004166666665,0.9858
-1.3821398259999795,29.671499001000008,2024-05-21T00:00:00Z,2024-05-21T00:00:00.0/2024-05-22T00:00:00.0,391.12064583333336,322.5173125,294.5317166666667,27.9856,453.64192499999996,136.90600416666666,27.25491666666667,109.65109166666667,57.043145833333334,0.9858
-1.3821398259999795,29.671499001000008,2024-05-22T00:00:00Z,2024-05-22T00:00:00.0/2024-05-23T00:00:00.0,390.41141666666664,322.649375,296.80365,25.84572916666667,458.8304458333334,186.7681458333333,74.80397916666666,111.96417083333334,119.50573750000001,0.9861
-1.3821398259999795,29.671499001000008,2024-05-23T00:00:00Z,2024-05-23T00:00:00.0/2024-05-24T00:00:00.0,389.7216375,324.6780375,301.6607041666667,23.017329166666666,469.4213041666667,213.38087916666666,99.08715833333333,114.29373333333332,128.97151666666667,0.9858
-1.3821398259999795,29.671499001000008,2024-05-24T00:00:00Z,2024-05-24T00:00:00.0/2024-05-25T00:00:00.0,389.0461833333333,325.326275,301.9582708333333,23.368,470.257,225.64245416666665,99.37996249999999,126.2625,148.97725416666665,0.9858
-1.3821398259999795,29.671499001000008,2024-05-25T00:00:00Z,2024-05-25T00:00:00.0/2024-05-26T00:00:00.0,388.38757499999997,322.5036625,297.95998333333335,24.543666666666667,463.82531666666665,217.46822083333333,94.9717,122.49652916666668,143.82034166666668,0.9858
-1.3821398259999795,29.671499001000008,2024-05-26T00:00:00Z,2024-05-26T00:00:00.0/2024-05-27T00:00:00.0,387.74621666666667,320.7195041666667,293.96889166666665,26.75061666666667,456.277425,154.73175,45.36112083333333,109.3706375,120.372,0.9858
-1.3821398259999795,29.671499001000008,2024-05-27T00:00:00Z,2024-05-27T00:00:00.0/2024-05-28T00:00:00.0,387.12264166666665,320.6826375,293.94227916666665,26.740354166666666,456.23783333333336,222.69592083333336,102.98297083333334,119.7129625,197.64296666666667,0.9753
-1.3821398259999795,29.671499001000008,2024-05-28T00:00:00Z,2024-05-28T00:00:00.0/2024-05-29T00:00:00.0,386.51737499999996,320.16265833333335,294.066425,26.096233333333334,457.74719166666665,180.59027083333334,59.38536250000001,121.20491666666668,135.8312875,0.9858
-1.3821398259999795,29.671499001000008,2024-05-29T00:00:00Z,2024-05-29T00:00:00.0/2024-05-30T00:00:00.0,385.93099166666667,319.8688375,292.69042916666666,27.178412499999997,456.05045416666667,207.157025,94.22538333333334,112.93164999999999,159.43005416666668,0.9858
-1.3821398259999795,29.671499001000008,2024-05-30T00:00:00Z,2024-05-30T00:00:00.0/2024-05-31T00:00:00.0,385.36242500000003,317.492575,288.27524999999997,29.217320833333332,448.06351666666666,190.05078333333333,40.061145833333335,149.98963333333333,64.65456666666667,0.9861
-1.3821398259999795,29.671499001000008,2024-05-31T00:00:00Z,2024-05-31T00:00:00.0/2024-06-01T00:00:00.0,384.8157125,316.84071666666665,287.42840416666667,29.412308333333332,446.5778,292.07041250000003,233.71740833333334,58.35302083333334,353.2024333333333,0.9861
-1.3821398259999795,29.671499001000008,2024-06-01T00:00:00Z,2024-06-01T00:00:00.0/2024-06-02T00:00:00.0,384.28930833333334,316.9990833333333,288.56241666666665,28.43665,450.18440833333335,176.4764,62.86230833333334,113.61409583333334,108.09284583333334,0.9861
-1.3821398259999795,29.671499001000008,2024-06-02T00:00:00Z,2024-06-02T00:00:00.0/2024-06-03T00:00:00.0,383.78597083333335,317.28558333333336,290.762125,26.523458333333334,454.64489583333335,179.63376666666667,66.79942916666667,112.83434166666666,99.6590875,0.9858
-1.3821398259999795,29.671499001000008,2024-06-03T00:00:00Z,2024-06-03T00:00:00.0/2024-06-04T00:00:00.0,383.3019625,316.34332083333334,288.04888750000003,28.294449999999998,450.24117083333334,181.68902500000002,47.92451666666667,133.76450416666668,84.3500875,0.9858
-1.3821398259999795,29.671499001000008,2024-06-04T00:00:00Z,2024-06-04T00:00:00.0/2024-06-05T00:00:00.0,382.83951666666667,315.4429333333333,286.56109583333335,28.8818375,447.72774166666665,198.24939166666664,76.17800416666667,122.07137916666666,136.65032916666667,0.9858
-1.3821398259999795,29.671499001000008,2024-06-05T00:00:00Z,2024-06-05T00:00:00.0/2024-06-06T00:00:00.0,382.39782916666667,314.12679166666663,284.8099583333333,29.316850000000002,444.1405041666667,248.14953749999998,144.29926666666668,103.85027916666667,220.26088333333334,0.9861
-1.3821398259999795,29.671499001000008,2024-06-06T00:00:00Z,2024-06-06T00:00:00.0/2024-06-07T00:00:00.0,381.98034583333333,314.454425,282.174725,32.2797,438.73140416666666,238.00645,135.06612083333331,102.94032916666667,203.83089166666664,0.9861
-1.3821398259999795,29.671499001000008,2024-06-07T00:00:00Z,2024-06-07T00:00:00.0/2024-06-08T00:00:00.0,381.58557083333335,315.83994583333333,287.35050416666667,28.489454166666665,448.53011250000003,274.84985416666666,188.27834166666665,86.5715125,311.35170416666665,0.9861
-1.3821398259999795,29.671499001000008,2024-06-08T00:00:00Z,2024-06-08T00:00:00.0/2024-06-09T00:00:00.0,381.21622916666666,315.54158333333334,286.4846,29.056979166666665,448.30163749999997,260.9855958333333,169.95549583333334,91.0301,230.7756125,0.9858
-1.3821398259999795,29.671499001000008,2024-06-09T00:00:00Z,2024-06-09T00:00:00.0/2024-06-10T00:00:00.0,380.8684083333333,315.371275,285.94677916666666,29.424508333333335,447.50472083333335,179.3417375,75.80008333333333,103.5416375,116.9217625,0.9858
-1.3821398259999795,29.671499001000008,2024-06-10T00:00:00Z,2024-06-10T00:00:00.0/2024-06-11T00:00:00.0,380.54296666666664,314.7162083333333,287.2447916666667,27.471416666666666,450.4109291666667,220.86291666666668,115.6020625,105.26085416666666,182.52400833333334,0.9861
-1.3821398259999795,29.671499001000008,2024-06-11T00:00:00Z,2024-06-11T00:00:00.0/2024-06-12T00:00:00.0,380.2432875,314.69506666666666,285.8490208333333,28.846037499999998,448.9129625,212.36509166666667,91.227975,121.13711666666667,168.67907916666667,0.9861
-1.3821398259999795,29.671499001000008,2024-06-12T00:00:00Z,2024-06-12T00:00:00.0/2024-06-13T00:00:00.0,379.96769166666667,314.37449166666664,286.7856041666667,27.5889,451.1804625,134.24595,29.791158333333332,104.45479166666667,67.48554583333333,0.9861
-1.3821398259999795,29.671499001000008,2024-06-13T00:00:00Z,2024-06-13T00:00:00.0/2024-06-14T00:00:00.0,379.71875,315.24088333333333,289.3568916666667,25.883983333333333,455.99670416666663,272.43237500000004,199.59775833333333,72.83462083333333,287.1503083333333,0.9858
-1.3821398259999795,29.671499001000008,2024-06-14T00:00:00Z,2024-06-14T00:00:00.0/2024-06-15T00:00:00.0,379.49088333333333,314.9942833333333,287.4602458333333,27.534020833333333,451.6190583333334,253.82857083333332,163.5603625,90.2682,285.30513333333334,0.9861
-1.3821398259999795,29.671499001000008,2024-06-15T00:00:00Z,2024-06-15T00:00:00.0/2024-06-16T00:00:00.0,379.29012083333333,311.28067916666663,279.1858916666667,32.09478333333333,436.15999166666666,182.15236249999998,72.38343333333333,109.76892083333333,143.67225,0.9861
-1.3821398259999795,29.671499001000008,2024-06-16T00:00:00Z,2024-06-16T00:00:00.0/2024-06-17T00:00:00.0,379.11409583333335,309.7092083333333,275.351075,34.35814166666667,428.97892083333335,120.81575416666668,20.3882625,100.42750000000001,64.36312916666667,0.9861
-1.3821398259999795,29.671499001000008,2024-06-17T00:00:00Z,2024-06-17T00:00:00.0/2024-06-18T00:00:00.0,378.9628916666666,307.9952375,271.67980833333337,36.315441666666665,422.7628583333333,128.93904583333332,17.590133333333334,111.34890833333333,34.69510416666667,0.9861
-1.3821398259999795,29.671499001000008,2024-06-18T00:00:00Z,2024-06-18T00:00:00.0/2024-06-19T00:00:00.0,378.8391916666667,315.65360416666664,288.13555833333334,27.518033333333335,453.4237041666667,286.69521249999997,222.08357916666668,64.61163333333333,339.2831,0.9858
-1.3821398259999795,29.671499001000008,2024-06-19T00:00:00Z,2024-06-19T00:00:00.0/2024-06-20T00:00:00.0,378.7373875,314.454775,286.49794583333335,27.956837500000002,450.03731250000004,290.993875,229.84537916666667,61.148487499999995,369.27563333333336,0.9861
-1.3821398259999795,29.671499001000008,2024-06-20T00:00:00Z,2024-06-20T00:00:00.0/2024-06-21T00:00:00.0,378.6626791666667,314.35778750000003,286.08835833333336,28.269425,449.41414583333335,250.27205416666666,154.61001666666667,95.6620375,225.39178333333334,0.9861
-1.3821398259999795,29.671499001000008,2024-06-21T00:00:00Z,2024-06-21T00:00:00.0/2024-06-22T00:00:00.0,378.6130375,313.61421666666666,288.866475,24.747758333333334,457.0874416666666,168.87212083333333,44.23565,124.6364625,69.63447916666667,0.9861
-1.3821398259999795,29.671499001000008,2024-06-22T00:00:00Z,2024-06-22T00:00:00.0/2024-06-23T00:00:00.0,378.5905375,315.5519,290.77935833333333,24.77253333333333,460.52185000000003,209.4999375,77.42014583333334,132.07980416666666,117.97460000000001,0.9858
-1.3821398259999795,29.671499001000008,2024-06-23T00:00:00Z,2024-06-23T00:00:00.0/2024-06-24T00:00:00.0,378.5917541666667,315.54276666666664,290.0753583333333,25.4674125,459.0721416666667,234.776325,114.50239166666667,120.2739375,201.79516666666666,0.9858
-1.3821398259999795,29.671499001000008,2024-06-24T00:00:00Z,2024-06-24T00:00:00.0/2024-06-25T00:00:00.0,378.6168625,317.0206708333333,292.33569166666666,24.684974999999998,462.739625,276.04933750000004,202.42252499999998,73.6268125,301.1946625,0.9861
-1.3821398259999795,29.671499001000008,2024-06-25T00:00:00Z,2024-06-25T00:00:00.0/2024-06-26T00:00:00.0,378.6687,319.331175,295.7311416666667,23.6000375,468.94522916666665,307.09375,268.5402625,38.553495833333336,412.34566249999995,0.9861
-1.3821398259999795,29.671499001000008,2024-06-26T00:00:00Z,2024-06-26T00:00:00.0/2024-06-27T00:00:00.0,378.7453625,319.7558166666667,295.75211666666667,24.00369166666667,468.60066666666665,317.3563041666667,289.7469291666667,27.60938333333333,458.68632083333335,0.9861
-1.3821398259999795,29.671499001000008,2024-06-27T00:00:00Z,2024-06-27T00:00:00.0/2024-06-28T00:00:00.0,378.84904166666666,317.67985,292.2439166666667,25.435925,461.531575,302.6306375,252.78832916666667,49.84230416666667,399.87463333333335,0.9705
-1.3821398259999795,29.671499001000008,2024-06-28T00:00:00Z,2024-06-28T00:00:00.0/2024-06-29T00:00:00.0,378.9739583333333,315.74430416666667,287.80045416666667,27.94384583333333,452.37011666666666,237.060325,129.53859583333335,107.52172916666666,180.08060833333332,0.9865
-1.3821398259999795,29.671499001000008,2024-06-29T00:00:00Z,2024-06-29T00:00:00.0/2024-06-30T00:00:00.0,379.1256916666667,316.6628,289.9034625,26.759341666666668,455.85111666666666,274.19055,186.45652083333334,87.73402083333333,308.6455291666667,0.9865
-1.3821398259999795,29.671499001000008,2024-06-30T00:00:00Z,2024-06-30T00:00:00.0/2024-07-01T00:00:00.0,379.301675,317.68851666666666,291.2971791666667,26.391341666666666,458.56807499999996,288.6035166666667,231.43682916666668,57.16670833333333,336.117575,0.9865
-1.3821398259999795,29.671499001000008,2024-07-01T00:00:00Z,2024-07-01T00:00:00.0/2024-07-02T00:00:00.0,379.50158749999997,318.6998916666667,292.68042083333336,26.019458333333333,461.11055416666665,313.9838875,279.7719333333333,34.211958333333335,443.9315166666667,0.9865
-1.3821398259999795,29.671499001000008,2024-07-02T00:00:00Z,2024-07-02T00:00:00.0/2024-07-03T00:00:00.0,379.72774166666665,317.257875,288.61084166666666,28.647029166666666,452.18298333333337,261.70314583333334,123.61530416666666,138.08784166666666,215.7545375,0.9858
-1.3821398259999795,29.671499001000008,2024-07-03T00:00:00Z,2024-07-03T00:00:00.0/2024-07-04T00:00:00.0,379.97570833333333,318.017375,290.67097916666665,27.346395833333332,455.2390541666667,269.4658,210.6206875,58.8451125,312.0322875,0.9858
-1.3821398259999795,29.671499001000008,2024-07-04T00:00:00Z,2024-07-04T00:00:00.0/2024-07-05T00:00:00.0,380.245525,316.5957458333333,287.79329583333333,28.802445833333334,450.11230416666666,273.1575708333333,191.99379583333334,81.16378333333334,318.6221125,0.9861
-1.3821398259999795,29.671499001000008,2024-07-05T00:00:00Z,2024-07-05T00:00:00.0/2024-07-06T00:00:00.0,380.5402833333333,314.41434583333336,282.63562083333335,31.778720833333335,439.81604166666665,232.41943333333333,109.01587916666666,123.40355416666667,202.11743333333334,0.9861
-1.3821398259999795,29.671499001000008,2024-07-06T00:00:00Z,2024-07-06T00:00:00.0/2024-07-07T00:00:00.0,380.85762500000004,309.18886249999997,268.46854583333334,40.72031666666667,412.7833666666667,224.3612875,91.52256249999999,132.83872499999998,168.66770416666665,0.9861
-1.3821398259999795,29.671499001000008,2024-07-07T00:00:00Z,2024-07-07T00:00:00.0/2024-07-08T00:00:00.0,381.1994208333333,304.9017958333333,255.20469166666666,49.69709583333333,390.0259208333334,177.32835,69.99134166666667,107.33700416666666,112.86999583333333,0.9858
-1.3821398259999795,29.671499001000008,2024-07-08T00:00:00Z,2024-07-08T00:00:00.0/2024-07-09T00:00:00.0,381.56160416666665,308.03723333333335,265.24886250000003,42.788354166666664,408.6522625,184.67651249999997,58.297041666666665,126.37945416666668,87.44701250000001,0.9858
-1.3821398259999795,29.671499001000008,2024-07-09T00:00:00Z,2024-07-09T00:00:00.0/2024-07-10T00:00:00.0,381.9453125,308.487975,265.5247583333333,42.96321666666666,407.8414291666666,150.14961666666667,23.64164583333333,126.507975,48.36922083333334,0.9858
-1.3821398259999795,29.671499001000008,2024-07-10T00:00:00Z,2024-07-10T00:00:00.0/2024-07-11T00:00:00.0,382.3483083333333,307.62837916666666,262.83365833333335,44.79472916666666,402.34704583333337,187.47086666666667,56.790150000000004,130.68071666666665,117.5510375,0.9861
-1.3821398259999795,29.671499001000008,2024-07-11T00:00:00Z,2024-07-11T00:00:00.0/2024-07-12T00:00:00.0,382.77433333333335,314.6662,282.7048958333333,31.9612875,436.7804375,174.27172916666666,50.29844166666667,123.97329583333334,100.37191666666666,0.9861
-1.3821398259999795,29.671499001000008,2024-07-12T00:00:00Z,2024-07-12T00:00:00.0/2024-07-13T00:00:00.0,383.22054166666663,318.4993083333333,289.83082916666666,28.668470833333334,449.8991291666667,274.975625,179.57208333333332,95.40353333333333,271.3567083333333,0.9809
-1.3821398259999795,29.671499001000008,2024-07-13T00:00:00Z,2024-07-13T00:00:00.0/2024-07-14T00:00:00.0,383.68660416666665,319.3785,291.64263750000003,27.735854166666666,453.25285,218.82425833333332,119.3314125,99.49284999999999,222.193725,0.9861
-1.3821398259999795,29.671499001000008,2024-07-14T00:00:00Z,2024-07-14T00:00:00.0/2024-07-15T00:00:00.0,384.17423333333335,321.04095416666667,294.6757833333333,26.365170833333334,458.3903,242.84950833333335,138.9325375,103.9169625,219.6281958333333,0.9858
-1.3821398259999795,29.671499001000008,2024-07-15T00:00:00Z,2024-07-15T00:00:00.0/2024-07-16T00:00:00.0,384.6789125,317.2351291666667,283.2195625,34.01555833333333,436.30643749999996,199.4797166666667,87.03609166666666,112.443625,161.50811666666667,0.9858
-1.3821398259999795,29.671499001000008,2024-07-16T00:00:00Z,2024-07-16T00:00:00.0/2024-07-17T00:00:00.0,385.20198750000003,314.8417958333333,275.23510833333336,39.60669583333333,418.5177416666667,139.9624625,25.850695833333333,114.11177500000001,47.366150000000005,0.9858
-1.3821398259999795,29.671499001000008,2024-07-17T00:00:00Z,2024-07-17T00:00:00.0/2024-07-18T00:00:00.0,385.7428375,310.9730625,262.1706125,48.80245,395.3905833333333,251.0601,128.51894166666668,122.54116666666665,171.32529583333334,0.9858
-1.3821398259999795,29.671499001000008,2024-07-18T00:00:00Z,2024-07-18T00:00:00.0/2024-07-19T00:00:00.0,386.301025,314.80892083333333,271.53914583333335,43.269775,411.22082500000005,238.38647500000002,140.2977,98.088775,219.95690833333333,0.9858
-1.3821398259999795,29.671499001000008,2024-07-19T00:00:00Z,2024-07-19T00:00:00.0/2024-07-20T00:00:00.0,386.875975,310.73712083333334,259.90985,50.82725416666667,391.91642083333335,93.5060125,6.751008333333334,86.75500416666667,11.130954166666667,0.9858
-1.3821398259999795,29.671499001000008,2024-07-20T00:00:00Z,2024-07-20T00:00:00.0/2024-07-21T00:00:00.0,387.4672041666667,310.54498333333333,260.45912500000003,50.08584583333334,393.21883333333335,158.98829166666667,49.18802916666667,109.80026249999999,83.99502916666667,0.9858
-1.3821398259999795,29.671499001000008,2024-07-21T00:00:00Z,2024-07-21T00:00:00.0/2024-07-22T00:00:00.0,388.07409583333333,313.70517916666665,270.91125416666665,42.793933333333335,409.22676666666666,123.4891875,13.605895833333333,109.8833,18.645229166666667,0.9858
-1.3821398259999795,29.671499001000008,2024-07-22T00:00:00Z,2024-07-22T00:00:00.0/2024-07-23T00:00:00.0,388.6960875,312.98616666666663,269.6715708333333,43.314591666666665,407.6309416666666,132.68134583333332,16.7097,115.9716375,30.508120833333333,0.9858
-1.3821398259999795,29.671499001000008,2024-07-23T00:00:00Z,2024-07-23T00:00:00.0/2024-07-24T00:00:00.0,389.332725,322.4423,289.34135,33.100945833333334,440.55570416666666,249.83443333333332,124.78701666666666,125.04740416666668,214.56740416666665,0.9858
-1.3821398259999795,29.671499001000008,2024-07-24T00:00:00Z,2024-07-24T00:00:00.0/2024-07-25T00:00:00.0,389.98323750000003,326.7005,297.3300791666667,29.3704125,454.97375416666665,278.6494333333333,152.2046,126.44483333333334,260.30547916666666,0.9858
-1.3821398259999795,29.671499001000008,2024-07-25T00:00:00Z,2024-07-25T00:00:00.0/2024-07-26T00:00:00.0,390.6470541666667,325.26477083333333,293.89672916666666,31.36804583333333,448.5922458333334,272.013775,213.30008750000002,58.71369583333333,303.3556916666667,0.9858
-1.3821398259999795,29.671499001000008,2024-07-26T00:00:00Z,2024-07-26T00:00:00.0/2024-07-27T00:00:00.0,391.32360833333337,320.23571666666663,279.85290416666663,40.382820833333334,420.6461583333333,165.04511666666667,63.145075,101.90003333333334,95.41792916666667,0.9858
-1.3821398259999795,29.671499001000008,2024-07-27T00:00:00Z,2024-07-27T00:00:00.0/2024-07-28T00:00:00.0,392.0122875,312.9956875,259.91630000000004,53.079395833333336,384.43867916666665,200.52650833333334,122.51965416666667,78.00685,186.59503333333336,0.9858
-1.3821398259999795,29.671499001000008,2024-07-28T00:00:00Z,2024-07-28T00:00:00.0/2024-07-29T00:00:00.0,392.71240416666666,314.66937083333335,263.41294166666665,51.256437500000004,389.7012541666666,273.62785,202.01324583333334,71.61460833333334,272.54475833333333,0.9858
-1.3821398259999795,29.671499001000008,2024-07-29T00:00:00Z,2024-07-29T00:00:00.0/2024-07-30T00:00:00.0,393.42334166666666,310.90321666666665,252.61509166666667,58.28812083333333,371.4438083333334,174.31724166666666,82.737325,91.57991666666668,128.52631666666667,0.9858
-1.3821398259999795,29.671499001000008,2024-07-30T00:00:00Z,2024-07-30T00:00:00.0/2024-07-31T00:00:00.0,394.14445,312.676475,256.4604083333333,56.2160625,378.22477083333337,210.83837916666667,65.03412916666666,145.80425,91.70404166666667,0.9858
-1.3821398259999795,29.671499001000008,2024-07-31T00:00:00Z,2024-07-31T00:00:00.0/2024-08-01T00:00:00.0,394.875,316.8233833333333,269.7539458333333,47.069433333333336,400.66695,190.50929583333334,44.50189583333333,146.00740416666667,75.27922916666667,0.9858
-1.3821398259999795,29.671499001000008,2024-08-01T00:00:00Z,2024-08-01T00:00:00.0/2024-08-02T00:00:00.0,395.6144208333333,323.01320416666664,286.142375,36.87082083333333,427.30322083333334,180.85784999999998,82.9054625,97.95238333333333,169.73472916666665,0.9858
-1.3821398259999795,29.671499001000008,2024-08-02T00:00:00Z,2024-08-02T00:00:00.0/2024-08-03T00:00:00.0,396.36189583333334,325.6237,290.5412375,35.08245,434.5284833333333,242.65099999999998,125.11049583333333,117.54051666666668,175.01997916666667,0.9858
-1.3821398259999795,29.671499001000008,2024-08-03T00:00:00Z,2024-08-03T00:00:00.0/2024-08-04T00:00:00.0,397.11682083333335,330.046875,299.99342916666666,30.053449999999998,451.78950833333334,311.40565833333335,257.71695833333337,53.688695833333334,383.29357916666663,0.9806
-1.3821398259999795,29.671499001000008,2024-08-04T00:00:00Z,2024-08-04T00:00:00.0/2024-08-05T00:00:00.0,397.87850000000003,331.10147916666665,298.39876250000003,32.70271666666667,447.03360833333335,298.3435875,231.76544166666667,66.57815000000001,350.55765833333334,0.9858
-1.3821398259999795,29.671499001000008,2024-08-05T00:00:00Z,2024-08-05T00:00:00.0/2024-08-06T00:00:00.0,398.64807083333335,330.52160833333335,296.48474166666665,34.03687083333333,442.35135833333334,300.72735416666666,236.97511666666665,63.7522375,366.54280416666666,0.9802
-1.3821398259999795,29.671499001000008,2024-08-06T00:00:00Z,2024-08-06T00:00:00.0/2024-08-07T00:00:00.0,399.4215916666667,332.0845125,296.5999125,35.484587499999996,441.63163333333335,325.3998833333333,282.8433625,42.556533333333334,408.3396,0.9854
-1.3821398259999795,29.671499001000008,2024-08-07T00:00:00Z,2024-08-07T00:00:00.0/2024-08-08T00:00:00.0,400.1997083333333,330.05602916666663,294.211425,35.844625,436.34240833333337,324.2131541666667,282.70194583333335,41.51121666666666,414.9296875,0.9854
-1.3821398259999795,29.671499001000008,2024-08-08T00:00:00Z,2024-08-08T00:00:00.0/2024-08-09T00:00:00.0,400.9817708333333,331.86179583333336,296.75325416666664,35.10852916666666,440.514975,265.82940833333333,157.97347916666666,107.8559375,247.43943333333334,0.9854
-1.3821398259999795,29.671499001000008,2024-08-09T00:00:00Z,2024-08-09T00:00:00.0/2024-08-10T00:00:00.0,401.7670083333333,330.27618333333334,294.10211250000003,36.174083333333336,435.5721416666667,259.37115416666666,151.0964875,108.27465833333333,205.40857083333333,0.9854
-1.3821398259999795,29.671499001000008,2024-08-10T00:00:00Z,2024-08-10T00:00:00.0/2024-08-11T00:00:00.0,402.5547291666667,328.15327916666666,290.417825,37.73545416666666,429.0571708333334,95.88495,10.5085,85.37644583333334,31.716966666666664,0.9854
-1.3821398259999795,29.671499001000008,2024-08-11T00:00:00Z,2024-08-11T00:00:00.0/2024-08-12T00:00:00.0,403.3425291666667,329.2182833333333,291.9082833333333,37.310008333333336,430.1106375,241.21435416666668,130.3987625,110.81559166666666,197.12154166666667,0.9858
-1.3821398259999795,29.671499001000008,2024-08-12T00:00:00Z,2024-08-12T00:00:00.0/2024-08-13T00:00:00.0,404.13627083333336,330.00875,291.577475,38.431270833333336,429.12560833333333,211.44441666666668,107.56755416666665,103.8768625,134.465025,0.9854
-1.3821398259999795,29.671499001000008,2024-08-13T00:00:00Z,2024-08-13T00:00:00.0/2024-08-14T00:00:00.0,404.9285875,330.05216666666666,285.5897,44.462475000000005,419.24336666666665,198.11324166666668,142.766225,55.34701666666667,208.98266666666666,0.9854
-1.3821398259999795,29.671499001000008,2024-08-14T00:00:00Z,2024-08-14T00:00:00.0/2024-08-15T00:00:00.0,405.7206208333334,329.71824166666664,286.39951666666667,43.318729166666664,419.0297041666667,141.6711125,22.887945833333333,118.7831625,28.935745833333332,0.9854
-1.3821398259999795,29.671499001000008,2024-08-15T00:00:00Z,2024-08-15T00:00:00.0/2024-08-16T00:00:00.0,406.5116791666667,331.19486666666666,289.8158375,41.37902916666667,421.7146,162.60694583333333,29.321054166666666,133.2859,37.8843625,0.9854
-1.3821398259999795,29.671499001000008,2024-08-16T00:00:00Z,2024-08-16T00:00:00.0/2024-08-17T00:00:00.0,407.30334583333337,328.4042958333333,278.1622125,50.2420875,402.92614583333335,195.9471625,69.69292083333333,126.25424166666666,104.40853750000001,0.9851
-1.3821398259999795,29.671499001000008,2024-08-17T00:00:00Z,2024-08-17T00:00:00.0/2024-08-18T00:00:00.0,408.0896,334.37910833333336,297.20835416666665,37.17075416666667,436.17057500000004,179.34289583333336,44.250370833333335,135.09252083333334,59.91132916666667,0.9229
-1.3821398259999795,29.671499001000008,2024-08-18T00:00:00Z,2024-08-18T00:00:00.0/2024-08-19T00:00:00.0,408.87536666666665,336.64029999999997,301.83492083333334,34.805370833333335,442.2460541666667,188.9775375,64.48519583333334,124.49232916666666,127.1952625,0.9854
-1.3821398259999795,29.671499001000008,2024-08-19T00:00:00Z,2024-08-19T00:00:00.0/2024-08-20T00:00:00.0,409.6575125,337.6967583333333,299.5338125,38.162954166666665,436.915325,302.43322916666665,206.04437083333335,96.38885416666666,317.27209583333337,0.9854
-1.3821398259999795,29.671499001000008,2024-08-20T00:00:00Z,2024-08-20T00:00:00.0/2024-08-21T00:00:00.0,410.437825,338.4670208333333,298.78908333333334,39.677933333333335,435.79337499999997,262.71632916666664,166.33329166666667,96.3830375,273.1498208333333,0.9851
-1.3821398259999795,29.671499001000008,2024-08-21T00:00:00Z,2024-08-21T00:00:00.0/2024-08-22T00:00:00.0,411.21179166666667,336.0436416666667,293.36130833333334,42.682337499999996,424.95446666666663,106.17286250000001,19.205979166666665,86.9668875,24.139533333333333,0.9851
-1.3821398259999795,29.671499001000008,2024-08-22T00:00:00Z,2024-08-22T00:00:00.0/2024-08-23T00:00:00.0,411.9787208333333,332.0139375,283.64534583333335,48.3685875,406.81030416666664,101.340425,5.6135375,95.72688749999999,8.207841666666667,0.9858
-1.3821398259999795,29.671499001000008,2024-08-23T00:00:00Z,2024-08-23T00:00:00.0/2024-08-24T00:00:00.0,412.7417791666667,335.0325708333333,288.56711666666666,46.46545416666667,415.16105,315.7447916666667,249.50825833333332,66.23652083333333,337.76534166666664,0.9858
-1.3821398259999795,29.671499001000008,2024-08-24T00:00:00Z,2024-08-24T00:00:00.0/2024-08-25T00:00:00.0,413.50117916666665,337.84729166666665,293.668375,44.178920833333336,423.07312083333335,222.54315,95.66699166666666,126.87615,133.45943333333335,0.9854
-1.3821398259999795,29.671499001000008,2024-08-25T00:00:00Z,2024-08-25T00:00:00.0/2024-08-26T00:00:00.0,414.25113749999997,340.01235,299.269125,40.7432375,432.8382583333334,231.56795416666668,151.6205125,79.94742916666667,184.4191708333333,0.9854
-1.3821398259999795,29.671499001000008,2024-08-26T00:00:00Z,2024-08-26T00:00:00.0/2024-08-27T00:00:00.0,414.99133333333333,339.19065416666666,297.17346249999997,42.01719583333333,426.765625,213.94574166666666,86.7507125,127.19502916666666,132.39716666666666,0.9854
-1.3821398259999795,29.671499001000008,2024-08-27T00:00:00Z,2024-08-27T00:00:00.0/2024-08-28T00:00:00.0,415.7285166666666,341.2677208333333,303.2286583333333,38.03904583333333,438.46745000000004,209.74235,64.595575,145.14677083333333,97.61841666666668,0.9851
-1.3821398259999795,29.671499001000008,2024-08-28T00:00:00Z,2024-08-28T00:00:00.0/2024-08-29T00:00:00.0,416.45475416666665,343.5139583333333,310.07236666666665,33.44157083333334,450.5181875,199.85459583333332,74.42426666666667,125.43032916666668,109.43544583333333,0.9851
-1.3821398259999795,29.671499001000008,2024-08-29T00:00:00Z,2024-08-29T00:00:00.0/2024-08-30T00:00:00.0,417.1711833333333,344.9056791666667,313.8001083333333,31.10559166666667,456.66125416666665,140.92528333333334,25.546566666666667,115.37872499999999,40.84847916666667,0.9851
-1.3821398259999795,29.671499001000008,2024-08-30T00:00:00Z,2024-08-30T00:00:00.0/2024-08-31T00:00:00.0,417.87857916666667,346.0015458333333,314.67850833333335,31.323016666666664,457.64555,202.65700416666667,65.16965833333333,137.48733333333334,84.4812875,0.9851
-1.3821398259999795,29.671499001000008,2024-08-31T00:00:00Z,2024-08-31T00:00:00.0/2024-09-01T00:00:00.0,418.5760083333333,348.2880875,321.4881375,26.799933333333332,470.0271,187.63185833333333,50.9991,136.63276249999998,83.58387083333334,0.9851
-1.3821398259999795,29.671499001000008,2024-09-01T00:00:00Z,2024-09-01T00:00:00.0/2024-09-02T00:00:00.0,419.26184166666667,348.02705833333334,319.1848333333333,28.842200000000002,464.40124583333335,211.23990833333335,59.860733333333336,151.37917083333335,86.39757083333335,0.9851
-1.3821398259999795,29.671499001000008,2024-09-02T00:00:00Z,2024-09-02T00:00:00.0/2024-09-03T00:00:00.0,419.9387625,346.96826250000004,313.27115833333335,33.697095833333336,452.60461250000003,237.6650791666667,110.45530000000001,127.20977916666668,161.51636666666667,0.9847
-1.3821398259999795,29.671499001000008,2024-09-03T00:00:00Z,2024-09-03T00:00:00.0/2024-09-04T00:00:00.0,420.6003,347.5734875,314.1357208333333,33.437758333333335,452.5219333333334,185.83449166666665,59.84297083333333,125.99151666666667,76.11630833333334,0.9851
-1.3821398259999795,29.671499001000008,2024-09-04T00:00:00Z,2024-09-04T00:00:00.0/2024-09-05T00:00:00.0,421.25292916666666,344.9248875,305.0411583333333,39.88372916666667,436.7782375,155.88677083333332,24.61672916666667,131.27004166666669,35.40079166666667,0.9847
-1.3821398259999795,29.671499001000008,2024-09-05T00:00:00Z,2024-09-05T00:00:00.0/2024-09-06T00:00:00.0,421.891275,346.6765541666667,310.9509083333333,35.72562916666667,446.8141666666667,162.0293875,49.4573375,112.57204166666666,74.283325,0.9847
-1.3821398259999795,29.671499001000008,2024-09-06T00:00:00Z,2024-09-06T00:00:00.0/2024-09-07T00:00:00.0,422.5140791666667,349.0562333333333,317.7131958333333,31.34305,458.82466666666664,169.16710416666666,67.49237916666667,101.67472500000001,81.81711666666666,0.9851
-1.3821398259999795,29.671499001000008,2024-09-07T00:00:00Z,2024-09-07T00:00:00.0/2024-09-08T00:00:00.0,423.1274833333334,348.79597916666665,315.07948749999997,33.7165,452.77490416666666,126.7261875,20.249804166666667,106.47637916666667,29.764120833333333,0.9847
-1.3821398259999795,29.671499001000008,2024-09-08T00:00:00Z,2024-09-08T00:00:00.0/2024-09-09T00:00:00.0,423.7247333333333,350.856975,320.07775833333335,30.7792,461.49808750000005,149.96930833333332,41.699508333333334,108.26979583333333,62.9627125,0.9847
-1.3821398259999795,29.671499001000008,2024-09-09T00:00:00Z,2024-09-09T00:00:00.0/2024-09-10T00:00:00.0,424.30477083333335,352.59012916666666,321.35494166666666,31.23517916666667,463.0159083333333,195.8295916666667,96.86055416666666,98.96904583333333,172.56262083333334,0.9851
-1.3821398259999795,29.671499001000008,2024-09-10T00:00:00Z,2024-09-10T00:00:00.0/2024-09-11T00:00:00.0,424.8751208333333,350.15108333333336,314.4637875,35.687287500000004,450.48689583333334,192.80599166666664,73.47419583333333,119.33179583333333,103.34520416666668,0.9847
-1.3821398259999795,29.671499001000008,2024-09-11T00:00:00Z,2024-09-11T00:00:00.0/2024-09-12T00:00:00.0,425.42744999999996,352.7842625,322.37585416666667,30.408424999999998,464.38708333333335,297.45267916666666,199.02795416666666,98.42473333333334,269.3450125,0.9847
-1.3821398259999795,29.671499001000008,2024-09-12T00:00:00Z,2024-09-12T00:00:00.0/2024-09-13T00:00:00.0,425.9635416666667,356.96610416666664,329.8244,27.141704166666667,476.7753916666666,321.74110833333333,244.15147083333332,77.589625,365.7886541666667,0.9847
-1.3821398259999795,29.671499001000008,2024-09-13T00:00:00Z,2024-09-13T00:00:00.0/2024-09-14T00:00:00.0,426.485025,356.64505833333334,326.29482083333335,30.350245833333332,469.41325,321.25065,214.80940833333332,106.44124166666667,303.79528750000003,0.9847
-1.3821398259999795,29.671499001000008,2024-09-14T00:00:00Z,2024-09-14T00:00:00.0/2024-09-15T00:00:00.0,426.98913749999997,358.64574999999996,331.41855833333335,27.2272,478.3059083333333,321.1136875,236.12986249999997,84.98382083333333,357.01570833333335,0.9847
-1.3821398259999795,29.671499001000008,2024-09-15T00:00:00Z,2024-09-15T00:00:00.0/2024-09-16T00:00:00.0,427.4785958333334,359.7897125,332.21909583333337,27.570604166666666,479.24194166666666,346.5684833333333,290.1882125,56.38027916666667,390.0058583333334,0.9844
-1.3821398259999795,29.671499001000008,2024-09-16T00:00:00Z,2024-09-16T00:00:00.0/2024-09-17T00:00:00.0,427.9477541666667,354.88147083333337,321.3561,33.5253875,459.16857916666663,266.8374625,157.11432083333332,109.72313333333334,245.69675833333335,0.9847
-1.3821398259999795,29.671499001000008,2024-09-17T00:00:00Z,2024-09-17T00:00:00.0/2024-09-18T00:00:00.0,428.4029958333333,348.49882083333335,302.7769375,45.72185416666667,427.66357500000004,204.31030416666667,76.49525416666667,127.81504166666667,127.40536666666667,0.9844
-1.3821398259999795,29.671499001000008,2024-09-18T00:00:00Z,2024-09-18T00:00:00.0/2024-09-19T00:00:00.0,428.83902916666665,350.30322083333334,308.53897916666665,41.764245833333334,436.84464583333335,229.5307625,147.2692375,82.26152083333334,219.24904583333333,0.9844
-1.3821398259999795,29.671499001000008,2024-09-19T00:00:00Z,2024-09-19T00:00:00.0/2024-09-20T00:00:00.0,429.2553291666666,351.96822083333336,313.38272916666665,38.58550416666667,445.4425458333333,183.173725,40.316879166666666,142.85684166666667,73.68396666666666,0.9847
-1.3821398259999795,29.671499001000008,2024-09-20T00:00:00Z,2024-09-20T00:00:00.0/2024-09-21T00:00:00.0,429.6577958333333,350.86674166666666,309.9888916666667,40.87785833333333,441.40625,136.6491375,43.31729166666667,93.3318375,81.39271666666666,0.9844
-1.3821398259999795,29.671499001000008,2024-09-21T00:00:00Z,2024-09-21T00:00:00.0/2024-09-22T00:00:00.0,430.03967083333333,355.42744999999996,325.97835416666663,29.449083333333334,467.7553708333333,133.34967083333333,23.980945833333333,109.368725,60.040124999999996,0.9844
-1.3821398259999795,29.671499001000008,2024-09-22T00:00:00Z,2024-09-22T00:00:00.0/2024-09-23T00:00:00.0,430.4031166666667,355.4151625,323.03525833333333,32.379912499999996,462.35111666666666,142.79785,12.3622625,130.4355875,15.461508333333333,0.9844
-1.3821398259999795,29.671499001000008,2024-09-23T00:00:00Z,2024-09-23T00:00:00.0/2024-09-24T00:00:00.0,430.74882083333335,356.81535,324.36004583333334,32.455308333333335,465.0122875,218.2698375,65.67284166666667,152.59700416666666,108.51901249999999,0.9844
-1.3821398259999795,29.671499001000008,2024-09-24T00:00:00Z,2024-09-24T00:00:00.0/2024-09-25T00:00:00.0,431.07474583333334,357.8835875,320.31312916666667,37.57044583333333,455.77624583333335,293.5999125,204.41866249999998,89.18124583333334,293.63879583333335,0.9844
-1.3821398259999795,29.671499001000008,2024-09-25T00:00:00Z,2024-09-25T00:00:00.0/2024-09-26T00:00:00.0,431.38220416666667,353.39013750000004,313.36781666666667,40.0223,444.3998625,197.31213333333335,63.163241666666664,134.14888333333332,98.41042083333333,0.9844
-1.3821398259999795,29.671499001000008,2024-09-26T00:00:00Z,2024-09-26T00:00:00.0/2024-09-27T00:00:00.0,431.6711,355.7137041666667,318.8404541666667,36.8732625,452.20149583333335,263.5045375,135.154075,128.3504625,223.71545416666666,0.9844
-1.3821398259999795,29.671499001000008,2024-09-27T00:00:00Z,2024-09-27T00:00:00.0/2024-09-28T00:00:00.0,431.9399416666667,355.64225416666665,318.2496125,37.39262083333333,452.8050958333333,267.4162,152.49935,114.91685833333334,235.990825,0.9844
-1.3821398259999795,29.671499001000008,2024-09-28T00:00:00Z,2024-09-28T00:00:00.0/2024-09-29T00:00:00.0,432.19014583333336,354.8450125,315.9048666666667,38.940158333333336,448.1193458333333,227.0602625,93.066825,133.9934375,136.664325,0.9847
-1.3821398259999795,29.671499001000008,2024-09-29T00:00:00Z,2024-09-29T00:00:00.0/2024-09-30T00:00:00.0,432.42138750000004,351.83243749999997,309.3871666666667,42.4452875,437.6815166666667,144.71815833333332,26.208537500000002,118.50962500000001,40.375949999999996,0.9847
-1.3821398259999795,29.671499001000008,2024-09-30T00:00:00Z,2024-09-30T00:00:00.0/2024-10-01T00:00:00.0,432.6346416666667,349.84521666666666,302.40224166666667,47.44296666666667,425.5661625,167.6464125,39.86053333333333,127.78587916666667,51.366125000000004,0.9844
-1.3821398259999795,29.671499001000008,2024-10-01T00:00:00Z,2024-10-01T00:00:00.0/2024-10-02T00:00:00.0,432.82698750000003,347.6815583333334,295.11071666666663,52.5708375,416.07283333333334,152.76642916666665,53.273824999999995,99.49260416666668,76.63310833333334,0.9844
-1.3821398259999795,29.671499001000008,2024-10-02T00:00:00Z,2024-10-02T00:00:00.0/2024-10-03T00:00:00.0,432.9978833333333,356.51587083333334,323.39382083333334,33.12207083333333,463.31363749999997,192.62032083333335,46.721983333333334,145.89834583333334,62.02153333333334,0.9844
-1.3821398259999795,29.671499001000008,2024-10-03T00:00:00Z,2024-10-03T00:00:00.0/2024-10-04T00:00:00.0,433.15356249999996,356.4662666666666,320.37213333333335,36.09413333333333,457.32519583333334,119.30037499999999,9.095329166666668,110.20504583333333,21.945020833333334,0.984
-1.3821398259999795,29.671499001000008,2024-10-04T00:00:00Z,2024-10-04T00:00:00.0/2024-10-05T00:00:00.0,433.28804583333334,363.37264166666665,333.8705458333333,29.50210416666667,480.61584583333337,331.26027500000004,245.34370833333332,85.91656666666667,357.96455833333334,0.984
-1.3821398259999795,29.671499001000008,2024-10-05T00:00:00Z,2024-10-05T00:00:00.0/2024-10-06T00:00:00.0,433.4025875,361.85974166666665,330.28480833333333,31.574941666666664,474.27905416666664,220.867125,78.36806666666666,142.4990625,116.7500625,0.984
-1.3821398259999795,29.671499001000008,2024-10-06T00:00:00Z,2024-10-06T00:00:00.0/2024-10-07T00:00:00.0,433.4989,355.24747916666666,315.88629166666664,39.3611875,450.1636541666667,171.32928333333334,55.28277083333333,116.04652083333333,66.31644583333333,0.984
-1.3821398259999795,29.671499001000008,2024-10-07T00:00:00Z,2024-10-07T00:00:00.0/2024-10-08T00:00:00.0,433.5762958333333,355.34997500000003,317.9671416666667,37.38282916666667,454.6352541666667,123.73898333333334,9.825125,113.91385833333334,23.069824999999998,0.984
-1.3821398259999795,29.671499001000008,2024-10-08T00:00:00Z,2024-10-08T00:00:00.0/2024-10-09T00:00:00.0,433.63415416666663,356.7664,323.67195833333335,33.094433333333335,465.68957500000005,106.34471666666667,10.481937499999999,95.86277083333333,27.938633333333332,0.984
-1.3821398259999795,29.671499001000008,2024-10-09T00:00:00Z,2024-10-09T00:00:00.0/2024-10-10T00:00:00.0,433.67505,359.29732083333334,328.5963125,30.70102083333333,474.1262625,130.1345125,14.519654166666667,115.61485833333334,25.722058333333333,0.9837
-1.3821398259999795,29.671499001000008,2024-10-10T00:00:00Z,2024-10-10T00:00:00.0/2024-10-11T00:00:00.0,433.6945,358.2102041666667,325.2949208333333,32.91529583333333,467.7419041666667,142.39836666666667,24.726691666666667,117.67168333333332,43.8807,0.984
-1.3821398259999795,29.671499001000008,2024-10-11T00:00:00Z,2024-10-11T00:00:00.0/2024-10-12T00:00:00.0,433.69710416666663,357.26570833333335,323.64442916666667,33.62125833333334,465.3599458333333,100.53710833333334,8.336095833333333,92.20102083333335,23.337383333333335,0.984
-1.3821398259999795,29.671499001000008,2024-10-12T00:00:00Z,2024-10-12T00:00:00.0/2024-10-13T00:00:00.0,433.6810708333333,357.86499166666664,325.40523333333334,32.45975416666666,468.3607583333333,164.82959166666666,31.110087500000002,133.71950416666667,59.54869166666666,0.984
-1.3821398259999795,29.671499001000008,2024-10-13T00:00:00Z,2024-10-13T00:00:00.0/2024-10-14T00:00:00.0,433.64977916666663,361.5664875,335.3729666666667,26.193529166666664,487.62785,317.9140625,225.05847083333333,92.85559166666667,314.6819041666667,0.9837
-1.3821398259999795,29.671499001000008,2024-10-14T00:00:00Z,2024-10-14T00:00:00.0/2024-10-15T00:00:00.0,433.59643750000004,361.88334166666664,333.71588333333335,28.167470833333336,483.68159999999995,233.15926249999998,82.76807083333334,150.39119583333334,122.4321375,0.984
-1.3821398259999795,29.671499001000008,2024-10-15T00:00:00Z,2024-10-15T00:00:00.0/2024-10-16T00:00:00.0,433.5280375,360.21919583333334,328.61486666666667,31.604320833333333,475.026775,182.66414583333335,77.84406666666666,104.82006666666666,177.622825,0.9788
-1.3821398259999795,29.671499001000008,2024-10-16T00:00:00Z,2024-10-16T00:00:00.0/2024-10-17T00:00:00.0,433.44437500000004,357.700275,319.87900833333333,37.821266666666666,459.12325000000004,157.78702916666666,41.1323625,116.65466249999999,78.15018333333333,0.9785
-1.3821398259999795,29.671499001000008,2024-10-17T00:00:00Z,2024-10-17T00:00:00.0/2024-10-18T00:00:00.0,433.3423666666667,356.06014166666665,317.056375,39.00375833333333,457.81379999999996,225.68577083333332,62.25700833333334,163.4287625,97.50501666666666,0.9837
-1.3821398259999795,29.671499001000008,2024-10-18T00:00:00Z,2024-10-18T00:00:00.0/2024-10-19T00:00:00.0,433.22355,358.15515,322.91935416666666,35.23580833333333,465.9160166666666,127.99788333333333,26.565008333333335,101.43288333333334,49.773895833333334,0.9837
-1.3821398259999795,29.671499001000008,2024-10-19T00:00:00Z,2024-10-19T00:00:00.0/2024-10-20T00:00:00.0,433.0884208333334,356.0799958333334,314.8832208333333,41.19679166666666,454.28637499999996,154.32959166666666,24.0419375,130.28765,45.055958333333336,0.9837
-1.3821398259999795,29.671499001000008,2024-10-20T00:00:00Z,2024-10-20T00:00:00.0/2024-10-21T00:00:00.0,432.93729583333334,357.17155,324.68613750000003,32.48542083333333,468.47538333333335,116.51505416666667,8.6184375,107.89661666666666,20.3508625,0.9837
-1.3821398259999795,29.671499001000008,2024-10-21T00:00:00Z,2024-10-21T00:00:00.0/2024-10-22T00:00:00.0,432.7717291666667,356.72522083333337,322.8373625,33.887862500000004,468.7579333333333,167.5496,60.97775416666667,106.57185,143.8434875,0.9837
-1.3821398259999795,29.671499001000008,2024-10-22T00:00:00Z,2024-10-22T00:00:00.0/2024-10-23T00:00:00.0,432.5913083333333,358.5286458333333,330.5324083333333,27.996237500000003,482.4132875,185.17578333333333,61.31073333333333,123.86504166666667,124.083475,0.9837
-1.3821398259999795,29.671499001000008,2024-10-23T00:00:00Z,2024-10-23T00:00:00.0/2024-10-24T00:00:00.0,432.39619999999996,360.01965416666667,332.203125,27.816558333333333,486.643025,227.7712,119.43272916666666,108.33845833333334,228.18143750000002,0.9837
-1.3821398259999795,29.671499001000008,2024-10-24T00:00:00Z,2024-10-24T00:00:00.0/2024-10-25T00:00:00.0,432.1869291666667,358.19234166666666,328.49277916666665,29.699550000000002,480.06607916666667,155.83305833333333,50.592504166666664,105.24055,75.97246249999999,0.9837
-1.3821398259999795,29.671499001000008,2024-10-25T00:00:00Z,2024-10-25T00:00:00.0/2024-10-26T00:00:00.0,431.96398750000003,358.93330833333334,329.5149125,29.41841666666667,482.6029875,207.50329583333334,58.268791666666665,149.23450833333334,99.75985833333334,0.9837
-1.3821398259999795,29.671499001000008,2024-10-26T00:00:00Z,2024-10-26T00:00:00.0/2024-10-27T00:00:00.0,431.72790416666663,359.5935875,332.2557791666667,27.3378125,488.2011291666667,188.20086666666668,46.373754166666664,141.82711666666668,76.69139583333333,0.9837
-1.3821398259999795,29.671499001000008,2024-10-27T00:00:00Z,2024-10-27T00:00:00.0/2024-10-28T00:00:00.0,431.48168749999996,358.1118166666667,327.43764166666665,30.67415,479.27774999999997,212.6750708333333,88.59503333333333,124.08002916666668,172.6759625,0.9833
-1.3821398259999795,29.671499001000008,2024-10-28T00:00:00Z,2024-10-28T00:00:00.0/2024-10-29T00:00:00.0,431.221475,358.4440916666667,328.56998749999997,29.8740875,481.5419125,188.91243333333333,59.905991666666665,129.00645,118.15715416666666,0.9833
-1.3821398259999795,29.671499001000008,2024-10-29T00:00:00Z,2024-10-29T00:00:00.0/2024-10-30T00:00:00.0,430.9497083333333,359.09977083333337,331.97642083333335,27.123358333333332,490.049275,224.86132916666668,124.10523333333333,100.75609166666668,246.09487083333332,0.9833
-1.3821398259999795,29.671499001000008,2024-10-30T00:00:00Z,2024-10-30T00:00:00.0/2024-10-31T00:00:00.0,430.667075,358.4115791666666,329.73378333333335,28.677766666666667,486.00805833333334,247.14780833333336,117.043975,130.10382083333334,225.07482916666666,0.9833
-1.3821398259999795,29.671499001000008,2024-10-31T00:00:00Z,2024-10-31T00:00:00.0/2024-11-01T00:00:00.0,430.37414583333333,357.57926249999997,326.86852916666663,30.710737499999997,481.55773750000003,112.13092083333333,7.315670833333333,104.81524583333334,19.967141666666667,0.9833
-1.3821398259999795,29.671499001000008,2024-11-01T00:00:00Z,2024-11-01T00:00:00.0/2024-11-02T00:00:00.0,430.07149166666665,354.5089125,318.75215833333334,35.75676666666667,469.35380000000004,100.25190416666668,13.900475,86.35142916666666,36.144041666666666,0.9833
-1.3821398259999795,29.671499001000008,2024-11-02T00:00:00Z,2024-11-02T00:00:00.0/2024-11-03T00:00:00.0,429.7598083333333,355.28462916666666,324.2975875,30.987020833333332,478.90287083333334,188.26188333333334,51.1728125,137.08906249999998,87.26439583333332,0.9833
-1.3821398259999795,29.671499001000008,2024-11-03T00:00:00Z,2024-11-03T00:00:00.0/2024-11-04T00:00:00.0,429.43973750000004,356.6942125,328.14435,28.549850000000003,486.8725583333333,196.58394166666668,72.53525833333333,124.04869583333334,108.51184166666667,0.9833
-1.3821398259999795,29.671499001000008,2024-11-04T00:00:00Z,2024-11-04T00:00:00.0/2024-11-05T00:00:00.0,429.11189583333334,357.6390791666667,328.8341666666667,28.8049125,488.1096583333333,207.06508333333332,51.653275,155.41180416666666,82.49649583333333,0.9833
-1.3821398259999795,29.671499001000008,2024-11-05T00:00:00Z,2024-11-05T00:00:00.0/2024-11-06T00:00:00.0,428.77693750000003,356.1442875,325.56508333333335,30.579175000000003,481.70963333333333,161.26949166666665,35.549304166666666,125.72018333333334,55.95017083333334,0.9833
-1.3821398259999795,29.671499001000008,2024-11-06T00:00:00Z,2024-11-06T00:00:00.0/2024-11-07T00:00:00.0,428.43558750000005,354.3827708333333,325.28566666666666,29.0970875,483.3072916666667,160.22135416666666,57.915820833333335,102.30553333333334,103.21491666666667,0.9833
-1.3821398259999795,29.671499001000008,2024-11-07T00:00:00Z,2024-11-07T00:00:00.0/2024-11-08T00:00:00.0,428.08845833333334,354.21057083333335,327.14410416666664,27.066483333333334,488.3658041666667,87.89090833333334,15.951554166666668,71.9393625,55.30882916666667,0.9833
-1.3821398259999795,29.671499001000008,2024-11-08T00:00:00Z,2024-11-08T00:00:00.0/2024-11-09T00:00:00.0,427.7362458333334,354.0963541666667,327.61578333333335,26.48057916666667,489.968425,185.8362,55.81525833333333,130.02095416666666,90.87375833333334,0.9833
-1.3821398259999795,29.671499001000008,2024-11-09T00:00:00Z,2024-11-09T00:00:00.0/2024-11-10T00:00:00.0,427.3796375,356.0531833333334,330.5564583333333,25.4967375,495.2758791666667,301.7773833333333,204.0958875,97.6814875,301.0611791666667,0.9833
-1.3821398259999795,29.671499001000008,2024-11-10T00:00:00Z,2024-11-10T00:00:00.0/2024-11-11T00:00:00.0,427.0213208333333,353.1689875,323.426475,29.742529166666667,484.5699041666667,140.667675,24.293741666666666,116.37393333333334,62.394891666666666,0.983
-1.3821398259999795,29.671499001000008,2024-11-11T00:00:00Z,2024-11-11T00:00:00.0/2024-11-12T00:00:00.0,426.6585291666667,351.9449875,320.90389166666665,31.04110833333333,478.92659583333335,95.72436666666665,4.605666666666667,91.11870416666666,18.1484125,0.983
-1.3821398259999795,29.671499001000008,2024-11-12T00:00:00Z,2024-11-12T00:00:00.0/2024-11-13T00:00:00.0,426.29341666666664,353.81058750000005,328.73860833333333,25.071975,494.5133041666666,120.65423750000001,25.9013875,94.75285000000001,38.47587083333333,0.983
-1.3821398259999795,29.671499001000008,2024-11-13T00:00:00Z,2024-11-13T00:00:00.0/2024-11-14T00:00:00.0,425.926675,355.78999999999996,330.14512083333335,25.6448875,497.54142083333335,284.9447833333333,191.38181666666665,93.56296666666667,262.84362916666663,0.983
-1.3821398259999795,29.671499001000008,2024-11-14T00:00:00Z,2024-11-14T00:00:00.0/2024-11-15T00:00:00.0,425.55895833333335,352.1178791666667,322.2329916666667,29.88489583333333,484.0319833333333,172.21762916666668,39.855979166666664,132.36165416666668,76.18215,0.983
-1.3821398259999795,29.671499001000008,2024-11-15T00:00:00Z,2024-11-15T00:00:00.0/2024-11-16T00:00:00.0,425.18924999999996,352.367025,324.97804583333334,27.388975000000002,490.3960375,90.55962083333333,14.295391666666667,76.2642375,40.67199166666666,0.9833
-1.3821398259999795,29.671499001000008,2024-11-16T00:00:00Z,2024-11-16T00:00:00.0/2024-11-17T00:00:00.0,424.82458333333335,350.27180833333335,322.83132083333334,27.440466666666666,486.93786666666665,75.19063333333334,12.200104166666668,62.99053333333333,27.516704166666667,0.983
-1.3821398259999795,29.671499001000008,2024-11-17T00:00:00Z,2024-11-17T00:00:00.0/2024-11-18T00:00:00.0,424.45959583333337,351.33219583333334,324.32334583333335,27.00885,490.12548749999996,70.32675833333333,10.817783333333333,59.50897916666667,23.69995,0.983
-1.3821398259999795,29.671499001000008,2024-11-18T00:00:00Z,2024-11-18T00:00:00.0/2024-11-19T00:00:00.0,424.09643750000004,350.18558750000005,318.6518541666667,31.533741666666668,482.360025,169.65874166666666,58.384925,111.273825,115.42375833333334,0.983
-1.3821398259999795,29.671499001000008,2024-11-19T00:00:00Z,2024-11-19T00:00:00.0/2024-11-20T00:00:00.0,423.7358,352.2393375,322.87742083333336,29.36191666666667,488.46069166666666,168.77459583333334,71.6077375,97.16685,154.45718333333335,0.983
-1.3821398259999795,29.671499001000008,2024-11-20T00:00:00Z,2024-11-20T00:00:00.0/2024-11-21T00:00:00.0,423.38045416666665,350.26725416666665,322.28957083333336,27.977662499999997,488.18013333333334,149.13792083333334,51.021175,98.11674166666667,121.70979999999999,0.9826
-1.3821398259999795,29.671499001000008,2024-11-21T00:00:00Z,2024-11-21T00:00:00.0/2024-11-22T00:00:00.0,423.0266125,348.9968666666667,318.72784583333333,30.269012500000002,483.9152833333333,127.88235416666667,23.032616666666666,104.84973333333333,52.19537916666667,0.983
-1.3821398259999795,29.671499001000008,2024-11-22T00:00:00Z,2024-11-22T00:00:00.0/2024-11-23T00:00:00.0,422.67944166666666,349.1140541666667,320.6706125,28.4434375,487.11295416666667,95.82804166666666,14.969329166666666,80.8587125,39.088204166666664,0.983
-1.3821398259999795,29.671499001000008,2024-11-23T00:00:00Z,2024-11-23T00:00:00.0/2024-11-24T00:00:00.0,422.3374416666666,348.75431249999997,319.2673541666667,29.486945833333333,485.6499833333333,106.03527916666667,28.771654166666664,77.26362083333333,87.34088333333334,0.983
-1.3821398259999795,29.671499001000008,2024-11-24T00:00:00Z,2024-11-24T00:00:00.0/2024-11-25T00:00:00.0,422.00419166666666,349.4211833333333,321.4244791666667,27.996687499999997,489.67232083333334,178.55023333333335,60.55647916666666,117.99375416666668,111.82163333333334,0.9826
-1.3821398259999795,29.671499001000008,2024-11-25T00:00:00Z,2024-11-25T00:00:00.0/2024-11-26T00:00:00.0,421.6746,347.6295583333333,319.5921,28.037445833333333,487.0157458333333,131.73735416666668,18.756116666666667,112.98124166666666,49.63882916666666,0.983
-1.3821398259999795,29.671499001000008,2024-11-26T00:00:00Z,2024-11-26T00:00:00.0/2024-11-27T00:00:00.0,421.3543291666667,346.358275,316.21988749999997,30.138404166666664,480.0636,77.02747083333334,3.1618875,73.86557916666666,9.9045375,0.983
-1.3821398259999795,29.671499001000008,2024-11-27T00:00:00Z,2024-11-27T00:00:00.0/2024-11-28T00:00:00.0,421.0448416666666,347.500775,317.32645833333333,30.174329166666666,482.5834958333333,175.0632125,63.51177916666666,111.55142083333334,141.24409166666666,0.983
-1.3821398259999795,29.671499001000008,2024-11-28T00:00:00Z,2024-11-28T00:00:00.0/2024-11-29T00:00:00.0,420.74060000000003,346.92744999999996,319.05895833333335,27.868512499999998,487.583375,76.55043333333333,7.407758333333334,69.142675,16.946991666666666,0.9833
-1.3821398259999795,29.671499001000008,2024-11-29T00:00:00Z,2024-11-29T00:00:00.0/2024-11-30T00:00:00.0,420.4499916666667,347.3249125,317.0933416666667,30.23155416666667,484.7030041666667,109.44835416666666,27.766854166666665,81.68149166666667,58.934670833333335,0.9826
-1.3821398259999795,29.671499001000008,2024-11-30T00:00:00Z,2024-11-30T00:00:00.0/2024-12-01T00:00:00.0,420.16841666666664,348.03299999999996,321.2688,26.764191666666665,492.6585708333334,170.91229166666668,53.00832083333333,117.90396249999999,126.3737,0.9826
-1.3821398259999795,29.671499001000008,2024-12-01T00:00:00Z,2024-12-01T00:00:00.0/2024-12-02T00:00:00.0,419.8955875,346.92085833333334,317.24470833333334,29.676154166666667,485.9961333333333,135.6321,20.11670416666667,115.51539166666667,32.66592083333333,0.983
-1.3821398259999795,29.671499001000008,2024-12-02T00:00:00Z,2024-12-02T00:00:00.0/2024-12-03T00:00:00.0,419.63887500000004,345.22786666666667,311.67480416666666,33.553075,475.3856625,87.97412083333334,3.579854166666667,84.39427083333334,6.01345,0.9826
-1.3821398259999795,29.671499001000008,2024-12-03T00:00:00Z,2024-12-03T00:00:00.0/2024-12-04T00:00:00.0,419.3921291666666,345.30737500000004,310.0480958333333,35.25929583333333,472.86015,68.675725,1.7230916666666667,66.9526375,12.689570833333333,0.9826
-1.3821398259999795,29.671499001000008,2024-12-04T00:00:00Z,2024-12-04T00:00:00.0/2024-12-05T00:00:00.0,419.1583666666667,345.763225,311.72780416666666,34.03543333333334,477.7458916666667,126.99559583333333,15.1460875,111.84950833333333,39.19192916666667,0.9826
-1.3821398259999795,29.671499001000008,2024-12-05T00:00:00Z,2024-12-05T00:00:00.0/2024-12-06T00:00:00.0,418.93863749999997,345.54036666666667,314.1168833333333,31.423479166666667,481.492025,100.48151666666666,22.024554166666665,78.45695833333333,36.20389166666667,0.9826
-1.3821398259999795,29.671499001000008,2024-12-06T00:00:00Z,2024-12-06T00:00:00.0/2024-12-07T00:00:00.0,418.7299791666667,344.59533749999997,312.15657500000003,32.4387625,478.74690833333335,85.58448333333332,22.605833333333333,62.97864583333333,52.11285833333333,0.983
-1.3821398259999795,29.671499001000008,2024-12-07T00:00:00Z,2024-12-07T00:00:00.0/2024-12-08T00:00:00.0,418.54081249999996,345.77185000000003,312.71472083333333,33.057125,479.99837083333335,145.673025,35.56512083333333,110.10790833333334,71.91680000000001,0.9826
-1.3821398259999795,29.671499001000008,2024-12-08T00:00:00Z,2024-12-08T00:00:00.0/2024-12-09T00:00:00.0,418.363525,347.9219958333333,318.21160833333334,29.710400000000003,490.33618333333334,200.0711041666667,114.98638749999999,85.08471250000001,219.36352499999998,0.9826
-1.3821398259999795,29.671499001000008,2024-12-09T00:00:00Z,2024-12-09T00:00:00.0/2024-12-10T00:00:00.0,418.20251666666667,347.47575,318.54095416666667,28.934808333333333,491.48018333333334,164.46541249999999,69.4038375,95.061575,151.60568333333333,0.9826
-1.3821398259999795,29.671499001000008,2024-12-10T00:00:00Z,2024-12-10T00:00:00.0/2024-12-11T00:00:00.0,418.0567208333334,346.84024999999997,318.7831,28.057158333333334,492.74133333333333,226.82503333333332,105.87150000000001,120.95353333333333,183.256875,0.9826
-1.3821398259999795,29.671499001000008,2024-12-11T00:00:00Z,2024-12-11T00:00:00.0/2024-12-12T00:00:00.0,417.9272041666666,345.19840416666665,316.5625416666667,28.6358625,489.667725,143.5492875,35.30582916666666,108.24345,77.3065,0.9826
-1.3821398259999795,29.671499001000008,2024-12-12T00:00:00Z,2024-12-12T00:00:00.0/2024-12-13T00:00:00.0,417.81429166666663,342.89099166666665,309.39695416666666,33.494058333333335,475.5102958333334,135.62928333333335,48.234858333333335,87.39442083333334,111.31955833333335,0.9826
-1.3821398259999795,29.671499001000008,2024-12-13T00:00:00Z,2024-12-13T00:00:00.0/2024-12-14T00:00:00.0,417.717775,343.91186666666664,310.45745833333336,33.45440833333333,477.56424999999996,129.4459125,20.993183333333334,108.45272916666666,42.03105,0.9826
-1.3821398259999795,29.671499001000008,2024-12-14T00:00:00Z,2024-12-14T00:00:00.0/2024-12-15T00:00:00.0,417.6389583333333,343.6660166666666,309.33099166666665,34.335029166666665,476.00093749999996,177.89162083333335,55.858941666666674,122.032675,108.19626666666666,0.9826
-1.3821398259999795,29.671499001000008,2024-12-15T00:00:00Z,2024-12-15T00:00:00.0/2024-12-16T00:00:00.0,417.57665833333334,342.76000833333336,308.709025,34.05099166666667,475.81587916666666,139.98906250000002,47.466125,92.5229375,115.397025,0.9826
-1.3821398259999795,29.671499001000008,2024-12-16T00:00:00Z,2024-12-16T00:00:00.0/2024-12-17T00:00:00.0,417.53287916666665,342.72363333333334,309.01511666666664,33.70852083333333,477.1203208333333,148.50728333333333,25.394508333333334,123.11277083333333,74.82492916666666,0.9826
-1.3821398259999795,29.671499001000008,2024-12-17T00:00:00Z,2024-12-17T00:00:00.0/2024-12-18T00:00:00.0,417.5056958333333,345.40860833333335,314.9325958333333,30.476,487.2731125,167.65970000000002,37.75664583333333,129.90304583333332,83.54935,0.9826
-1.3821398259999795,29.671499001000008,2024-12-18T00:00:00Z,2024-12-18T00:00:00.0/2024-12-19T00:00:00.0,417.49764166666665,344.61466666666666,313.52018333333336,31.094483333333333,484.55249166666664,179.27400833333334,66.43516666666666,112.8388375,109.69005416666666,0.9826
-1.3821398259999795,29.671499001000008,2024-12-19T00:00:00Z,2024-12-19T00:00:00.0/2024-12-20T00:00:00.0,417.5063083333334,342.40279166666664,307.8113,34.59150833333333,473.4329416666667,77.81143333333334,7.721829166666667,70.0896,17.740691666666667,0.9826
-1.3821398259999795,29.671499001000008,2024-12-20T00:00:00Z,2024-12-20T00:00:00.0/2024-12-21T00:00:00.0,417.534425,342.132975,306.63975,35.493249999999996,470.3175458333333,161.34672916666668,44.6834625,116.66327083333334,62.67978333333334,0.9826
-1.3821398259999795,29.671499001000008,2024-12-21T00:00:00Z,2024-12-21T00:00:00.0/2024-12-22T00:00:00.0,417.57930416666665,341.4165458333334,303.680625,37.73591666666667,464.8548166666667,109.8426625,9.5801125,100.26255416666667,30.725941666666667,0.983
-1.3821398259999795,29.671499001000008,2024-12-22T00:00:00Z,2024-12-22T00:00:00.0/2024-12-23T00:00:00.0,417.6437583333333,342.4820541666666,307.5631916666667,34.91885,472.8237291666667,159.84435,31.900616666666664,127.9437375,59.23405833333334,0.983
-1.3821398259999795,29.671499001000008,2024-12-23T00:00:00Z,2024-12-23T00:00:00.0/2024-12-24T00:00:00.0,417.72493333333335,344.4921875,316.4736125,28.01855,490.5588375,69.36317083333334,3.3827166666666666,65.98045,5.8984708333333336,0.9826
-1.3821398259999795,29.671499001000008,2024-12-24T00:00:00Z,2024-12-24T00:00:00.0/2024-12-25T00:00:00.0,417.825725,345.0600166666666,317.3953875,27.664625,490.5254333333333,119.06378333333333,23.656554166666666,95.407225,55.6131125,0.9826
-1.3821398259999795,29.671499001000008,2024-12-25T00:00:00Z,2024-12-25T00:00:00.0/2024-12-26T00:00:00.0,417.9429916666666,343.45259583333336,309.9685666666667,33.48402083333333,478.25350000000003,92.528525,16.21245,76.316075,36.07135833333333,0.9826
-1.3821398259999795,29.671499001000008,2024-12-26T00:00:00Z,2024-12-26T00:00:00.0/2024-12-27T00:00:00.0,418.07971249999997,343.84566249999995,311.144225,32.701429166666664,480.4348958333333,156.72101666666666,27.3222875,129.39873333333333,78.92588333333333,0.9826
-1.3821398259999795,29.671499001000008,2024-12-27T00:00:00Z,2024-12-27T00:00:00.0/2024-12-28T00:00:00.0,418.23258333333337,347.9002666666667,320.4323125,27.4679625,498.075275,125.25794583333334,48.09088333333333,77.1670625,126.09700416666668,0.9826
-1.3821398259999795,29.671499001000008,2024-12-28T00:00:00Z,2024-12-28T00:00:00.0/2024-12-29T00:00:00.0,418.40462083333335,349.221925,321.9492375,27.272691666666663,500.303425,220.44275000000002,70.06932916666666,150.3734125,138.35105416666667,0.9826
-1.3821398259999795,29.671499001000008,2024-12-29T00:00:00Z,2024-12-29T00:00:00.0/2024-12-30T00:00:00.0,418.5903333333333,349.88411666666667,322.2215375,27.662579166666664,499.2038583333333,267.329225,150.68807916666665,116.64114583333333,278.3456,0.983
-1.3821398259999795,29.671499001000008,2024-12-30T00:00:00Z,2024-12-30T00:00:00.0/2024-12-31T00:00:00.0,418.7988291666666,347.9252916666667,314.7468666666667,33.1784125,484.75297083333334,258.4851875,166.81678333333335,91.66840416666668,287.864625,0.9826
-1.3821398259999795,29.671499001000008,2024-12-31T00:00:00Z,2024-12-31T00:00:00.0/2025-01-01T00:00:00.0,419.01843333333335,344.7051583333334,307.99228750000003,36.712870833333334,472.29777083333335,178.69565833333334,64.34086666666667,114.3547875,104.70084583333333,0.983
