datetime,ghi,location
2011-04-06,5723.645972222223,kampala
2011-04-07,4680.391416666667,kampala
2011-04-08,3352.7852527777777,kampala
2011-04-09,5584.797725,kampala
2011-04-10,4568.0974166666665,kampala
2011-04-11,7421.601666666667,kampala
2011-04-12,5745.793888888889,kampala
2011-04-13,5517.446666666667,kampala
2011-04-14,6072.718227777777,kampala
2011-07-09,5223.781722222223,kampala
2011-07-10,5036.9051944444445,kampala
2011-07-11,5555.784194444444,kampala
2011-07-12,5388.187052777778,kampala
2011-07-13,4087.150361111111,kampala
2011-07-14,4444.529972222223,kampala
2011-07-15,4569.840888888889,kampala
2011-07-16,5857.231944444445,kampala
2011-07-17,4093.279194444445,kampala
2011-07-18,4921.027611111112,kampala
2011-07-19,4658.929666666667,kampala
2011-07-20,4435.234916666667,kampala
2011-07-21,5516.636944444444,kampala
2011-07-22,2695.2377222222226,kampala
2011-07-23,5163.194275000001,kampala
2011-07-24,5049.350361111111,kampala
2011-07-25,4092.1263861111115,kampala
2011-07-26,4622.044083333333,kampala
2011-07-27,376.4119166666666,kampala
2011-07-28,3578.162613888889,kampala
2011-07-29,2584.5316583333333,kampala
2011-07-30,1877.503138888889,kampala
2011-07-31,4398.696055555556,kampala
2011-08-01,4818.1125,kampala
2011-08-02,5176.5337500000005,kampala
2011-08-03,3358.150888888889,kampala
2011-08-04,1944.151388888889,kampala
2011-08-05,5537.910833333333,kampala
2011-08-06,3696.4635555555556,kampala
2011-08-07,3259.853666666667,kampala
2011-08-08,2327.2780555555555,kampala
2011-08-09,3830.0410833333335,kampala
2011-08-10,4701.615638888889,kampala
2011-08-11,3262.6644111111113,kampala
2011-08-12,4681.303486111112,kampala
2011-08-13,3407.5629805555554,kampala
2011-08-14,4444.089333333333,kampala
2011-08-15,4185.434472222222,kampala
2011-08-16,4873.4951083333335,kampala
2011-08-17,3502.253305555556,kampala
2011-08-18,4837.8597500000005,kampala
2011-08-19,3834.302777777778,kampala
2011-08-20,4818.665666666667,kampala
2011-08-21,3013.4808333333335,kampala
2011-08-22,4709.78125,kampala
2011-08-23,5140.007888888889,kampala
2011-08-24,3736.5875277777777,kampala
2011-08-25,4988.576358333334,kampala
2011-08-26,6239.5794305555555,kampala
2011-08-27,4444.836138888889,kampala
2011-08-28,1390.3880555555556,kampala
2011-08-29,3927.0925833333336,kampala
2011-08-30,4719.236138888889,kampala
2011-08-31,3175.591388888889,kampala
2011-09-01,3926.8255416666666,kampala
2011-09-02,4525.675055555555,kampala
2011-09-03,5019.2555555555555,kampala
2011-09-04,5338.872894444445,kampala
2011-09-05,3306.1300250000004,kampala
2011-09-06,3629.707927777778,kampala
2011-09-07,4561.383666666667,kampala
2011-09-08,4847.331388888889,kampala
2011-09-09,5965.314444444445,kampala
2011-09-10,5638.954433333333,kampala
2011-09-11,4356.549166666667,kampala
2011-09-12,3666.2635555555557,kampala
2011-09-13,3677.621111111111,kampala
2011-09-14,3092.1675000000005,kampala
2011-09-15,4519.678333333333,kampala
2011-09-16,3859.7341666666666,kampala
2011-09-17,2758.2883611111115,kampala
2011-09-18,4623.319636111111,kampala
2011-09-19,6175.523888888889,kampala
2011-09-20,5981.0136111111115,kampala
2011-09-21,6002.794722222223,kampala
2011-09-22,4601.984444444444,kampala
2011-09-23,4032.0380555555557,kampala
2011-09-24,3088.2676111111114,kampala
2011-09-25,4843.224444444444,kampala
2011-09-26,4910.077277777778,kampala
2011-09-27,3487.703638888889,kampala
2011-09-28,4866.2908333333335,kampala
2011-09-29,3732.119361111111,kampala
2011-09-30,2871.2805555555556,kampala
2011-10-01,2564.6200000000003,kampala
2011-10-02,3953.46455,kampala
2011-10-03,4002.3680555555557,kampala
2011-10-04,3847.4513861111113,kampala
2011-10-05,4223.604166666667,kampala
2011-10-06,5539.364722222223,kampala
2011-10-07,2238.9947861111114,kampala
2011-10-08,4698.0673611111115,kampala
2011-10-09,2930.669888888889,kampala
2011-10-10,4157.769166666667,kampala
2011-10-11,3854.308527777778,kampala
2011-10-12,5154.803333333333,kampala
2011-10-13,3348.8588972222224,kampala
2011-10-14,1808.1744444444444,kampala
2011-10-15,3955.997777777778,kampala
2011-10-16,6135.711536111112,kampala
2011-10-17,3827.769166666667,kampala
2011-10-18,5082.361944444445,kampala
2011-10-19,3113.358111111111,kampala
2011-10-20,4767.630833333334,kampala
2011-10-21,5546.846666666667,kampala
2011-10-22,4817.744722222223,kampala
2011-10-23,5740.485833333334,kampala
2011-10-24,3189.028138888889,kampala
2011-10-25,5880.560277777778,kampala
2011-10-26,4971.284152777778,kampala
2011-10-27,1907.5855833333335,kampala
2011-10-28,2561.284972222222,kampala
2011-10-29,4730.44025,kampala
2011-10-30,5821.039166666667,kampala
2011-10-31,4903.268055555555,kampala
2011-11-01,4611.4608333333335,kampala
2011-11-02,4687.528333333334,kampala
2011-11-03,3196.1725,kampala
2011-11-04,2473.415555555556,kampala
2011-11-05,4571.874444444445,kampala
2011-11-06,4025.9128611111114,kampala
2011-11-07,5247.587777777778,kampala
2011-11-08,3552.938888888889,kampala
2011-11-09,5022.033055555556,kampala
2011-11-10,4344.981666666667,kampala
2011-11-11,4372.8475,kampala
2011-11-12,4062.346363888889,kampala
2011-11-13,4112.9927777777775,kampala
2011-11-14,6456.741666666667,kampala
2011-11-15,1078.9419444444445,kampala
2011-11-16,3196.0266666666666,kampala
2011-11-17,4449.792222222222,kampala
2011-11-18,5226.945555555556,kampala
2011-11-19,3192.498611111111,kampala
2011-11-20,5355.961336111111,kampala
2011-11-21,5337.892777777778,kampala
2011-11-22,4181.503333333333,kampala
2011-11-23,5776.794277777778,kampala
2011-11-24,4188.345472222222,kampala
2011-11-25,4251.770111111111,kampala
2011-11-26,3320.7155555555555,kampala
2011-11-27,4692.261111111112,kampala
2011-11-28,2478.7877694444446,kampala
2011-11-29,3948.121111111111,kampala
2011-11-30,3822.273361111111,kampala
2011-12-01,2570.733472222222,kampala
2011-12-02,5090.894444444445,kampala
2011-12-03,3099.413888888889,kampala
2011-12-04,1968.4563888888888,kampala
2011-12-05,4347.085333333333,kampala
2011-12-06,2908.07025,kampala
2011-12-07,3721.258888888889,kampala
2011-12-08,6716.278333333334,kampala
2011-12-09,6052.572222222222,kampala
2011-12-10,5722.731111111111,kampala
2011-12-11,5520.214361111111,kampala
2011-12-12,5562.6175,kampala
2011-12-13,5801.371305555555,kampala
2011-12-14,2620.6132333333335,kampala
2011-12-15,5152.679722222222,kampala
2011-12-16,3915.8191666666667,kampala
2011-12-17,3776.282722222222,kampala
2011-12-18,5085.000277777778,kampala
2011-12-19,3752.271111111111,kampala
2011-12-20,4520.916388888889,kampala
2011-12-21,5065.6691666666675,kampala
2011-12-22,5977.447777777777,kampala
2011-12-23,2949.7327777777778,kampala
2011-12-24,2285.0913611111114,kampala
2011-12-25,3720.6100277777778,kampala
2011-12-26,5283.0860555555555,kampala
2011-12-27,3390.7802500000003,kampala
2011-12-28,5762.594027777778,kampala
2011-12-29,5019.86225,kampala
2011-12-30,2147.286,kampala
2012-01-05,5650.137722222223,kampala
2012-01-06,5639.613027777778,kampala
2012-01-07,5407.552611111111,kampala
2012-01-08,2564.8476666666666,kampala
2012-01-09,5880.301333333334,kampala
2012-01-10,6214.180555555556,kampala
2012-01-11,6240.934527777778,kampala
2012-01-12,5319.282933333334,kampala
2012-01-13,4844.31425,kampala
2012-01-14,5011.6156388888885,kampala
2012-01-15,6119.459833333333,kampala
2012-01-16,5247.861027777778,kampala
2012-01-17,5534.815333333334,kampala
2012-01-18,6458.141841666667,kampala
2012-01-19,4811.870547222223,kampala
2012-01-20,4544.1438194444445,kampala
2014-08-27,3577.645,kampala
2014-08-28,4102.281305555556,kampala
2014-08-29,5077.164205555556,kampala
2014-08-30,4480.793316666667,kampala
2014-08-31,1914.7615,kampala
2014-09-01,3298.2370833333334,kampala
2014-09-02,4089.3529722222224,kampala
2014-09-03,4033.632944444445,kampala
2014-09-04,3742.6397222222226,kampala
2014-09-05,1961.755791666667,kampala
2014-09-06,4170.775555555556,kampala
2014-09-07,5729.473888888889,kampala
2014-09-08,4463.012500000001,kampala
2014-09-09,6871.3,kampala
2014-09-10,4932.768888888889,kampala
2014-09-11,5538.883888888889,kampala
2014-09-12,5097.851666666667,kampala
2014-09-13,6199.471388888889,kampala
2014-09-14,5551.113055555556,kampala
2014-09-15,5137.335,kampala
2014-09-16,6622.299722222222,kampala
2014-09-17,3342.084166666667,kampala
2014-09-18,6159.333333333334,kampala
2014-09-19,4598.9546666666665,kampala
2014-09-20,5364.6963888888895,kampala
2014-09-21,4445.055833333334,kampala
2014-09-22,5732.290555555556,kampala
2014-09-23,4002.947777777778,kampala
2014-09-24,2742.8582694444444,kampala
2014-09-25,5538.488888888889,kampala
2014-09-26,4585.022777777778,kampala
2014-09-27,4882.729194444444,kampala
2014-09-28,2833.2158333333336,kampala
2014-09-29,6217.921111111112,kampala
2014-09-30,4729.084111111111,kampala
2014-10-01,2784.3899444444446,kampala
2014-10-02,5010.274722222222,kampala
2014-10-03,4678.002222222222,kampala
2014-10-04,3942.5290555555557,kampala
2014-10-05,4591.1305555555555,kampala
2014-10-06,4708.4591666666665,kampala
2014-10-07,5582.625,kampala
2014-10-08,3702.2825277777783,kampala
2014-10-09,5987.606750000001,kampala
2014-10-10,7101.608611111112,kampala
2014-10-11,6032.241111111111,kampala
2014-10-12,3562.646305555556,kampala
2014-10-13,4392.410277777778,kampala
2014-10-14,4696.164,kampala
2014-10-15,2672.0396111111113,kampala
2014-10-16,3013.333055555556,kampala
2014-10-17,4651.800277777777,kampala
2014-10-18,5011.986666666667,kampala
2014-10-19,3498.2233333333334,kampala
2014-10-20,4052.185116666667,kampala
2014-10-21,5649.925277777778,kampala
2014-10-22,4726.862777777778,kampala
2014-10-23,3661.789055555556,kampala
2014-10-24,5394.2444444444445,kampala
2014-10-25,3787.3255055555555,kampala
2014-10-26,5179.756111111112,kampala
2014-10-27,2071.6511111111113,kampala
2014-10-28,4649.785277777778,kampala
2014-10-29,5749.985277777778,kampala
2014-10-30,4810.170277777777,kampala
2014-10-31,4155.004138888889,kampala
2014-11-01,6433.364961111111,kampala
2014-11-02,4390.288055555556,kampala
2014-11-03,4067.5198555555558,kampala
2014-11-04,6307.603055555555,kampala
2014-11-05,6991.658611111112,kampala
2014-11-06,5192.671111111112,kampala
2014-11-07,4792.584722222222,kampala
2014-11-08,4041.27625,kampala
2014-11-09,4692.108611111112,kampala
2014-11-10,4113.482777777778,kampala
2014-11-11,6375.798055555556,kampala
2014-11-12,5538.3225,kampala
2014-11-13,4829.403611111112,kampala
2014-11-14,4178.272686111111,kampala
2014-11-15,4540.867555555556,kampala
2014-11-16,4223.051388888889,kampala
2014-11-17,4366.064388888889,kampala
2014-11-18,5207.802777777778,kampala
2014-11-19,4546.053802777778,kampala
2014-11-20,3232.536388888889,kampala
2014-11-21,2549.9902833333335,kampala
2014-11-22,7099.416111111112,kampala
2014-11-23,2165.59175,kampala
2014-11-24,5054.123333333333,kampala
2014-11-25,2631.2255416666667,kampala
2014-11-26,4726.344069444444,kampala
2014-11-27,5046.814708333333,kampala
2014-11-28,4071.696388888889,kampala
2014-11-29,2542.151944444445,kampala
2014-11-30,3944.120552777778,kampala
2014-12-01,3322.2522222222224,kampala
2014-12-02,4710.004166666667,kampala
2014-12-03,3463.240777777778,kampala
2014-12-04,5898.3071361111115,kampala
2014-12-05,7330.344166666667,kampala
2014-12-06,6073.317777777778,kampala
2014-12-07,5573.139444444445,kampala
2014-12-08,3972.405,kampala
2014-12-09,2298.005277777778,kampala
2014-12-10,5432.1849694444445,kampala
2014-12-11,6176.460000000001,kampala
2014-12-12,5961.164166666667,kampala
2014-12-13,5171.141666666667,kampala
2014-12-14,6717.170833333334,kampala
2014-12-15,5398.436944444445,kampala
2014-12-16,5494.030277777778,kampala
2014-12-17,3994.675,kampala
2014-12-18,3956.8552777777777,kampala
2014-12-19,5139.54,kampala
2014-12-20,3998.421138888889,kampala
2014-12-21,3570.5185277777778,kampala
2014-12-22,2511.5258333333336,kampala
2014-12-23,3790.570527777778,kampala
2014-12-24,2610.8950833333333,kampala
2014-12-25,2364.740513888889,kampala
2014-12-26,3546.1043611111113,kampala
2014-12-27,2363.435888888889,kampala
2014-12-28,4254.333055555556,kampala
2014-12-29,4300.149416666667,kampala
2014-12-30,4058.432166666667,kampala
2014-12-31,6115.16625,kampala
2015-01-01,6357.022416666667,kampala
2015-01-02,6329.4584444444445,kampala
2015-01-03,6859.255111111112,kampala
2015-01-04,5981.008138888889,kampala
2015-01-05,5982.168638888889,kampala
2015-01-06,5085.254305555556,kampala
2015-01-07,5722.266500000001,kampala
2015-01-08,6256.505416666667,kampala
2015-01-09,6082.999861111111,kampala
2015-01-10,5770.938722222222,kampala
2015-01-11,5816.0481666666665,kampala
2015-01-12,5719.473805555555,kampala
2015-01-13,5843.039333333334,kampala
2015-01-14,6115.884305555555,kampala
2015-01-15,6502.35763888889,kampala
2015-01-16,6163.589325,kampala
2015-01-17,6188.638555555556,kampala
2015-01-18,6209.43605,kampala
2015-01-19,5799.603694444445,kampala
2015-01-20,5393.736097222223,kampala
2015-01-21,4387.893888888889,kampala
2015-01-22,5833.132955555556,kampala
2015-01-23,6814.628683333333,kampala
2015-01-24,6309.165827777778,kampala
2015-01-25,5190.571997222222,kampala
2015-01-26,4894.738108333334,kampala
2015-01-27,6821.123716666667,kampala
2015-01-28,5349.467094444444,kampala
2015-01-29,4833.364141666667,kampala
2015-01-30,5785.213713888889,kampala
2015-01-31,4645.601561111112,kampala
2015-02-01,6245.875186111111,kampala
2015-02-02,6025.00366388889,kampala
2015-02-03,4860.796016666667,kampala
2015-02-04,6812.131369444444,kampala
2015-02-05,6459.835288888889,kampala
2015-02-06,6858.162633333333,kampala
2015-02-07,7024.839786111112,kampala
2015-02-08,5348.7641555555565,kampala
2015-02-09,5634.200438888889,kampala
2015-02-10,5413.312525,kampala
2015-02-11,6123.630594444445,kampala
2015-02-12,5323.2325,kampala
2015-02-13,4200.584097222222,kampala
2015-02-14,6029.972169444444,kampala
2015-02-15,1919.7116500000002,kampala
2015-02-16,5695.909947222222,kampala
2015-02-17,1533.0763833333333,kampala
2015-02-18,6257.311222222223,kampala
2015-02-19,6978.640430555556,kampala
2015-02-20,5962.785552777778,kampala
2015-02-21,4414.2911,kampala
2015-02-22,6048.9899305555555,kampala
2015-02-23,5308.069133333333,kampala
2015-02-24,3949.3872055555557,kampala
2015-02-25,4125.466363888889,kampala
2015-02-26,5300.060388888889,kampala
2015-02-27,7060.4670750000005,kampala
2015-02-28,5827.136694444444,kampala
2015-03-01,5790.444163888889,kampala
2015-03-02,6306.565091666666,kampala
2015-03-03,4301.347444444445,kampala
2015-03-04,7075.566522222222,kampala
2015-03-05,5172.262683333333,kampala
2015-03-06,6392.689472222222,kampala
2015-03-07,5857.622497222223,kampala
2015-03-08,7146.129713888889,kampala
2015-03-09,7197.061861111111,kampala
2015-03-10,7025.249194444445,kampala
2015-03-11,6350.739166666667,kampala
2015-03-12,4689.758,kampala
2015-03-13,4565.1965,kampala
2015-03-14,5832.395916666666,kampala
2015-03-15,6875.219694444445,kampala
2015-03-16,6712.512472222223,kampala
2015-03-17,6336.989583333334,kampala
2015-03-18,4999.11625,kampala
2015-03-19,5853.791888888889,kampala
2015-03-20,5767.187916666667,kampala
2015-03-21,5687.1918305555555,kampala
2015-03-22,4709.234711111111,kampala
2015-03-23,4766.730016666666,kampala
2015-03-24,3845.185255555556,kampala
2015-03-25,3845.399694444445,kampala
2015-03-26,3094.8331472222226,kampala
2015-03-27,6546.409055555556,kampala
2015-03-28,3731.268611111111,kampala
2015-03-29,1968.5827527777778,kampala
2015-03-30,4106.258777777778,kampala
2015-03-31,4058.5946833333337,kampala
2015-04-01,3278.890175,kampala
2015-04-02,7093.099972222222,kampala
2015-04-03,3762.4579361111114,kampala
2015-04-04,2847.2734444444445,kampala
2015-04-05,4304.8646944444445,kampala
2015-04-06,6248.147969444445,kampala
2015-04-07,6520.502,kampala
2015-04-08,4290.771388888889,kampala
2015-04-09,5546.678416666667,kampala
2015-04-10,4340.15445,kampala
2015-04-11,4517.078930555555,kampala
2015-04-12,4809.403055555556,kampala
2015-04-13,4524.361102777778,kampala
2015-04-14,4917.586083333334,kampala
2015-04-15,3932.5048333333334,kampala
2015-04-16,4153.864436111111,kampala
2015-04-17,3707.7283333333335,kampala
2015-04-18,5020.292472222222,kampala
2015-04-19,6925.832055555556,kampala
2015-04-20,3663.890277777778,kampala
2015-04-21,6087.983611111112,kampala
2015-04-22,6321.72775,kampala
2015-04-23,6905.595277777778,kampala
2015-04-24,6179.221666666667,kampala
2015-04-25,5561.663611111111,kampala
2015-04-26,5022.259388888889,kampala
2015-04-27,5122.333333333333,kampala
2015-04-28,4017.911666666667,kampala
2015-04-29,4855.524427777778,kampala
2015-04-30,3435.4272222222226,kampala
2015-05-01,5898.429527777778,kampala
2015-05-02,3240.712,kampala
2015-05-03,4202.136111111111,kampala
2015-05-04,6163.805388888889,kampala
2015-05-05,4587.524694444444,kampala
2015-05-06,4851.555722222222,kampala
2015-05-07,3176.4518472222226,kampala
2015-05-08,5154.410555555555,kampala
2015-05-09,3792.1784444444447,kampala
2015-05-10,4637.128055555556,kampala
2015-05-11,5273.836666666667,kampala
2015-05-12,6469.9163638888895,kampala
2015-05-13,4279.8481388888895,kampala
2015-05-14,4105.425277777778,kampala
2015-05-15,6532.355277777779,kampala
2015-05-16,6153.276666666667,kampala
2015-05-17,3820.8558333333335,kampala
2015-05-18,1569.2361111111113,kampala
2015-09-16,5402.151802777778,kampala
2015-09-17,4440.944166666667,kampala
2015-09-18,6254.232222222223,kampala
2015-09-19,6446.910555555556,kampala
2015-09-20,7416.940555555556,kampala
2015-09-21,5662.776666666667,kampala
2015-09-22,3972.3125,kampala
2015-09-23,5165.04525,kampala
2015-09-24,5843.301666666667,kampala
2015-09-25,4731.991666666667,kampala
2015-09-26,3898.6425,kampala
2015-09-27,4623.526388888889,kampala
2015-09-28,4681.684722222222,kampala
2015-09-29,5854.88,kampala
2015-09-30,4185.365555555556,kampala
2015-10-01,5197.717777777778,kampala
2015-10-02,5822.570555555556,kampala
2015-10-03,6494.066111111111,kampala
2015-10-04,6360.606944444445,kampala
2015-10-05,6857.922500000001,kampala
2015-10-06,6561.016666666667,kampala
2015-10-07,5445.490277777779,kampala
2015-10-08,5008.330833333333,kampala
2015-10-09,4979.864466666667,kampala
2015-10-10,3831.5548333333336,kampala
2015-10-11,3690.323602777778,kampala
2015-10-12,4100.608888888889,kampala
2015-10-13,2998.3941944444446,kampala
2015-10-14,4342.363888888889,kampala
2015-10-15,4239.438027777778,kampala
2015-10-16,2976.002777777778,kampala
2015-10-17,4000.884472222222,kampala
2015-10-18,2816.9266666666667,kampala
2015-10-19,5381.946891666667,kampala
2015-10-20,3983.5444444444447,kampala
2015-10-21,5696.363888888889,kampala
2015-10-22,4216.899194444444,kampala
2015-10-23,3420.1511083333335,kampala
2015-10-24,5365.088055555556,kampala
2015-10-25,5037.796666666667,kampala
2015-10-26,4224.338611111111,kampala
2015-10-27,3469.7572222222225,kampala
2015-10-28,5302.220555555556,kampala
2015-10-29,2990.800638888889,kampala
2015-10-30,2693.5397222222223,kampala
2015-10-31,2495.982777777778,kampala
2015-11-01,4929.9625,kampala
2015-11-02,5919.3625,kampala
2015-11-03,3098.8058333333333,kampala
2015-11-04,4573.986972222222,kampala
2015-11-05,4505.1511666666665,kampala
2015-11-06,4763.775277777778,kampala
2015-11-07,4509.366633333334,kampala
2015-11-08,3931.421663888889,kampala
2015-11-09,3758.329166666667,kampala
2015-11-10,3953.445833333333,kampala
2015-11-11,3431.7290833333336,kampala
2015-11-12,3230.713888888889,kampala
2015-11-13,4133.093611111111,kampala
2015-11-14,6086.460555555556,kampala
2015-11-15,4903.332777777778,kampala
2015-11-16,2737.2664444444445,kampala
2015-11-17,4756.7837500000005,kampala
2015-11-18,4711.7155555555555,kampala
2015-11-20,4374.689722222222,kampala
2015-11-21,3899.278491666667,kampala
2015-11-22,3663.0786111111115,kampala
2015-11-23,5936.255277777778,kampala
2015-11-24,4899.799722222222,kampala
2015-11-25,4301.540277777778,kampala
2015-11-26,4325.345555555556,kampala
2015-11-27,3779.280527777778,kampala
2015-11-28,4792.499722222223,kampala
2015-11-29,3776.9941944444445,kampala
2015-11-30,3648.9924055555557,kampala
2015-12-01,3951.5299444444445,kampala
2015-12-02,3356.4311111111115,kampala
2015-12-03,3074.549680555556,kampala
2015-12-04,6260.530555555556,kampala
2015-12-05,3839.5286083333335,kampala
2015-12-06,4534.905388888889,kampala
2015-12-07,4402.235555555556,kampala
2015-12-08,4577.525986111111,kampala
2015-12-09,2425.0508333333332,kampala
2015-12-10,2783.379527777778,kampala
2015-12-11,4747.39635,kampala
2015-12-12,2551.8809166666665,kampala
2015-12-13,5816.038361111111,kampala
2015-12-14,1.8811944444444448,kampala
2015-12-16,3194.5537777777777,kampala
2015-12-17,4565.621913888889,kampala
2015-12-18,6738.34,kampala
2015-12-19,3680.2674722222223,kampala
2015-12-20,4028.4500555555555,kampala
2015-12-21,935.5261111111112,kampala
2015-12-22,2.187805555555556,kampala
2016-01-03,421.6466944444445,kampala
2016-01-04,635.239825,kampala
2016-01-05,490.035,kampala
2016-01-06,1404.4109444444443,kampala
2016-01-07,5928.719444444445,kampala
2016-01-08,2123.353611111111,kampala
2016-01-09,91.51555555555557,kampala
2016-01-10,4046.5021111111114,kampala
2016-01-11,6953.183333333333,kampala
2016-01-12,4985.5119722222225,kampala
2016-01-13,4882.9541944444445,kampala
2016-01-14,3080.3736944444445,kampala
2016-01-15,3507.0389444444445,kampala
2016-01-16,5504.896111111111,kampala
2016-01-17,1372.1461111111112,kampala
2016-01-18,1768.1933333333334,kampala
2016-01-19,2469.829638888889,kampala
2016-01-20,3325.0240000000003,kampala
2016-01-21,4310.0361111111115,kampala
2016-01-22,4660.847222222223,kampala
2016-01-23,1500.525,kampala
2016-01-24,1425.6245555555556,kampala
2016-01-25,1663.9722222222222,kampala
2016-01-26,2612.688611111111,kampala
2016-01-27,3321.7702777777777,kampala
2016-01-28,1883.0536111111112,kampala
2016-01-29,1307.3869444444447,kampala
2016-01-30,1460.1780555555556,kampala
2016-01-31,3565.391388888889,kampala
2016-02-01,2136.8275,kampala
2016-02-02,1972.66,kampala
2016-02-03,1446.8255555555556,kampala
2016-02-04,1302.1404555555557,kampala
2016-02-05,2657.866666666667,kampala
2016-02-06,3546.098888888889,kampala
2016-02-07,1952.6348611111111,kampala
2016-02-08,2204.4383333333335,kampala
2016-02-09,2421.1729666666665,kampala
2016-02-10,3121.4164166666665,kampala
2016-02-11,634.9207777777777,kampala
2016-02-12,2802.122833333334,kampala
2016-02-13,2145.712472222222,kampala
2016-02-14,1499.2802777777779,kampala
2016-02-15,2736.462666666667,kampala
2016-02-16,2207.1972222222225,kampala
2016-02-17,1629.9858333333334,kampala
2016-02-18,335.6420555555556,kampala
2016-02-19,1283.6951111111111,kampala
2016-02-20,756.7157805555555,kampala
2016-02-21,3090.4870833333334,kampala
2016-02-22,4143.120833333333,kampala
2016-02-23,1220.5061111111113,kampala
2016-02-24,36.35713888888889,kampala
2016-02-25,874.4454166666668,kampala
2016-02-26,18.988027777777777,kampala
2016-02-27,9386.313527777778,kampala
2016-02-28,9842.175555555556,kampala
2016-02-29,2655.958055555556,kampala
2016-03-01,1016.9422916666667,kampala
2016-03-02,1852.2319444444445,kampala
2016-03-15,6871.423361111111,kampala
2016-03-16,5756.5755,kampala
2016-03-17,4730.894444444445,kampala
2016-03-18,4845.7607777777785,kampala
2016-03-19,6221.155277777778,kampala
2016-03-20,6797.099388888889,kampala
2016-03-21,4840.145805555556,kampala
2016-03-22,3397.020916666667,kampala
2016-03-23,4164.375416666667,kampala
2016-03-24,5325.691227777778,kampala
2016-03-25,6828.927805555556,kampala
2016-03-26,6868.530777777778,kampala
2016-03-27,5044.087805555556,kampala
2016-03-28,6757.896250000001,kampala
2016-03-29,6530.808305555556,kampala
2016-03-30,5700.421,kampala
2016-03-31,3845.1274444444443,kampala
2016-04-01,1914.885988888889,kampala
2016-04-02,4671.3460000000005,kampala
2016-04-03,4099.454411111112,kampala
2016-04-04,1219.022688888889,kampala
2016-04-05,5537.524111111111,kampala
2016-04-06,5989.291833333334,kampala
2016-04-07,4023.280472222222,kampala
2016-04-08,6366.461361111112,kampala
2016-04-09,6230.526277777779,kampala
2016-04-10,3015.7552222222225,kampala
2016-04-11,7147.434719444444,kampala
2016-04-12,5393.427805555556,kampala
2016-04-13,4747.259975,kampala
2016-04-14,5389.817872222223,kampala
2016-04-15,3355.0003055555558,kampala
2016-04-16,2863.227588888889,kampala
2016-04-17,4415.644661111111,kampala
2016-04-18,4916.307152777778,kampala
2016-04-19,3937.0011055555556,kampala
2016-04-20,3705.1659722222225,kampala
2016-04-21,3140.424444444445,kampala
2016-04-22,3543.6405555555557,kampala
2016-04-23,4838.46,kampala
2016-04-24,3700.5886111111113,kampala
2016-04-25,5464.801388888889,kampala
2016-04-26,2472.490675,kampala
2016-04-27,6228.188888888889,kampala
2016-04-28,6441.996611111112,kampala
2016-04-29,5447.256388888889,kampala
2016-04-30,2760.200333333333,kampala
2016-05-01,5165.785277777778,kampala
2016-05-02,4958.411944444445,kampala
2016-05-03,2722.191777777778,kampala
2016-05-04,5209.098605555556,kampala
2016-05-05,3038.2233333333334,kampala
2016-05-06,4780.654166666666,kampala
2016-05-07,4014.125,kampala
2016-05-08,2811.705277777778,kampala
2016-05-09,5248.365472222223,kampala
2016-05-10,3160.1225694444447,kampala
2016-05-11,3458.756944444445,kampala
2016-05-12,2426.301388888889,kampala
2016-05-13,4738.765277777778,kampala
2016-05-14,3935.5047222222224,kampala
2016-05-15,5785.837777777778,kampala
2016-05-16,6012.53275,kampala
2016-05-17,5172.495555555556,kampala
2016-05-18,3610.5125000000003,kampala
2016-05-19,4379.053055555556,kampala
2016-05-20,5272.932194444445,kampala
2016-05-21,5837.087777777778,kampala
2016-05-22,4498.708888888889,kampala
2016-05-23,2817.0958333333338,kampala
2016-05-24,6154.568333333334,kampala
2016-05-25,4366.964555555556,kampala
2016-05-26,3998.270833333334,kampala
2016-05-27,4285.345222222222,kampala
2016-05-28,5451.472463888889,kampala
2016-05-29,4703.545725,kampala
2016-05-30,4454.261847222223,kampala
2016-05-31,3767.6959111111114,kampala
2016-06-01,3766.7692500000003,kampala
2016-06-02,4381.758522222222,kampala
2016-06-03,4345.390655555556,kampala
2016-06-04,4528.4345416666665,kampala
2016-06-05,5613.580583333333,kampala
2016-06-06,3560.1241277777776,kampala
2016-06-07,4016.3894444444445,kampala
2016-06-08,5317.0472361111115,kampala
2016-06-09,5951.146388888889,kampala
2016-06-10,5930.353944444444,kampala
2016-06-11,2654.8816666666667,kampala
2016-06-12,5300.228555555555,kampala
2016-06-13,5324.126572222222,kampala
2016-06-14,4826.689977777778,kampala
2016-06-15,2846.536630555556,kampala
2016-06-16,3365.5217222222227,kampala
2016-06-17,4052.527777777778,kampala
2016-06-18,1299.0833611111111,kampala
2016-06-19,5934.347527777778,kampala
2016-06-20,4256.568805555556,kampala
2016-06-21,2415.5400000000004,kampala
2016-06-22,3420.0498055555554,kampala
2016-06-23,3136.099166666667,kampala
2016-06-24,4408.046388888889,kampala
2016-06-25,5331.110416666666,kampala
2016-06-26,4138.123055555556,kampala
2016-06-27,4985.153611111111,kampala
2016-06-28,6229.129166666667,kampala
2016-06-29,6234.495277777778,kampala
2016-06-30,4475.535972222223,kampala
2016-07-01,3909.7088888888893,kampala
2016-07-02,5037.4030555555555,kampala
2016-07-03,4726.196555555556,kampala
2016-07-04,3348.1855555555558,kampala
2016-07-05,5904.221388888889,kampala
2016-07-06,5053.374444444445,kampala
2016-07-07,5036.047500000001,kampala
2016-07-08,4661.196,kampala
2016-07-09,1431.6236111111111,kampala
2016-07-10,5856.303055555556,kampala
2016-07-11,4710.684444444444,kampala
2016-07-12,3011.548027777778,kampala
2016-07-13,3443.106111111111,kampala
2016-07-14,3285.2922222222223,kampala
2016-07-15,4545.680277777778,kampala
2016-07-16,3913.4861111111113,kampala
2016-07-17,4720.3242222222225,kampala
2016-07-18,4944.266666666667,kampala
2016-07-19,6210.190583333334,kampala
2016-07-20,3671.391138888889,kampala
2016-07-21,4750.903972222222,kampala
2016-07-22,3369.1894444444447,kampala
2016-07-23,3498.336111111111,kampala
2016-07-24,3478.2093055555556,kampala
2016-07-25,2915.014472222222,kampala
2016-07-26,3937.504888888889,kampala
2016-07-27,5247.445305555556,kampala
2016-07-28,3365.566138888889,kampala
2016-07-29,4562.930222222222,kampala
2016-07-30,5075.709444444445,kampala
2016-07-31,3699.483055555556,kampala
2016-08-01,5800.123055555556,kampala
2016-08-02,4267.584388888889,kampala
2016-08-03,5039.350125,kampala
2016-08-04,4235.105888888889,kampala
2016-08-05,3881.785163888889,kampala
2016-08-06,3522.891388888889,kampala
2016-08-07,3357.0291666666667,kampala
2016-08-08,3633.8391666666666,kampala
2016-08-09,3501.7105,kampala
2016-08-10,3042.1459722222226,kampala
2016-08-11,5316.148361111112,kampala
2016-08-12,3386.685691666667,kampala
2016-08-13,5804.918888888889,kampala
2016-08-14,4438.435916666667,kampala
2016-08-15,5088.210277777778,kampala
2016-08-16,5821.068333333334,kampala
2016-08-17,6600.331,kampala
2016-08-18,6701.019166666667,kampala
2016-08-19,5936.678611111111,kampala
2016-08-20,5821.896944444445,kampala
2016-08-21,5166.494027777778,kampala
2016-08-22,4119.410944444445,kampala
2016-08-23,5621.996,kampala
2016-08-24,4993.127305555556,kampala
2016-08-25,3999.5575000000003,kampala
2016-08-26,3357.0445000000004,kampala
2016-08-27,6374.118525,kampala
2016-08-28,5199.442777777778,kampala
2016-08-29,6896.27275,kampala
2016-08-30,6879.444416666667,kampala
2016-08-31,5649.631833333334,kampala
2016-09-01,4739.275277777778,kampala
2016-09-02,6162.405000000001,kampala
2016-09-03,5925.2763888888885,kampala
2016-09-04,3756.1079444444445,kampala
2016-09-05,6276.784250000001,kampala
2016-09-06,6468.0664611111115,kampala
2016-09-07,4707.947527777778,kampala
2016-09-08,1592.5379444444445,kampala
2016-09-09,6668.354333333334,kampala
2016-09-10,5803.149583333334,kampala
2016-09-11,4616.901944444445,kampala
2016-09-12,4071.3464972222228,kampala
2016-09-13,5175.051388888889,kampala
2016-09-14,5737.394297222223,kampala
2016-09-15,5925.459266666667,kampala
2016-09-16,2661.661991666667,kampala
2016-09-17,5710.242555555556,kampala
2016-09-18,4929.595188888889,kampala
2016-09-19,1586.3057611111112,kampala
2016-09-20,6861.187530555556,kampala
2016-09-21,6022.519372222222,kampala
2016-09-22,4942.551572222223,kampala
2016-09-23,3300.186077777778,kampala
2016-09-24,3708.5683055555555,kampala
2016-09-25,4879.286558333333,kampala
2016-09-26,2492.8499805555557,kampala
2016-09-27,3959.1196250000003,kampala
2016-09-28,3715.204325,kampala
2016-09-29,4042.300222222222,kampala
2016-09-30,4388.5926500000005,kampala
2016-10-01,4313.111641666667,kampala
2016-10-02,4709.15275,kampala
2016-10-03,4732.0396972222225,kampala
2016-10-04,3491.956866666667,kampala
2016-10-05,3189.5484583333337,kampala
2016-10-06,3861.499966666667,kampala
2016-10-07,3910.937713888889,kampala
2016-10-08,4872.182102777778,kampala
2016-10-09,6855.957691666667,kampala
2016-10-10,7148.838883333334,kampala
2016-10-11,6684.521594444444,kampala
2016-10-12,6050.035400000001,kampala
2016-10-13,5534.266583333334,kampala
2016-10-14,5760.012691666667,kampala
2016-10-15,6158.042527777778,kampala
2016-10-16,5659.602805555556,kampala
2016-10-17,5506.686347222222,kampala
2016-10-18,3477.0880083333336,kampala
2016-10-19,5953.055266666667,kampala
2016-10-20,4936.838583333333,kampala
2016-10-21,4761.351625,kampala
2016-10-22,5609.956413888889,kampala
2016-10-23,5576.182638888889,kampala
2016-10-24,5221.611027777778,kampala
2016-10-25,5863.02725,kampala
2016-10-26,4973.279166666666,kampala
2016-10-27,3891.273833333333,kampala
2016-10-28,5691.320994444445,kampala
2016-10-29,5925.451475000001,kampala
2016-10-30,3893.7926666666667,kampala
2016-10-31,5690.020611111111,kampala
2016-11-01,3328.848027777778,kampala
2016-11-02,2940.35705,kampala
2016-11-03,2837.223552777778,kampala
2016-11-04,5383.630388888889,kampala
2016-11-05,3531.31425,kampala
2016-11-06,2813.93325,kampala
2016-11-07,4406.277208333334,kampala
2016-11-08,3688.1616361111114,kampala
2016-11-09,5339.193861111111,kampala
2016-11-10,5387.474888888889,kampala
2016-11-11,5044.605388888889,kampala
2016-11-12,4674.191027777778,kampala
2016-11-13,4037.072730555556,kampala
2016-11-14,2652.791488888889,kampala
2016-11-15,4725.861622222223,kampala
2016-11-16,6135.287638888889,kampala
2016-11-17,3105.109566666667,kampala
2016-11-18,3514.45545,kampala
2016-11-19,4181.053133333334,kampala
2016-11-20,7260.708772222223,kampala
2016-11-21,6427.057022222222,kampala
2016-11-22,6884.673222222223,kampala
2016-11-23,4146.7797527777775,kampala
2016-11-24,5851.219827777778,kampala
2016-11-25,4163.692183333334,kampala
2016-11-26,6357.62596388889,kampala
2016-11-27,1632.391913888889,kampala
2016-11-28,5751.275411111112,kampala
2016-11-29,5464.436086111112,kampala
2016-11-30,4460.527630555555,kampala
2016-12-01,4902.056616666667,kampala
2016-12-02,3574.3538555555556,kampala
2016-12-03,4916.053561111112,kampala
2016-12-04,6270.245880555556,kampala
2016-12-05,5771.827725,kampala
2016-12-06,6867.278219444444,kampala
2016-12-07,6164.860963888889,kampala
2016-12-08,3601.1047222222223,kampala
2016-12-09,5491.672563888889,kampala
2016-12-10,4433.200441666667,kampala
2016-12-11,4906.922641666667,kampala
2016-12-12,5275.219858333334,kampala
2016-12-13,4364.622488888889,kampala
2016-12-14,6244.928702777777,kampala
2016-12-15,5923.692050000001,kampala
2016-12-16,4794.436,kampala
2016-12-17,5775.406777777778,kampala
2016-12-18,5022.072361111112,kampala
2016-12-19,6672.652997222222,kampala
2016-12-20,6527.323916666667,kampala
2016-12-21,6499.140608333334,kampala
2016-12-22,6324.592497222223,kampala
2016-12-23,6898.452416666667,kampala
2016-12-24,6965.992361111112,kampala
2016-12-25,6124.5055555555555,kampala
2017-01-04,6299.311944444445,kampala
2017-01-05,7079.788888888889,kampala
2017-01-06,7134.6002777777785,kampala
2017-01-07,6469.835,kampala
2017-01-08,5763.334722222223,kampala
2017-01-09,5735.803333333333,kampala
2017-01-10,4878.930277777778,kampala
2017-01-11,5265.324444444444,kampala
2017-01-12,6734.159166666667,kampala
2017-01-13,6271.453055555556,kampala
2017-01-14,5393.829722222223,kampala
2017-01-15,5918.126666666667,kampala
2017-01-16,6575.226944444445,kampala
2017-01-17,6609.224444444445,kampala
2017-01-18,6446.7827777777775,kampala
2017-01-19,6442.330555555556,kampala
2017-01-20,5662.854444444445,kampala
2017-01-21,3079.7986111111113,kampala
2017-01-22,6700.157777777778,kampala
2017-01-23,4244.283888888889,kampala
2017-01-24,6647.520833333334,kampala
2017-01-25,6231.7011111111115,kampala
2017-01-26,4521.337777777778,kampala
2017-01-27,5528.17888888889,kampala
2017-01-28,3241.0600000000004,kampala
2017-01-29,4699.1218055555555,kampala
2017-01-30,2594.8933333333334,kampala
2017-01-31,4196.472944444445,kampala
2017-02-01,3464.636111111111,kampala
2017-02-02,5554.889166666667,kampala
2017-02-03,5881.296347222222,kampala
2017-02-04,3889.2147222222225,kampala
2017-02-05,6240.088055555556,kampala
2017-02-06,6806.149444444444,kampala
2017-02-07,5761.856111111111,kampala
2017-02-08,6537.484722222222,kampala
2017-02-09,6609.486666666667,kampala
2017-02-10,6400.641944444445,kampala
2017-02-11,5438.8533333333335,kampala
2017-02-12,7069.975555555556,kampala
2017-02-13,4725.383333333333,kampala
2017-02-14,3432.427777777778,kampala
2017-02-15,4267.929166666667,kampala
2017-02-16,6090.023666666667,kampala
2017-02-17,3496.1444222222226,kampala
2017-02-18,4376.358016666667,kampala
2017-02-19,5707.4777277777785,kampala
2017-02-20,6225.203322222223,kampala
2017-02-21,5351.187777777778,kampala
2017-02-22,3668.7330333333334,kampala
2017-02-23,4619.714722222223,kampala
2017-02-24,4753.037805555556,kampala
2017-02-25,5222.726633333334,kampala
2017-02-26,5913.396111111111,kampala
2017-02-27,5444.539141666667,kampala
2017-02-28,4896.169722222222,kampala
2017-03-01,4794.530969444445,kampala
2017-03-02,5878.26388888889,kampala
2017-03-03,5336.2013611111115,kampala
2017-03-04,6092.408888888889,kampala
2017-03-05,6598.424166666667,kampala
2017-03-06,6955.510194444445,kampala
2017-03-07,6772.415277777778,kampala
2017-03-08,4296.224444444445,kampala
2017-03-09,4071.9156972222227,kampala
2017-03-10,5712.971388888889,kampala
2017-03-11,4833.346388888889,kampala
2017-03-12,6976.100555555556,kampala
2017-03-13,7068.501388888889,kampala
2017-03-14,6621.150555555556,kampala
2017-03-15,4364.459166666667,kampala
2017-03-16,4156.644905555556,kampala
2017-03-17,5807.017777777778,kampala
2017-03-18,4684.3983333333335,kampala
2017-03-19,5588.230555555556,kampala
2017-03-20,6910.595680555556,kampala
2017-03-21,7289.986027777778,kampala
2017-03-22,5639.152916666667,kampala
2017-03-23,5741.858508333334,kampala
2017-03-24,6181.0262111111115,kampala
2017-03-25,5170.3697250000005,kampala
2017-03-26,5420.941111111111,kampala
2017-03-27,3842.3644444444444,kampala
2017-03-28,4489.216111111112,kampala
2017-03-29,6956.637072222223,kampala
2017-03-30,4420.616725,kampala
2017-03-31,7615.084894444444,kampala
2017-04-01,5963.4736111111115,kampala
2017-04-02,7088.021111111111,kampala
2017-04-03,5853.335083333333,kampala
2017-04-04,5802.372880555556,kampala
2017-04-05,7166.110297222223,kampala
2017-04-06,5932.448005555556,kampala
2017-04-08,6132.423938888889,kampala
2017-04-09,5710.816691666667,kampala
2017-04-10,3626.688388888889,kampala
2017-04-11,6356.606972222223,kampala
2017-04-12,3701.0339972222223,kampala
2017-04-13,5723.144666666667,kampala
2017-04-14,6229.4170277777785,kampala
2017-04-15,5291.023925,kampala
2017-04-16,3223.9738694444445,kampala
2017-04-17,3733.0155000000004,kampala
2017-04-18,5070.448997222223,kampala
2017-04-19,5309.837911111112,kampala
2017-04-20,5274.8116361111115,kampala
2017-04-21,6798.382772222222,kampala
2017-04-22,5346.549777777778,kampala
2017-04-23,3763.1102222222225,kampala
2017-04-24,6821.355805555556,kampala
2017-04-25,4875.520861111111,kampala
2017-04-26,4502.143608333334,kampala
2017-04-27,5141.669555555556,kampala
2017-04-28,6593.851472222223,kampala
2017-04-29,1246.1649472222223,kampala
2017-04-30,4073.1553611111112,kampala
2017-05-01,3505.775402777778,kampala
2017-05-02,2885.7090527777777,kampala
2017-05-03,4803.062405555555,kampala
2017-05-04,5890.050047222222,kampala
2017-05-05,3687.1686055555556,kampala
2017-05-06,840.8736111111111,kampala
2017-05-07,1165.1705833333335,kampala
2017-05-08,578.3507500000001,kampala
2017-05-09,1006.0847222222222,kampala
2017-05-10,60.91250000000001,kampala
2017-05-11,12.02027777777778,kampala
2017-05-18,4.237222222222222,kampala
2017-05-20,14.874444444444446,kampala
2017-05-21,28.493888888888886,kampala
2017-05-23,9.960555555555555,kampala
2017-05-26,17.03725,kampala
2017-05-30,15.65277777777778,kampala
2017-05-31,128.2277777777778,kampala
2017-06-01,1092.6875,kampala
2017-06-02,341.13722222222225,kampala
2017-06-03,530.1933333333334,kampala
2017-06-04,721.2833333333333,kampala
2017-06-05,1000.22,kampala
2017-06-06,686.8100000000001,kampala
2017-06-07,380.8841666666667,kampala
2017-06-12,171.94888888888892,kampala
2017-06-14,18.571916666666667,kampala
2017-06-16,2484.2527777777777,kampala
2017-06-17,3112.165277777778,kampala
2017-06-18,29.03049444444445,kampala
2017-06-19,49.89972222222222,kampala
2017-06-20,176.39750000000004,kampala
2017-06-21,6.048333333333334,kampala
2017-06-22,321.74363888888894,kampala
2017-06-24,134.1038888888889,kampala
2017-06-26,2.2894166666666664,kampala
2017-06-27,0.6964722222222223,kampala
2017-06-28,119.92777777777778,kampala
2017-06-29,871.7655555555556,kampala
2017-06-30,984.4916666666668,kampala
2017-07-01,707.7416666666667,kampala
2017-07-04,10.785555555555558,kampala
2017-07-05,1029.3891666666666,kampala
2017-07-06,172.3613888888889,kampala
2017-07-07,1133.0783333333334,kampala
2017-07-08,3725.9786111111116,kampala
2017-07-09,5987.273166666667,kampala
2017-07-10,5472.137777777778,kampala
2017-07-11,4603.535527777778,kampala
2017-07-12,3554.0173611111113,kampala
2017-07-13,4246.325186111111,kampala
2017-07-14,4636.459552777778,kampala
2017-07-15,3099.6894444444447,kampala
2017-07-16,5131.7785277777775,kampala
2017-07-17,4490.721361111111,kampala
2017-07-18,5429.900138888889,kampala
2017-07-19,4112.683472222222,kampala
2017-07-20,4325.729666666667,kampala
2017-07-21,4590.62,kampala
2017-07-22,5319.673538888889,kampala
2017-07-23,2524.1225944444445,kampala
2017-07-24,1636.5230555555556,kampala
2017-07-25,3267.278241666667,kampala
2017-07-26,4365.166666666667,kampala
2017-07-27,4555.736388888889,kampala
2017-07-28,4350.1975,kampala
2017-07-29,2983.426388888889,kampala
2017-07-30,4321.671944444444,kampala
2017-07-31,5516.264722222222,kampala
2017-08-01,2529.676388888889,kampala
2017-08-02,3633.5191666666665,kampala
2017-08-03,5976.720833333334,kampala
2017-08-04,3437.9069444444444,kampala
2017-08-05,4278.894166666667,kampala
2017-08-06,5408.1930555555555,kampala
2017-08-07,4145.684444444445,kampala
2017-08-08,3873.4847222222224,kampala
2017-08-09,5014.524722222222,kampala
2017-08-10,2698.628888888889,kampala
2017-08-11,3912.3225,kampala
2017-08-12,4001.6222222222227,kampala
2017-08-13,5425.301111111111,kampala
2017-08-14,4433.408333333334,kampala
2017-08-15,5105.544444444445,kampala
2017-08-16,3841.1033333333335,kampala
2017-08-17,5000.8853055555555,kampala
2017-08-18,3336.999166666667,kampala
2017-08-19,6212.633888888889,kampala
2017-08-20,6449.836111111112,kampala
2017-08-21,5323.670277777778,kampala
2017-08-22,4646.36638888889,kampala
2017-08-23,6021.748055555556,kampala
2017-08-24,4602.3474166666665,kampala
2017-08-25,2940.577222222222,kampala
2017-08-26,4770.4030555555555,kampala
2017-08-27,4733.837500000001,kampala
2017-08-28,2664.7325,kampala
2017-08-29,5418.538611111111,kampala
2017-08-30,3445.387577777778,kampala
2017-08-31,5277.216111111111,kampala
2017-09-01,2782.1790277777777,kampala
2017-09-02,4334.116091666667,kampala
2017-09-03,3020.7283333333335,kampala
2017-09-04,4305.2390138888895,kampala
2017-09-05,4569.127222222222,kampala
2017-09-06,4608.787755555556,kampala
2017-09-07,5626.733325,kampala
2017-09-08,4711.346694444444,kampala
2017-09-09,4225.225361111111,kampala
2017-09-10,3776.9730555555557,kampala
2017-09-11,5229.040277777778,kampala
2017-09-12,4162.729666666667,kampala
2017-09-13,3547.2591666666667,kampala
2017-09-14,3195.0869166666666,kampala
2017-09-15,5980.046861111111,kampala
2017-09-16,5129.515166666667,kampala
2017-09-17,4280.3165,kampala
2017-09-18,4173.3578333333335,kampala
2017-09-19,5228.630055555555,kampala
2017-09-20,4904.663583333334,kampala
2017-09-21,3676.4734333333336,kampala
2017-09-22,4235.2958,kampala
2017-09-23,5180.2075,kampala
2017-09-24,5308.776111111111,kampala
2017-09-25,5352.472547222223,kampala
2017-09-26,5682.759277777778,kampala
2017-09-27,4470.413691666667,kampala
2017-09-28,6893.867244444445,kampala
2017-09-29,3505.651777777778,kampala
2017-09-30,4560.805183333334,kampala
2017-10-01,5996.518944444445,kampala
2017-10-02,6046.895788888889,kampala
2017-10-03,3945.8742472222225,kampala
2017-10-04,5760.726411111112,kampala
2017-10-05,5745.1255527777785,kampala
2017-10-06,5860.7904638888895,kampala
2017-10-07,5840.1290944444445,kampala
2017-10-08,6460.574225,kampala
2017-10-09,3998.6098611111115,kampala
2017-10-10,4068.909616666667,kampala
2017-10-11,3110.1288027777778,kampala
2017-10-12,3693.1445972222223,kampala
2017-10-13,5063.349,kampala
2017-10-14,3449.034302777778,kampala
2017-10-15,3323.475136111111,kampala
2017-10-16,6278.356586111111,kampala
2017-10-17,4210.318908333334,kampala
2017-10-18,2770.582713888889,kampala
2017-10-19,3258.826069444445,kampala
2017-10-20,3606.9828277777783,kampala
2017-10-21,5579.629244444445,kampala
2017-10-22,5216.704925,kampala
2017-10-23,3700.0171055555556,kampala
2017-10-24,6015.678166666667,kampala
2017-10-25,3486.670402777778,kampala
2017-10-26,4869.300377777778,kampala
2017-10-27,4752.342152777778,kampala
2017-10-28,5764.539941666667,kampala
2017-10-29,5516.969883333333,kampala
2017-10-30,4346.236058333334,kampala
2017-10-31,4254.407016666667,kampala
2017-11-01,5692.8449,kampala
2017-11-02,5605.067255555556,kampala
2017-11-03,5538.185191666667,kampala
2017-11-04,3999.7135611111116,kampala
2017-11-05,3737.90025,kampala
2017-11-06,3378.0576916666664,kampala
2017-11-07,3315.329461111111,kampala
2017-11-08,3823.246327777778,kampala
2017-11-09,3650.8659111111115,kampala
2017-11-10,4934.582155555556,kampala
2017-11-11,5900.039905555556,kampala
2017-11-12,3470.5086111111113,kampala
2017-11-13,5290.548913888889,kampala
2017-11-14,4034.591136111111,kampala
2017-11-15,66.31329166666667,kampala
2017-11-19,6495.375427777778,kampala
2017-11-20,5508.5120916666665,kampala
2017-11-21,6454.986575,kampala
2017-11-22,4671.7913055555555,kampala
2017-11-23,4245.9828333333335,kampala
2017-11-24,1392.0162333333335,kampala
2017-11-25,5106.297583333334,kampala
2017-11-26,4296.946913888889,kampala
2017-11-27,4482.50251388889,kampala
2017-11-28,6530.4826555555555,kampala
2017-11-29,4568.056855555556,kampala
2017-11-30,4369.6196666666665,kampala
2017-12-01,5601.336802777778,kampala
2017-12-02,4972.698094444445,kampala
2017-12-03,4948.439319444445,kampala
2017-12-04,3550.9393333333333,kampala
2017-12-05,6386.372472222222,kampala
2017-12-06,2876.654805555556,kampala
2017-12-07,3643.392488888889,kampala
2017-12-08,4166.065611111111,kampala
2017-12-09,3232.6470555555557,kampala
2017-12-10,4980.979694444444,kampala
2017-12-11,5356.5687777777775,kampala
2017-12-12,6140.381444444444,kampala
2017-12-13,6561.416611111112,kampala
2017-12-14,4893.494147222223,kampala
2017-12-15,4160.0493611111115,kampala
2017-12-16,5153.988055555556,kampala
2017-12-17,4912.863333333334,kampala
2017-12-18,4014.8479166666666,kampala
2017-12-19,5814.8975,kampala
2017-12-20,5944.631111111111,kampala
2017-12-21,5849.822777777778,kampala
2017-12-22,6218.429444444445,kampala
2017-12-23,6077.457777777778,kampala
2017-12-24,5946.928055555556,kampala
2017-12-25,5366.440277777778,kampala
2017-12-26,6404.663333333334,kampala
2017-12-27,5882.445833333333,kampala
2017-12-28,5603.966111111112,kampala
2017-12-29,5383.613888888889,kampala
2017-12-30,2703.349722222222,kampala
2017-12-31,1486.7853055555556,kampala
2018-01-01,3395.912222222222,kampala
2018-01-02,3829.4205555555554,kampala
2018-01-03,5102.198055555556,kampala
2018-01-04,4491.311944444445,kampala
2018-01-05,5254.988333333334,kampala
2018-01-06,4968.303333333333,kampala
2018-01-07,5119.176666666667,kampala
2018-01-08,5936.873611111111,kampala
2018-01-09,5721.409722222223,kampala
2018-01-10,4902.189166666667,kampala
2018-01-11,4487.3975,kampala
2018-01-12,2225.582138888889,kampala
2018-01-13,3989.280277777778,kampala
2018-01-14,5384.406108333334,kampala
2018-01-15,5204.477777777778,kampala
2018-01-16,5279.178611111111,kampala
2018-01-17,6515.506111111112,kampala
2018-01-18,4742.639444444445,kampala
2018-01-19,5655.385,kampala
2018-01-20,3062.786111111111,kampala
2018-01-21,6197.76888888889,kampala
2018-01-22,5175.406111111111,kampala
2018-01-23,4478.455555555556,kampala
2018-01-24,2302.8058333333333,kampala
2018-01-25,1905.8341111111113,kampala
2018-01-26,2532.114722222222,kampala
2018-01-27,4840.648608333334,kampala
2018-01-28,5082.484722222222,kampala
2018-01-29,4475.179166666667,kampala
2018-01-30,5766.954444444445,kampala
2018-01-31,6388.659722222223,kampala
2018-02-01,5671.055,kampala
2018-02-02,4643.2172222222225,kampala
2018-02-03,6549.626111111112,kampala
2018-02-04,6339.594444444445,kampala
2018-02-05,6049.0586111111115,kampala
2018-02-06,4138.602777777778,kampala
2018-02-07,4634.5280555555555,kampala
2018-02-08,5382.024722222222,kampala
2018-02-09,1967.6116666666667,kampala
2018-02-10,4929.912222222222,kampala
2018-02-11,5961.339722222222,kampala
2018-02-12,4629.132305555556,kampala
2018-02-13,6081.476944444445,kampala
2018-02-14,4764.385833333334,kampala
2018-02-15,6713.064444444445,kampala
2018-02-16,6450.388333333333,kampala
2018-02-17,6045.886111111111,kampala
2018-02-18,4412.400833333333,kampala
2018-02-19,4032.6490444444444,kampala
2018-02-20,4378.265238888889,kampala
2018-02-21,3526.1355833333337,kampala
2018-02-22,5089.383611111111,kampala
2018-02-23,6040.648611111112,kampala
2018-02-24,4669.829322222222,kampala
2018-02-25,5409.428055555556,kampala
2018-02-26,4813.647805555556,kampala
2018-02-27,4873.674277777778,kampala
2018-02-28,4150.92,kampala
2018-03-01,3828.8340194444445,kampala
2018-03-02,2210.0629916666667,kampala
2018-03-03,3640.503527777778,kampala
2018-03-04,1165.7764055555556,kampala
2018-03-05,3931.34,kampala
2018-03-06,1253.0665527777778,kampala
2018-03-07,6617.620833333333,kampala
2018-03-08,7243.698433333334,kampala
2018-03-09,4726.5408333333335,kampala
2018-03-10,4609.420833333334,kampala
2018-03-11,5151.686111111111,kampala
2018-03-12,2440.557027777778,kampala
2018-03-13,2748.006388888889,kampala
2018-03-14,3837.1405555555557,kampala
2018-03-15,1076.9467222222222,kampala
2018-03-16,4441.291661111111,kampala
2018-03-17,5834.474166666667,kampala
2018-03-18,3273.7869444444445,kampala
2018-03-19,4421.842911111112,kampala
2018-03-20,4327.594369444444,kampala
2018-03-21,4502.167080555556,kampala
2018-03-22,6973.905277777778,kampala
2018-03-23,6591.736388888889,kampala
2018-03-24,5417.471388888889,kampala
2018-03-25,6360.762777777778,kampala
2018-03-26,5625.066388888889,kampala
2018-03-27,3774.843055555556,kampala
2018-03-28,4463.442430555556,kampala
2018-03-29,3740.0161111111115,kampala
2018-03-30,3326.8016666666667,kampala
2018-03-31,4621.837500000001,kampala
2018-04-01,3247.7458333333334,kampala
2018-04-02,3578.39,kampala
2018-04-03,3863.7416555555556,kampala
2018-04-04,3449.924702777778,kampala
2018-04-05,4960.6975,kampala
2018-04-06,2945.891111111111,kampala
2018-04-07,3531.4227777777783,kampala
2018-04-08,4659.503469444445,kampala
2018-04-09,3859.016111111111,kampala
2018-04-10,4437.382963888889,kampala
2018-04-11,2400.8661111111114,kampala
2018-04-12,5380.2175,kampala
2018-04-13,3899.7513888888893,kampala
2018-04-14,2152.3263194444444,kampala
2018-04-15,4285.889222222222,kampala
2018-04-16,1970.4325916666667,kampala
2018-04-17,4045.1922222222224,kampala
2018-04-18,3705.9397222222224,kampala
2018-04-19,3908.098888888889,kampala
2018-04-20,4063.985277777778,kampala
2018-04-21,5304.284305555556,kampala
2018-04-22,3316.5463055555556,kampala
2018-04-23,4214.846386111111,kampala
2018-04-24,2310.3305555555557,kampala
2018-04-25,5795.8272,kampala
2018-04-26,3890.79225,kampala
2018-04-27,5658.4422722222225,kampala
2018-04-28,5676.207136111111,kampala
2018-04-29,4096.143330555556,kampala
2018-04-30,7012.635277777777,kampala
2018-05-01,3717.3779555555557,kampala
2018-05-02,4369.933625000001,kampala
2018-05-03,5528.160861111111,kampala
2018-05-04,5259.412166666667,kampala
2018-05-05,2030.0956666666668,kampala
2018-05-06,4187.986036111111,kampala
2018-05-07,4762.594394444444,kampala
2018-05-08,4480.957222222222,kampala
2018-05-09,3799.692777777778,kampala
2018-05-10,1651.5236111111112,kampala
2018-05-15,4357.511944444444,kampala
2018-05-16,3779.4544444444446,kampala
2018-05-17,6035.501388888889,kampala
2018-05-18,3203.92,kampala
2018-05-19,3555.8280555555557,kampala
2018-05-20,3335.1327222222226,kampala
2018-05-21,4029.583611111111,kampala
2018-05-22,2137.4247222222225,kampala
2018-05-23,4903.106805555556,kampala
2018-05-24,5765.299444444445,kampala
2018-05-25,2479.8044444444445,kampala
2018-05-26,3178.84,kampala
2018-05-27,4102.677888888889,kampala
2018-05-28,6153.618055555556,kampala
2018-05-29,6380.514444444445,kampala
2018-05-30,5542.803055555556,kampala
2018-05-31,2105.8797222222224,kampala
2018-06-01,5704.8727777777785,kampala
2018-06-02,3918.4118888888893,kampala
2018-06-03,3980.6836111111115,kampala
2018-06-04,1318.0895694444446,kampala
2018-06-05,1849.5183333333334,kampala
2018-06-06,3071.193330555556,kampala
2018-06-07,3002.1063333333336,kampala
2018-06-08,4311.099444444444,kampala
2018-06-09,4417.508055555555,kampala
2018-06-10,5858.406666666667,kampala
2018-06-11,5541.933888888889,kampala
2018-06-13,4892.678888888889,kampala
2018-06-14,4961.2375,kampala
2018-06-15,5390.026111111111,kampala
2018-06-16,5892.2252777777785,kampala
2018-06-17,4935.589444444445,kampala
2018-06-18,4502.015833333334,kampala
2018-06-19,4776.078386111111,kampala
2018-06-20,2714.2338333333337,kampala
2018-06-21,4126.841666666667,kampala
2018-06-22,3116.601666666667,kampala
2018-06-23,3794.8608333333336,kampala
2018-06-24,4761.952222222222,kampala
2018-06-25,5499.533888888889,kampala
2018-06-26,2556.546388888889,kampala
2018-06-27,4190.089722222222,kampala
2018-06-28,4291.9575,kampala
2018-06-29,1468.456388888889,kampala
2020-10-09,5630.094666666667,kampala
2020-10-10,4005.5001666666667,kampala
2020-10-11,5099.438888888889,kampala
2020-10-12,2619.8133305555557,kampala
2020-10-13,3112.6822500000003,kampala
2020-10-14,4949.143611111112,kampala
2020-10-15,5327.821111111111,kampala
2020-10-16,3346.202777777778,kampala
2020-10-17,3097.8416666666667,kampala
2020-10-18,4039.229166666667,kampala
2020-10-19,3497.924444444445,kampala
2020-10-20,4966.4187694444445,kampala
2020-10-21,5871.947380555556,kampala
2020-10-22,2863.4569444444446,kampala
2020-10-23,3584.326027777778,kampala
2020-10-24,4964.431666666667,kampala
2020-10-25,5639.017761111111,kampala
2020-10-26,4225.905472222223,kampala
2020-10-27,3140.5397222222223,kampala
2020-10-28,2990.6025,kampala
2020-10-29,2927.3037777777777,kampala
2020-10-30,4021.4523222222224,kampala
2020-10-31,5329.663527777779,kampala
2020-11-01,5233.870277777778,kampala
2020-11-02,6858.978611111112,kampala
2020-11-03,6783.542347222223,kampala
2020-11-04,5895.025277777778,kampala
2020-11-05,5593.976388888889,kampala
2020-11-06,2951.9675972222226,kampala
2020-11-07,3338.379166666667,kampala
2020-11-08,5421.150816666667,kampala
2020-11-09,4443.634722222222,kampala
2020-11-10,4620.145,kampala
2020-11-11,3345.3616083333336,kampala
2020-11-12,4765.766111111112,kampala
2020-11-13,4719.3469444444445,kampala
2020-11-14,4005.157272222222,kampala
2020-11-15,4212.301388888889,kampala
2020-11-16,3587.7551861111115,kampala
2020-11-17,4540.929444444445,kampala
2020-11-18,2697.1632916666667,kampala
2020-11-19,3509.2069444444446,kampala
2020-11-20,3487.2125,kampala
2020-11-21,2925.6319722222224,kampala
2020-11-22,4210.5805,kampala
2020-11-23,5869.815833333333,kampala
2020-11-24,3790.046722222223,kampala
2020-11-25,2916.179375,kampala
2020-11-26,3700.3444444444444,kampala
2020-11-27,5235.340736111111,kampala
2020-11-28,4205.162194444444,kampala
2020-11-29,3344.0488055555556,kampala
2020-11-30,4166.708333333334,kampala
2020-12-01,5544.566388888889,kampala
2020-12-02,3276.8172222222224,kampala
2020-12-03,2914.842216666667,kampala
2020-12-04,913.7758055555556,kampala
2020-12-05,2976.356388888889,kampala
2020-12-06,3563.775027777778,kampala
2020-12-07,4621.070305555556,kampala
2020-12-08,5896.390833333334,kampala
2020-12-09,4445.073888888889,kampala
2020-12-10,3987.917944444445,kampala
2020-12-11,5510.51875,kampala
2020-12-12,4949.045277777778,kampala
2020-12-13,5046.004777777778,kampala
2020-12-14,6154.753388888889,kampala
2020-12-15,5831.569805555556,kampala
2020-12-16,6178.638055555556,kampala
2020-12-17,4982.8585555555555,kampala
2020-12-18,3578.0036666666665,kampala
2020-12-19,3402.4813888888893,kampala
2020-12-20,3020.9499305555555,kampala
2020-12-21,3264.5306111111113,kampala
2020-12-22,4224.853558333333,kampala
2020-12-23,4989.716091666667,kampala
2020-12-24,3901.1390833333335,kampala
2020-12-25,3797.000775,kampala
2020-12-26,4812.308666666667,kampala
2020-12-27,4714.813416666667,kampala
2020-12-28,6416.247333333334,kampala
2020-12-29,5986.385722222222,kampala
2020-12-30,5521.969527777778,kampala
2020-12-31,1863.448225,kampala
2021-01-01,1376.6948333333332,kampala
2021-01-02,4200.748547222222,kampala
2021-01-03,4560.381472222222,kampala
2021-01-04,4617.703777777778,kampala
2021-01-05,4640.829138888889,kampala
2021-01-06,5701.504425,kampala
2021-01-07,5942.740302777778,kampala
2021-01-08,6230.8171388888895,kampala
2021-01-09,2606.613888888889,kampala
2021-01-10,1103.2275000000002,kampala
2021-01-11,1378.470513888889,kampala
2021-01-12,2831.5186000000003,kampala
2021-01-13,3936.1404111111115,kampala
2021-01-14,3896.3257694444446,kampala
2021-01-15,3369.7753000000002,kampala
2021-01-16,2301.3763444444444,kampala
2021-01-17,3605.2965361111114,kampala
2021-01-18,2004.719413888889,kampala
2021-01-19,3624.6318305555556,kampala
2021-01-20,3337.693566666667,kampala
2021-01-21,4106.884352777778,kampala
2021-01-22,4172.887197222222,kampala
2021-01-23,1579.5332888888888,kampala
2021-01-28,6344.7813305555555,kampala
2021-01-29,4683.252608333333,kampala
2021-01-30,4474.717055555556,kampala
2021-01-31,4682.324288888889,kampala
2021-02-01,6338.042152777778,kampala
2021-02-02,6137.507102777778,kampala
2021-02-03,5162.050455555556,kampala
2021-02-04,5627.111361111111,kampala
2021-02-05,2785.770066666667,kampala
2021-02-06,5528.847144444445,kampala
2021-02-07,4789.3941138888895,kampala
2021-02-08,5638.212744444445,kampala
2021-02-09,4858.435719444445,kampala
2021-02-10,3295.19815,kampala
2021-02-11,2111.151927777778,kampala
2021-02-12,2875.0031416666666,kampala
2021-02-13,1910.8955,kampala
2021-02-14,5495.231355555556,kampala
2021-02-15,6225.0371583333335,kampala
2021-02-16,4798.031888888889,kampala
2021-02-17,6595.859402777778,kampala
2021-02-18,3677.4509083333332,kampala
2021-02-19,4721.738305555556,kampala
2021-02-20,5493.279969444445,kampala
2021-02-21,5647.627713888889,kampala
2021-02-22,1880.634438888889,kampala
2021-03-03,4470.584141666667,kampala
2021-03-04,4894.010472222222,kampala
2021-03-05,4825.850388888889,kampala
2021-03-06,6200.012716666667,kampala
2021-03-07,7164.946663888889,kampala
2021-03-08,3524.5631583333334,kampala
2021-03-09,5061.874566666667,kampala
2021-03-10,6670.426619444445,kampala
2021-03-11,7192.476005555556,kampala
2021-03-12,6969.142611111111,kampala
2021-03-13,6332.2765,kampala
2021-03-14,6191.473772222223,kampala
2021-03-15,4935.300211111112,kampala
2021-03-16,3903.209477777778,kampala
2021-03-17,4015.50705,kampala
2021-03-18,5854.240483333333,kampala
2021-03-19,3780.628511111111,kampala
2021-03-20,5932.3063833333335,kampala
2021-03-21,3372.300755555556,kampala
2021-03-22,2801.4518138888893,kampala
2021-03-23,1918.9291888888888,kampala
2021-03-24,1710.3093055555557,kampala
2021-04-30,4566.845783333333,kampala
2021-05-01,4902.090166666667,kampala
2021-05-02,4330.671905555556,kampala
2021-05-03,2302.423777777778,kampala
2021-05-04,5208.878416666666,kampala
2021-05-05,3081.927611111111,kampala
2021-05-06,4731.314597222223,kampala
2021-05-07,2942.7194444444444,kampala
2021-05-08,2338.906916666667,kampala
2021-05-09,1195.7529166666668,kampala
2021-05-10,2711.949722222222,kampala
2021-05-11,4459.816111111111,kampala
2021-05-12,5066.619805555556,kampala
2021-05-13,4164.325472222223,kampala
2021-05-14,3458.829888888889,kampala
2021-05-15,4417.537222222222,kampala
2021-05-16,4267.096941666667,kampala
2021-05-17,3567.661611111111,kampala
2021-05-18,5111.9980000000005,kampala
2021-05-19,5843.308666666667,kampala
2021-05-20,3600.233527777778,kampala
2021-05-21,3368.3228888888893,kampala
2021-05-22,4810.798972222223,kampala
2021-05-23,3823.1635277777777,kampala
2021-05-24,5951.816055555556,kampala
2021-05-25,4511.871138888889,kampala
2021-05-26,5729.0825,kampala
2021-05-27,4810.980666666666,kampala
2021-05-28,3841.819444444445,kampala
2021-05-29,2736.986527777778,kampala
2021-05-30,5776.897583333333,kampala
2021-05-31,5336.820444444445,kampala
2021-06-01,5110.108361111112,kampala
2021-06-02,3554.5503333333336,kampala
2021-06-03,4199.894583333334,kampala
2021-06-04,3863.730444444445,kampala
2021-06-05,3086.16825,kampala
2021-06-06,5245.211708333334,kampala
2021-06-07,5677.140611111112,kampala
2021-06-08,6345.322358333334,kampala
2021-06-09,6251.286805555556,kampala
2021-06-10,5845.035138888889,kampala
2021-06-11,5247.225516666666,kampala
2021-06-12,6102.917444444445,kampala
2021-06-13,5739.571222222223,kampala
2021-06-14,3217.408694444445,kampala
2021-06-15,3834.3126666666667,kampala
2021-06-16,4125.414694444445,kampala
2021-06-17,2564.7206111111113,kampala
2021-06-18,3622.9253055555555,kampala
2021-06-19,5272.7589333333335,kampala
2021-06-20,5612.318972222222,kampala
2021-06-21,5666.329138888889,kampala
2021-06-22,5470.5553,kampala
2021-06-23,6167.922188888889,kampala
2021-06-24,4261.953494444445,kampala
2021-06-25,4509.074775,kampala
2021-06-26,6159.829166666666,kampala
2021-06-27,4004.2286583333334,kampala
2021-06-28,5181.389477777778,kampala
2021-06-29,3147.2201222222225,kampala
2021-06-30,5042.680488888889,kampala
2021-07-01,3849.0359944444444,kampala
2021-07-02,4830.460469444444,kampala
2021-07-03,5005.241008333333,kampala
2021-07-04,5380.992169444445,kampala
2021-07-05,3994.004852777778,kampala
2021-07-06,4540.125411111111,kampala
2021-07-07,1614.617061111111,kampala
2021-07-08,4143.708608333333,kampala
2021-07-09,4024.697752777778,kampala
2021-07-10,3343.8188250000003,kampala
2021-07-11,2972.6171833333333,kampala
2021-07-12,2875.3474083333335,kampala
2021-07-13,4404.008319444445,kampala
2021-07-14,4699.9621777777775,kampala
2021-07-15,3307.0840500000004,kampala
2021-07-16,6199.564358333333,kampala
2021-07-17,5049.11663888889,kampala
2021-07-18,6011.804936111112,kampala
2021-07-19,3870.242672222222,kampala
2021-07-20,5314.551561111111,kampala
2021-07-21,5947.43545,kampala
2021-07-22,6184.348780555556,kampala
2021-07-23,4859.7527,kampala
2021-07-24,6012.176019444445,kampala
2021-07-25,5039.045458333333,kampala
2021-07-26,4517.911591666667,kampala
2021-07-27,4573.0571361111115,kampala
2021-07-28,3276.169044444445,kampala
2021-07-29,4782.154211111111,kampala
2021-07-30,5756.629352777778,kampala
2021-07-31,5485.057119444445,kampala
2021-08-01,2227.869722222222,kampala
2021-08-02,5865.428216666667,kampala
2021-08-03,5195.843755555556,kampala
2021-08-04,4573.006775,kampala
2021-08-05,926.7980166666666,kampala
2021-08-28,5744.787805555556,kampala
2021-08-29,5560.034916666667,kampala
2021-08-30,5140.9025,kampala
2021-08-31,5190.1866666666665,kampala
2021-09-01,3971.304055555556,kampala
2021-09-02,4428.300583333334,kampala
2021-09-03,2144.695888888889,kampala
2021-09-04,3581.75075,kampala
2021-09-05,4846.038055555556,kampala
2021-09-06,5237.486555555556,kampala
2021-09-07,4896.961116666667,kampala
2021-09-08,5118.515333333334,kampala
2021-09-09,4908.337222222222,kampala
2021-09-10,5008.606222222223,kampala
2021-09-11,5216.263580555556,kampala
2021-09-12,5593.5003611111115,kampala
2021-09-13,4504.892222222223,kampala
2021-09-14,4499.872083333334,kampala
2021-09-15,5379.271944444445,kampala
2021-09-16,3934.2744444444447,kampala
2021-09-17,4481.954722222223,kampala
2021-09-18,1427.3427416666668,kampala
2021-09-19,4700.03,kampala
2021-09-20,5178.521861111111,kampala
2021-09-21,4270.6925,kampala
2021-09-22,5293.281083333333,kampala
2021-09-23,6292.241111111111,kampala
2021-09-24,5101.227750000001,kampala
2021-09-25,3941.4921388888893,kampala
2021-09-26,5712.9111111111115,kampala
2021-09-27,5742.5713888888895,kampala
2021-09-28,3884.659722222222,kampala
2021-09-29,6038.297222222222,kampala
2021-09-30,3407.521813888889,kampala
2021-10-01,2080.366388888889,kampala
2021-10-02,4648.634166666667,kampala
2021-10-03,5233.145669444444,kampala
2021-10-04,5686.523886111111,kampala
2021-10-05,2433.6963611111114,kampala
2021-10-06,5602.571277777778,kampala
2021-10-07,4790.316944444445,kampala
2021-10-08,5615.2300000000005,kampala
2021-10-09,3886.363888888889,kampala
2021-10-10,6152.413888888889,kampala
2021-10-11,2864.293886111111,kampala
2021-10-12,3345.095277777778,kampala
2021-10-13,5024.845555555556,kampala
2021-10-14,6219.539444444445,kampala
2021-10-15,5856.631944444445,kampala
2021-10-16,3200.998052777778,kampala
2021-10-17,3351.934166666667,kampala
2021-10-18,4533.556388888889,kampala
2021-10-19,4122.653138888889,kampala
2021-10-20,3782.838138888889,kampala
2021-10-21,2621.855861111111,kampala
2021-10-22,4396.735833333334,kampala
2021-10-23,5316.482222222222,kampala
2021-10-24,7225.980555555556,kampala
2021-10-25,4689.941266666667,kampala
2021-10-26,5873.525555555556,kampala
2021-10-27,3471.3794444444447,kampala
2021-10-28,4966.559444444445,kampala
2021-10-29,4622.534722222222,kampala
2021-10-30,5683.083888888889,kampala
2021-10-31,5417.397216666666,kampala
2021-11-01,3155.5325,kampala
2021-11-02,2224.6957500000003,kampala
2021-11-03,2987.0158333333334,kampala
2021-11-04,4872.47,kampala
2021-11-05,501.9663888888889,kampala
2021-11-06,3581.9977777777776,kampala
2021-11-07,3618.633888888889,kampala
2021-11-08,4882.923611111111,kampala
2021-11-09,5558.129722222223,kampala
2021-11-10,6167.95138888889,kampala
2021-11-11,5294.271388888889,kampala
2021-11-12,3115.349777777778,kampala
2021-11-13,6402.599444444445,kampala
2021-11-14,6378.055833333334,kampala
2021-11-15,4214.402397222222,kampala
2021-11-16,5540.056869444445,kampala
2021-11-17,3095.940555555556,kampala
2021-11-19,4419.661388888889,kampala
2021-11-20,3700.058333333334,kampala
2021-11-21,4092.0241305555555,kampala
2021-11-22,3738.721355555556,kampala
2021-11-23,6220.663333333334,kampala
2021-11-24,4170.110972222223,kampala
2021-11-25,5112.0586111111115,kampala
2021-11-26,3243.971122222222,kampala
2021-11-27,5656.134244444445,kampala
2021-11-28,3335.9894444444444,kampala
2021-11-29,3904.685797222222,kampala
2021-11-30,4382.967213888889,kampala
2021-12-01,4066.7772222222225,kampala
2021-12-02,5771.609166666667,kampala
2021-12-03,3947.2632861111115,kampala
2021-12-04,3290.020816666667,kampala
2021-12-05,4596.061588888889,kampala
2021-12-06,5796.2861111111115,kampala
2021-12-07,4903.580555555556,kampala
2021-12-08,4738.349444444445,kampala
2021-12-09,3544.3114444444445,kampala
2021-12-10,4432.8697555555555,kampala
2021-12-11,5827.1175,kampala
2021-12-12,6946.267222222223,kampala
2021-12-13,5897.505,kampala
2021-12-14,2450.4011111111113,kampala
2021-12-15,3284.2385,kampala
2021-12-16,5861.420611111112,kampala
2021-12-17,5305.289888888889,kampala
2021-12-18,5332.6038055555555,kampala
2021-12-19,2103.475713888889,kampala
2021-12-20,4924.225555555556,kampala
2021-12-21,4856.217888888889,kampala
2021-12-22,4757.048611111111,kampala
2021-12-23,4141.067,kampala
2021-12-24,3057.269138888889,kampala
2021-12-25,3179.6644,kampala
2021-12-26,3226.111225,kampala
2021-12-27,3989.579638888889,kampala
2021-12-28,3761.659888888889,kampala
2021-12-29,4847.84825,kampala
2021-12-30,3180.977027777778,kampala
2021-12-31,3139.963902777778,kampala
2022-01-01,4437.031919444445,kampala
2022-01-02,5613.758086111111,kampala
2022-01-03,3794.484425,kampala
2022-01-04,4418.7230361111115,kampala
2022-01-05,5732.981613888889,kampala
2022-01-06,5563.063769444445,kampala
2022-01-07,4239.809397222222,kampala
2022-01-08,6196.8955000000005,kampala
2022-01-09,4440.086425,kampala
2022-01-10,6496.401136111112,kampala
2022-01-11,6236.465458333333,kampala
2022-01-12,6539.530983333334,kampala
2022-01-13,5833.812102777778,kampala
2022-01-14,4220.476647222223,kampala
2022-01-15,1686.8370555555557,kampala
2022-01-16,5003.203216666667,kampala
2022-01-17,1684.3860861111111,kampala
2022-01-18,2874.0552361111113,kampala
2022-01-19,4901.083861111111,kampala
2022-01-20,5454.627183333334,kampala
2022-01-21,5009.117213888889,kampala
2022-01-22,3401.620238888889,kampala
2022-01-23,4478.9210555555555,kampala
2022-01-24,4442.666072222222,kampala
2022-01-25,6017.764380555556,kampala
2022-01-26,5120.175922222223,kampala
2022-01-27,6662.899430555556,kampala
2022-01-28,5381.380916666667,kampala
2022-01-29,6229.119250000001,kampala
2022-01-30,3525.7451111111113,kampala
2022-01-31,1685.0845472222222,kampala
2022-02-01,2714.492563888889,kampala
2022-02-02,1698.3843805555557,kampala
2022-02-03,5157.8309944444445,kampala
2022-02-04,5107.004277777778,kampala
2022-02-05,1560.447111111111,kampala
2022-02-06,5272.147052777778,kampala
2022-02-07,2128.609088888889,kampala
2022-02-08,4162.047955555556,kampala
2022-02-09,2176.0530750000003,kampala
2022-02-10,4429.9831722222225,kampala
2022-02-11,3955.196280555556,kampala
2022-02-12,6174.189141666667,kampala
2022-02-13,4916.421,kampala
2022-02-14,4139.428275,kampala
2022-02-15,3342.178611111111,kampala
2022-02-16,5458.070244444445,kampala
2022-02-17,4211.470416666667,kampala
2022-02-18,4528.695277777778,kampala
2022-02-19,4826.2612500000005,kampala
2022-02-20,3050.012666666667,kampala
2022-02-21,4542.9781555555555,kampala
2022-02-22,5180.207025000001,kampala
2022-02-23,5272.774372222222,kampala
2022-02-24,3340.0109444444447,kampala
2022-02-25,2606.047936111111,kampala
2022-02-26,6562.403658333334,kampala
2022-02-27,6740.459027777778,kampala
2022-02-28,3877.713777777778,kampala
2022-03-01,5732.339816666667,kampala
2022-03-02,5782.750861111112,kampala
2022-03-03,6413.592763888889,kampala
2022-03-04,6306.92775,kampala
2022-03-06,5934.664252777778,kampala
2022-03-07,3682.3409472222224,kampala
2022-03-08,5338.298727777778,kampala
2022-03-09,3196.8781333333336,kampala
2022-03-10,5168.111577777778,kampala
2022-03-11,6825.010861111112,kampala
2022-03-12,5935.154305555556,kampala
2022-03-13,5998.594905555556,kampala
2022-03-14,5103.470933333333,kampala
2022-03-15,4429.6859583333335,kampala
2022-03-16,5154.620161111112,kampala
2022-03-17,2910.8233194444447,kampala
2022-03-18,5342.1388611111115,kampala
2022-03-19,5970.823766666667,kampala
2022-03-20,5681.879880555556,kampala
2022-03-21,3544.3539444444446,kampala
2022-03-22,3849.1695611111113,kampala
2022-03-23,5062.0120611111115,kampala
2022-03-24,5544.163555555556,kampala
2022-03-26,5572.753052777778,kampala
2022-03-27,5061.886527777779,kampala
2022-03-28,5005.8959888888885,kampala
2022-03-29,2521.19545,kampala
2022-03-30,2271.1144194444446,kampala
2022-04-01,111.75138888888888,kampala
2022-04-02,3969.273877777778,kampala
2022-04-03,6821.822580555556,kampala
2022-04-04,5036.806441666667,kampala
2022-04-05,4894.638663888889,kampala
2022-04-06,6497.878500000001,kampala
2022-04-07,4699.179719444444,kampala
2022-04-08,6170.393272222223,kampala
2022-04-09,6027.596055555556,kampala
2022-04-10,7007.3997500000005,kampala
2022-04-11,6858.526605555557,kampala
2022-04-12,4941.501966666667,kampala
2022-04-13,3319.473277777778,kampala
2022-04-14,3927.6921666666667,kampala
2022-04-15,3528.2014055555555,kampala
2022-04-16,2417.1324722222225,kampala
2022-04-17,4036.3453333333337,kampala
2022-04-18,4850.526250000001,kampala
2022-04-19,6154.653611111112,kampala
2022-04-20,4356.238991666667,kampala
2022-04-21,3343.0873583333337,kampala
2022-04-22,5623.160388888889,kampala
2022-04-23,4818.332305555556,kampala
2022-04-24,3477.7846361111115,kampala
2022-04-25,2204.3059166666667,kampala
2022-04-26,3399.5555833333337,kampala
2022-04-27,5414.392222222223,kampala
2022-04-28,4189.186822222223,kampala
2022-04-29,3253.034091666667,kampala
2022-04-30,5852.442069444444,kampala
2022-05-01,6196.543166666666,kampala
2022-05-02,5258.600555555556,kampala
2022-05-03,6474.223583333333,kampala
2022-05-04,4180.81825,kampala
2022-05-05,6468.757775,kampala
2022-05-06,5225.025277777778,kampala
2022-05-07,3517.1274944444444,kampala
2022-05-08,3443.6408611111115,kampala
2022-05-09,3472.0196222222226,kampala
2022-05-10,6599.843552777778,kampala
2022-05-11,4635.386111111111,kampala
2022-05-12,4894.076083333333,kampala
2022-05-13,5096.879444444445,kampala
2022-05-14,5946.932638888889,kampala
2022-05-15,4128.090269444445,kampala
2022-05-16,4696.878330555556,kampala
2022-05-17,3327.303694444445,kampala
2022-05-18,3699.385,kampala
2022-05-19,3886.327777777778,kampala
2022-05-20,5951.435277777778,kampala
2022-05-21,5418.7252777777785,kampala
2022-05-22,3970.989333333334,kampala
2022-05-23,5509.575833333333,kampala
2022-05-24,4299.2115277777775,kampala
2022-05-25,1743.8615277777778,kampala
2022-05-26,3715.804991666667,kampala
2022-05-27,3167.619305555556,kampala
2022-05-28,3903.94475,kampala
2022-05-29,4419.353388888889,kampala
2022-05-30,3432.054194444445,kampala
2022-05-31,5698.140888888889,kampala
2022-06-01,4659.917027777778,kampala
2022-06-02,4695.8152222222225,kampala
2022-06-03,5184.917769444444,kampala
2022-06-04,6395.507830555555,kampala
2022-06-05,5198.896666666667,kampala
2022-06-06,4585.329333333334,kampala
2022-06-07,3694.145916666667,kampala
2022-06-08,4012.9972222222223,kampala
2022-06-09,4612.636108333334,kampala
2022-06-10,4037.578319444445,kampala
2022-06-11,5569.5533000000005,kampala
2022-06-12,3665.807633333334,kampala
2022-06-13,5413.512083333333,kampala
2022-06-14,2890.75875,kampala
2022-06-28,5663.263311111112,kampala
2022-06-29,5164.806641666667,kampala
2022-06-30,6066.378888888889,kampala
2022-07-01,5077.937236111112,kampala
2022-07-02,3426.8235944444446,kampala
2022-07-03,6050.719991666667,kampala
2022-07-04,5922.429430555556,kampala
2022-07-05,4420.338869444445,kampala
2022-07-06,1726.3760944444446,kampala
2022-07-07,5596.8952500000005,kampala
2022-07-08,2965.995277777778,kampala
2022-07-09,5737.206111111112,kampala
2022-07-10,4006.561111111111,kampala
2022-07-11,2228.185572222222,kampala
2022-07-12,1210.2522222222224,kampala
2022-07-13,327.7526944444445,kampala
2022-07-15,4.985555555555556,kampala
2022-07-16,1814.7672222222222,kampala
2022-07-17,2583.435988888889,kampala
2022-07-18,885.2846944444444,kampala
2022-07-19,7268.245513888889,kampala
2022-07-20,8757.856044444445,kampala
2022-07-21,1915.1005555555557,kampala
2022-07-22,2256.8461111111114,kampala
2022-07-23,8062.643333333333,kampala
2022-07-24,7331.929722222222,kampala
2022-07-25,8149.838055555556,kampala
2022-07-26,7815.164305555556,kampala
2022-07-27,5135.6425,kampala
2022-07-28,6247.902777777778,kampala
2022-07-29,4246.039433333333,kampala
2022-07-30,9294.223333333333,kampala
2022-07-31,7773.00638888889,kampala
2022-08-01,2859.5850555555558,kampala
2022-08-02,9201.16111111111,kampala
2022-08-03,2421.1619444444445,kampala
2022-08-05,71.86711111111111,kampala
2022-08-06,188.07500000000002,kampala
2022-08-07,77.21016666666668,kampala
2022-08-08,513.888675,kampala
2022-08-10,0.62815,kampala
2022-08-11,2025.177777777778,kampala
2022-08-12,3342.363055555556,kampala
2022-08-13,0.2332638888888889,kampala
2022-08-14,966.3301111111111,kampala
2022-08-15,0.5798611111111112,kampala
2022-08-16,1.258138888888889,kampala
2022-08-18,3942.5880500000003,kampala
2022-08-19,5491.099333333334,kampala
2022-08-20,5013.051555555556,kampala
2022-08-21,1925.0524444444445,kampala
2022-08-22,5676.895277777779,kampala
2022-08-23,3673.0468972222225,kampala
2022-08-24,6353.638319444445,kampala
2022-08-25,5857.957152777778,kampala
2022-08-26,5046.122166666667,kampala
2022-08-27,3001.0038555555557,kampala
2022-08-28,3389.2952416666667,kampala
2022-08-29,4484.1632500000005,kampala
2022-08-30,2916.309166666667,kampala
2022-08-31,5002.28475,kampala
2022-09-01,2479.5019444444447,kampala
2022-09-02,4431.559722222222,kampala
2022-09-03,2368.815,kampala
2022-09-04,4301.328333333334,kampala
2022-09-05,5137.678083333333,kampala
2022-09-06,4387.920277777778,kampala
2022-09-07,2743.292805555556,kampala
2022-09-08,4003.036111111111,kampala
2022-09-09,3467.2903055555557,kampala
2022-09-10,4163.213055555556,kampala
2022-09-11,3930.827777777778,kampala
2022-09-12,3319.3791666666666,kampala
2022-09-13,3281.328336111111,kampala
2022-09-14,2405.6716666666666,kampala
2022-09-15,3848.1283333333336,kampala
2022-09-16,4475.705,kampala
2022-09-17,3913.003638888889,kampala
2022-09-18,5279.061361111111,kampala
2022-09-19,4764.337777777778,kampala
2022-09-20,6175.250555555555,kampala
2022-09-21,5998.072194444445,kampala
2022-09-22,5177.322769444445,kampala
2022-09-23,3343.7781944444446,kampala
2022-09-24,3760.421388888889,kampala
2022-09-25,2223.59,kampala
2022-09-26,6370.714722222223,kampala
2022-09-27,6282.166111111112,kampala
2022-09-28,4285.756944444444,kampala
2022-09-29,5220.99725,kampala
2022-09-30,3955.265,kampala
2022-10-01,4561.346611111111,kampala
2022-10-02,5274.250583333333,kampala
2022-10-03,3698.3804722222226,kampala
2022-10-04,5478.132741666666,kampala
2022-10-05,1221.1936111111113,kampala
2022-10-06,4524.870027777778,kampala
2022-10-07,4135.935833333334,kampala
2022-10-08,2519.5183333333334,kampala
2022-10-09,4019.1653055555557,kampala
2022-10-10,6030.804444444445,kampala
2022-10-11,3442.3094444444446,kampala
2022-10-12,4851.337750000001,kampala
2022-10-13,4738.531111111111,kampala
2022-10-14,2778.706388888889,kampala
2022-10-15,5901.636683333334,kampala
2022-10-16,3905.4246944444444,kampala
2022-10-17,2454.9750555555556,kampala
2022-10-18,3039.815222222222,kampala
2022-10-19,3608.5502777777783,kampala
2022-10-20,5046.785,kampala
2022-10-21,4435.8633805555555,kampala
2022-10-22,3730.9105,kampala
2022-10-23,5370.856944444445,kampala
2022-10-24,6033.5297222222225,kampala
2022-10-25,6669.405555555556,kampala
2022-10-26,5403.486944444445,kampala
2022-10-27,3669.046638888889,kampala
2022-10-28,4485.261975,kampala
2022-10-29,3319.7200000000003,kampala
2022-10-30,4212.115916666667,kampala
2022-10-31,5621.614166666667,kampala
2022-11-01,4927.279380555556,kampala
2022-11-02,3315.7055555555557,kampala
2022-11-03,2101.1375,kampala
2022-11-04,2542.841388888889,kampala
2022-11-05,4792.4103444444445,kampala
2022-11-06,4239.011327777778,kampala
2022-11-07,3822.8939444444445,kampala
2022-11-08,4220.676944444444,kampala
2022-11-09,3777.6294444444447,kampala
2022-11-10,3740.379694444445,kampala
2022-11-11,3742.659361111111,kampala
2022-11-12,3095.1448055555556,kampala
2022-11-13,2806.2927638888887,kampala
2022-11-14,3226.655277777778,kampala
2022-11-15,3674.9655555555555,kampala
2022-11-16,3378.4721972222223,kampala
2022-11-17,2429.6619444444445,kampala
2022-11-18,2787.2633611111114,kampala
2022-11-19,5463.169972222223,kampala
2022-11-20,1632.2579166666667,kampala
2022-11-21,5250.373888888889,kampala
2022-11-22,2369.934941666667,kampala
2022-11-23,2726.1844444444446,kampala
2022-11-24,3524.231138888889,kampala
2022-11-25,4143.9177500000005,kampala
2022-11-26,4172.556663888889,kampala
2022-11-27,2084.270638888889,kampala
2022-11-28,2412.4658611111113,kampala
2022-11-29,2924.7100277777777,kampala
2022-11-30,4583.003361111111,kampala
2022-12-01,3177.9930555555557,kampala
2022-12-02,5724.625000000001,kampala
2022-12-03,5872.232777777778,kampala
2022-12-04,4809.819444444444,kampala
2022-12-05,4252.289866666667,kampala
2022-12-06,3461.996863888889,kampala
2022-12-07,2926.263,kampala
2022-12-08,3621.579777777778,kampala
2022-12-09,3466.825191666667,kampala
2022-12-10,5543.092255555556,kampala
2022-12-11,3907.531944444445,kampala
2022-12-12,3178.1670555555556,kampala
2022-12-13,3238.741391666667,kampala
2022-12-14,4804.155280555556,kampala
2022-12-15,4290.412722222222,kampala
2022-12-16,3788.420416666667,kampala
2022-12-17,4597.606694444445,kampala
2022-12-18,4572.933277777778,kampala
2022-12-19,2176.481138888889,kampala
2022-12-20,3658.0222500000004,kampala
2022-12-21,4265.638888888889,kampala
2022-12-22,3059.589138888889,kampala
2022-12-23,2561.481388888889,kampala
2022-12-24,1864.0255583333335,kampala
2022-12-25,3544.687777777778,kampala
2022-12-26,3556.994166666667,kampala
2022-12-27,3044.291863888889,kampala
2022-12-28,3687.9472222222225,kampala
2022-12-29,4294.453891666667,kampala
2022-12-30,4379.250666666667,kampala
2022-12-31,3922.1403611111114,kampala
2023-01-01,6001.097111111111,kampala
2023-01-02,6186.592638888889,kampala
2023-01-03,4217.476602777778,kampala
2023-01-04,5525.897638888889,kampala
2023-01-05,6055.3281916666665,kampala
2023-01-06,6220.932111111111,kampala
2023-01-07,6121.189361111112,kampala
2023-01-08,4826.5191,kampala
2023-01-09,3148.6176722222226,kampala
2023-01-10,3972.8109916666667,kampala
2023-01-11,3454.2472194444445,kampala
2023-01-12,3959.5697194444447,kampala
2023-01-13,3663.8733305555556,kampala
2023-01-14,3222.140266666667,kampala
2023-01-15,4441.009994444445,kampala
2023-01-16,3046.8683250000004,kampala
2023-01-17,3953.488302777778,kampala
2023-01-18,4311.666627777778,kampala
2023-01-19,5912.683797222223,kampala
2023-01-20,3821.2658166666665,kampala
2023-01-21,6053.848288888889,kampala
2023-01-22,4082.168872222222,kampala
2023-02-01,239.7305472222222,kampala
